"gene","logFC_cellbender","FDR_cellbender","logFC_cellranger","FDR_cellranger","concordant_DE"
"CPM",-1.26756609239132,6.98892659594301e-17,-2.10769816686312,1.1206625011401e-17,TRUE
"MAP1B",-0.678690113347861,1.72251516598493e-14,-1.29531573255049,5.30767421656783e-14,TRUE
"CDC42EP4",-1.53329106425965,2.88000559620892e-14,-1.73827401574773,4.67841049958499e-14,TRUE
"AP002518.2",-1.29234460516936,2.99930942306274e-14,-1.91448011086541,4.67841049958499e-14,TRUE
"ZBTB16",-1.06858868241449,8.61761967871242e-14,-1.61986425987848,1.85528853669592e-15,TRUE
"SLC39A11",-1.0573835672812,1.3230263947424e-13,-1.52147196246344,2.31199287814661e-13,TRUE
"MDM2",-0.936369201984144,2.52727889415119e-13,-1.19437515316802,4.67841049958499e-14,TRUE
"ADAMTS9",-1.47761113029174,3.61637897981768e-13,-2.61302321236098,2.6596793382597e-12,TRUE
"BMX",-1.35303169968252,2.22552126711359e-12,-1.64390963292752,4.62898901684291e-12,TRUE
"ITIH5",1.43458684377414,2.49566418547808e-12,1.8282253454107,3.63165488353459e-12,TRUE
"RGL3",-1.60565680716184,2.49566418547808e-12,-2.18511640422101,2.53022995227203e-12,TRUE
"SYN3",-0.940759871472556,3.21090110721897e-12,-1.65816522810034,1.85517369366285e-13,TRUE
"TIMP3",-0.741303650091714,3.21090110721897e-12,-1.31958182237028,6.12024402651152e-13,TRUE
"LINC01619",-1.49895667019553,3.38565916646622e-12,-2.05472321953618,4.910240154026e-13,TRUE
"HIPK2",-0.813338296951478,5.20496553482895e-12,-1.53298823338288,3.45378329143996e-11,TRUE
"AL713852.1",-1.78317372660619,7.79826286171471e-12,-1.834927107783,3.20796735412645e-11,TRUE
"NNMT",-1.60574718398197,1.71221521658145e-11,-1.7779505961623,1.26474432850487e-10,TRUE
"GGT5",-1.24143817804637,2.17149378740177e-11,-1.51049376783703,4.54362880065596e-11,TRUE
"ADAMTS9-AS2",0.879723165603843,2.49193851782939e-11,1.59258757812765,2.82926342991757e-11,TRUE
"BCL6",-1.18424909303764,2.56702832849515e-11,-1.4608483711433,2.85999351230955e-10,TRUE
"STARD4-AS1",1.64959947817192,2.56702832849515e-11,1.72215738028034,1.71154605307519e-11,TRUE
"LAMB1",-1.35831239326263,2.56702832849515e-11,-1.65553069698525,3.32832713240477e-11,TRUE
"CACNA1H",-1.37468025069208,2.56702832849515e-11,-1.46023970588649,2.446054449324e-11,TRUE
"ACE2",-1.55918020133678,2.56702832849515e-11,-1.95577549935558,2.51693837364778e-11,TRUE
"SPARCL1",-0.51103807057856,6.77646933509299e-11,-0.68598578687078,3.03305257278629e-11,TRUE
"DENND3",-1.49886658834523,6.77646933509299e-11,-1.82279214958133,2.85999351230955e-10,TRUE
"PER1",-0.944641677143004,9.31107988124005e-11,-1.02692086004643,9.6941241094066e-11,TRUE
"AL513327.1",-0.755958031595873,1.09707574679924e-10,-0.868146033419771,6.39492967517402e-09,TRUE
"LPP",-0.374390523848936,1.23680267030251e-10,-0.751985775791586,3.5324298205673e-11,TRUE
"TMEM74B",1.2376516561745,1.67203550674179e-10,1.27774708188143,4.69333956583226e-10,TRUE
"ANTXR1",0.579508827389264,2.34518286340613e-10,0.832710015545621,2.94342475983208e-11,TRUE
"CERS6",-0.599990820936692,2.34518286340613e-10,-0.798130189233944,2.42552527116328e-08,TRUE
"FKBP5",-1.40502572972966,2.34518286340613e-10,-1.34239713214699,1.50866639858373e-11,TRUE
"NTF3",1.89193589241522,2.34518286340613e-10,2.10493403626457,3.90435745441881e-10,TRUE
"LRRTM3",1.45464784939734,2.8613127168789e-10,0.616833149360738,2.4093697562158e-05,TRUE
"NREP",1.38503002368701,3.34755729790916e-10,1.30042826600583,2.84574281389149e-10,TRUE
"AL034417.2",2.1791964268642,3.57260984882021e-10,2.44709894477033,1.83685504668713e-10,TRUE
"LDB2",1.04749984355752,3.57260984882021e-10,0.747599934800359,1.03737703541366e-11,TRUE
"HMOX2",-1.08507149841617,3.57260984882021e-10,-1.15936122602339,1.32172089462712e-09,TRUE
"TCF7L1",0.594377055139954,4.50593989866845e-10,0.839491394299011,2.84574281389149e-10,TRUE
"UGGT2",-0.543539966550201,4.50593989866845e-10,-0.741838810734845,1.51962507793535e-10,TRUE
"ASAP1",-0.536935115131527,6.30023478177766e-10,-0.84386584018713,3.10107249116509e-09,TRUE
"PITPNM2",0.860405502215557,6.30023478177766e-10,1.13561548566603,5.74253885216267e-11,TRUE
"LIPA",-1.07002214374447,6.69906535300683e-10,-1.48803842441543,1.18106460451454e-09,TRUE
"AC107208.1",1.7386107921198,7.30708635240184e-10,1.6236535846145,5.92222544357825e-10,TRUE
"MOCS1",-0.951676109710792,7.30708635240184e-10,-1.11506442655698,7.54826795241639e-10,TRUE
"STK39",-0.485574653665626,7.41621672714804e-10,-0.848574785382146,2.84574281389149e-10,TRUE
"STXBP4",-1.07037563321463,7.52028209517267e-10,-1.17713298011918,6.39492967517402e-09,TRUE
"LIN7A",-0.580148222194222,7.69492654019514e-10,-0.834017366271982,1.0902816527249e-08,TRUE
"CCDC192",-1.66761370044789,9.58990903794126e-10,-1.92024714832524,1.36337822762691e-09,TRUE
"GMDS-DT",0.514364265203252,1.18090610616262e-09,0.439889567570974,3.12830052521135e-06,TRUE
"DGKB",0.985178370040307,1.18090610616262e-09,1.29440214228719,1.41834119065758e-10,TRUE
"PLA2G4C",0.967030875440966,1.34423903443158e-09,1.17777409329209,1.0045703118684e-09,TRUE
"AC079298.3",-2.44345467288874,2.04313445484091e-09,-2.59765906242058,1.20020812610388e-07,TRUE
"EDNRB",-1.11660299004491,2.83858876140549e-09,-1.29015126672344,2.27826325026694e-07,TRUE
"AC012404.1",0.885744626473322,2.87738706850152e-09,1.02595657182228,7.61027047664532e-10,TRUE
"NEAT1",-0.479220456431067,3.8942398549847e-09,-0.640451074101664,1.78495027295999e-09,TRUE
"NAALAD2",1.6095624749699,4.34609906031585e-09,1.71044069605569,2.42728799700122e-09,TRUE
"IL1RAPL1",0.997614574198215,5.54834743882445e-09,1.12766202362152,2.446054449324e-11,TRUE
"YAF2",-0.578715009203632,6.50793238068713e-09,-0.781729359627364,1.47195062309273e-09,TRUE
"AL590999.1",-0.776988498123996,7.6456492823091e-09,-0.923928742921237,3.48117595452576e-08,TRUE
"CASC15",0.565755547474331,9.56609152003932e-09,0.844486442030338,1.98615639060628e-08,TRUE
"ENPP1",1.0202636080591,1.02903935355156e-08,1.22998363487798,3.48117595452576e-08,TRUE
"DISC1",0.86452125387404,1.09806280985155e-08,0.591089392833612,2.42552527116328e-08,TRUE
"CALD1",-0.258740929888227,1.16478908011024e-08,-0.618193941234955,3.27218174923333e-10,TRUE
"MPPED2",0.798044991030682,1.21254260565025e-08,1.18693529443389,3.04275039151665e-10,TRUE
"MKLN1",-0.407604335763965,1.21930604434756e-08,-0.691752630061774,7.23163445630598e-10,TRUE
"ADAMTS9-AS1",-1.9009642883729,1.29339839085575e-08,-2.43737850729418,6.15319609727332e-09,TRUE
"AP003555.2",1.27375593729144,1.42165551995468e-08,1.36267744939921,3.43703380159198e-08,TRUE
"SLC9A7",-1.82169075835267,1.42165551995468e-08,-1.89434059613609,1.0902816527249e-08,TRUE
"STARD8",1.11517936927076,1.44635373064641e-08,1.35235829905048,7.40327436112848e-09,TRUE
"ANKS1B",1.00270210568128,1.45957173307332e-08,1.51206267016226,1.0902816527249e-08,TRUE
"KIF13A",0.751538179812947,1.495475570278e-08,0.587287775124693,1.8438597474904e-07,TRUE
"PPFIBP2",0.859300896190545,1.495475570278e-08,1.01819560345571,5.62543802115791e-09,TRUE
"ACACB",1.12681336546967,1.57363748432435e-08,0.611729636006917,6.54691264496861e-08,TRUE
"IL18R1",-1.86293152607387,1.60989785578924e-08,-2.19094629569421,3.6358302946811e-09,TRUE
"SMOC2",0.801621022720882,1.63840905859799e-08,1.01379642470871,2.52709628170089e-08,TRUE
"AC119674.1",-1.00853040249347,1.82694545025625e-08,-1.32859951632653,4.30689339571489e-08,TRUE
"AC083870.1",-0.320776008524465,2.19766832734649e-08,-0.648615394779945,1.11448210709396e-08,TRUE
"ARHGAP29",0.51576133702956,2.38937853420404e-08,0.835547956156581,7.61027047664532e-10,TRUE
"FBLIM1",-1.32870363999759,2.4471820282553e-08,-1.4271556115287,2.407713280054e-08,TRUE
"MNAT1",-0.459343787065098,2.48465434603005e-08,-0.518070338190411,1.25783941249551e-07,TRUE
"FAM110B",0.493484155331242,2.49995847327393e-08,0.616815768054401,2.06865307336392e-07,TRUE
"PAG1",-0.53147201262933,2.50782029173823e-08,-0.900101280306728,4.23424687315605e-08,TRUE
"NCAM2",0.718926474714562,2.56839914154088e-08,1.14042524161401,2.89324643989656e-09,TRUE
"SLC38A2",-0.68291181487557,2.58427633167126e-08,-0.721794386687009,2.42818739508324e-06,TRUE
"LRMDA",0.987151073823674,3.08293103329049e-08,0.59555173461851,2.87354995940233e-06,TRUE
"ADAMTS4",-1.76130170464954,3.87676013877944e-08,-2.26833399804574,1.07591844845034e-07,TRUE
"SCN4B",1.15383332411053,3.94984986968653e-08,1.36971437982363,1.78848294016501e-08,TRUE
"ARFGAP3",-0.781886250468935,3.94984986968653e-08,-0.871284459212323,5.03330505444502e-08,TRUE
"ASAP2",0.505255357431211,4.60411267501477e-08,0.728005770756607,7.32299734192361e-08,TRUE
"MX2",0.892579973948634,5.13519450289696e-08,0.95387805339148,3.48117595452576e-08,TRUE
"EGFR",-0.509486825666261,5.68277109841827e-08,-0.659048457310042,1.20827758200798e-07,TRUE
"SAMHD1",-1.15211313671409,6.10836080800184e-08,-1.09231410171529,1.21033914899742e-08,TRUE
"KLF9",-1.00818424905894,6.51367568663752e-08,-0.891624715068214,1.30661074777237e-08,TRUE
"SYNE1",0.983890157555304,6.70134776338716e-08,0.62553414870488,1.16662846034208e-07,TRUE
"CTNNA3",1.07604752318282,6.85883564900131e-08,0.450286717314248,0.000105849096835612,TRUE
"TNIK",1.23847857638866,7.77841864172184e-08,0.589640696931123,1.90304165104068e-06,TRUE
"AC072022.2",-2.02836585635223,7.80394223768232e-08,-2.00383899624695,3.70944829682212e-08,TRUE
"AC006460.2",0.65275761912737,9.81006427317987e-08,0.827942051477165,1.47564782238056e-08,TRUE
"KDM2B",0.905879567106899,9.81006427317987e-08,0.817919332063143,8.19504970045924e-09,TRUE
"LINC02664",0.927295373078942,1.02024067657158e-07,1.16191760025802,3.83997521037879e-07,TRUE
"OSMR",-0.948354189833828,1.10229632276399e-07,-1.05098815804025,1.29750523274122e-05,TRUE
"RIPOR2",1.11763113132873,1.2517536147712e-07,0.812809192652571,2.34147689942172e-06,TRUE
"PLA2G5",-0.338908177227802,1.35668632499234e-07,-0.993118466096468,9.09939044049886e-09,TRUE
"FLT1",-0.738967768196494,1.36098199825375e-07,-1.06462163407919,8.18818053213065e-07,TRUE
"PPP1CB",-0.666768037842577,1.36491059889673e-07,-0.79028467456292,1.14833296266063e-06,TRUE
"SMARCD3",-0.903413879674644,1.43453351572074e-07,-0.946662172400543,1.68773464880937e-07,TRUE
"CPQ",0.511884399633514,1.7283940602265e-07,0.514349266659076,7.09875241069746e-07,TRUE
"C1QTNF7",0.861087953839208,1.77046076075955e-07,1.01724376114455,2.26612502286294e-07,TRUE
"SPIN1",0.50282399935372,1.77046076075955e-07,0.382305482999426,4.05493411125188e-05,TRUE
"PNPLA7",1.29133930295315,1.78974821626492e-07,0.79995290970164,2.85919105225607e-05,TRUE
"EPOR",-1.31695183262076,1.83255542629311e-07,-1.40852705272658,2.25436525535926e-07,TRUE
"DCAF1",-0.679181574718291,1.96932828228163e-07,-0.667220435824198,5.1159883986889e-07,TRUE
"SEMA5B",1.44861463972254,1.96932828228163e-07,1.82961864446579,6.85580508889509e-09,TRUE
"MEF2C-AS1",0.573570246160788,2.09986114532803e-07,0.815181530657446,8.0463052455404e-09,TRUE
"DDR2",0.432068088106497,2.153163254725e-07,0.588318186061091,3.07009160162026e-07,TRUE
"TLR5",1.45729795012078,2.36675061959003e-07,1.59719047886427,9.3388796910466e-08,TRUE
"TET1",0.785995488185553,2.39963140211357e-07,0.959351382927038,3.54195577794928e-08,TRUE
"LPCAT3",-0.667243862789059,2.39963140211357e-07,-0.663576221688209,3.27313696448173e-06,TRUE
"PTPRG",-0.218084305552544,2.48211205276101e-07,-0.392326281524938,5.28634159971265e-06,TRUE
"HMGCLL1",0.872967769091125,2.52134762342617e-07,1.19180514089681,2.76594897564369e-08,TRUE
"MTHFD2",-0.865465564987661,2.70994707396512e-07,-0.921192198272033,2.13122102271411e-07,TRUE
"ARNTL",-1.0253339244692,2.70994707396512e-07,-1.1429222492346,2.03177953745257e-06,TRUE
"MGAT5",0.482509175148336,2.73594408507983e-07,0.471799127525375,9.84103674764515e-07,TRUE
"STAC",1.23893335231035,2.73594408507983e-07,1.53732305545991,1.25783941249551e-07,TRUE
"C5orf56",0.70016247008741,2.7471154945313e-07,0.504417778479218,4.51621843012076e-05,TRUE
"CCDC18-AS1",0.408624544650601,2.76715522709213e-07,0.672262696725745,2.42552527116328e-08,TRUE
"PRCD",1.05961109194229,2.78608662081787e-07,1.12390377491174,9.84103674764515e-07,TRUE
"AC079209.2",-1.06234300824258,2.86080780364859e-07,-1.1973880076146,6.21336009986899e-07,TRUE
"RORA",0.397052241400016,2.88391685638125e-07,0.736615116341448,6.85580508889509e-09,TRUE
"INTS6",-0.629772205399433,3.02241190714951e-07,-0.713531820242695,1.02011397698208e-05,TRUE
"NPAS3",0.500970384903359,3.18650584100692e-07,0.749643979129112,6.36351149461333e-08,TRUE
"IFIT5",-1.31702293401171,3.63857057819537e-07,-1.36176046547969,3.29280933322914e-07,TRUE
"IFT43",-0.487011794551646,3.63857057819537e-07,-0.692067786963537,2.20135787452409e-06,TRUE
"SLC25A18",-2.13037282276858,3.63857057819537e-07,-2.16366126807843,4.66551667158061e-07,TRUE
"FAM27C",-0.880264579798371,3.71631058221694e-07,-1.03245784049826,3.02212739091191e-06,TRUE
"PTEN",-0.302358626844985,3.80229181125394e-07,-0.619176238612327,7.57865802383843e-08,TRUE
"KIAA1217",1.09373050154704,3.9095000865292e-07,0.451278652637251,0.000176328093034188,TRUE
"MFGE8",-0.329815555809514,4.05849057642568e-07,-0.478271269886286,1.76852581814497e-07,TRUE
"CEP112",0.580397433864655,4.16265821854126e-07,0.630923565278152,2.24441336311088e-07,TRUE
"FGF1",0.624978655423462,4.36122620327262e-07,0.881263965768933,8.33755712868748e-07,TRUE
"TLN2",0.824461705500663,4.36122620327262e-07,0.98865474522908,2.8137927960112e-05,TRUE
"MDGA1",1.20023063536758,4.44561068208859e-07,1.20569986454995,4.33340750713375e-07,TRUE
"PIP5K1B",0.891822066582766,4.44561068208859e-07,0.734298195182994,5.59526950558552e-06,TRUE
"TCF25",-0.389803270002067,4.65939282156883e-07,-0.444036624703192,1.64950391524848e-06,TRUE
"ADAMTS1",-1.56366045852311,4.65939282156883e-07,-1.82250630590856,8.74389452295306e-07,TRUE
"NHSL2",0.790785158500372,4.65939282156883e-07,1.05194427786585,4.75665098658388e-07,TRUE
"GNG2",1.08357280638355,4.67738880907221e-07,0.978789406715443,5.56582974347575e-08,TRUE
"EIF4A1",-1.39341634092519,4.74398122705179e-07,-0.76984503691121,3.47845083341753e-06,TRUE
"SMURF1",-0.424252423440708,4.89690825942475e-07,-0.604981443849052,5.25335654450177e-06,TRUE
"PDE10A",-0.880084943443953,5.65305836845217e-07,-1.77488185231928,6.99128813786734e-07,TRUE
"ARHGEF7",-0.390688028782245,5.66604557481735e-07,-0.607760087641142,1.25394014391827e-07,TRUE
"GBE1",-0.632291166085532,5.86298596536692e-07,-0.483280001917486,0.00018597583213018,TRUE
"DKK3",0.925014064832524,5.86298596536692e-07,0.704093330732687,4.58639877225058e-06,TRUE
"ABR",0.703646673868958,6.01125001121895e-07,0.330717592207322,0.00196581778108565,TRUE
"PIR",-0.687768419135436,6.49997103068408e-07,-0.792091737857502,5.01821386386648e-07,TRUE
"AC072022.1",-1.31719120491638,6.73069265072213e-07,-1.34847816818675,8.35757298952177e-07,TRUE
"PTBP2",-0.371357590323532,6.94183824664195e-07,-0.524400272669484,9.21692952998986e-08,TRUE
"RMST",1.62129374939894,7.00703165495794e-07,1.53570757666498,5.31254916048391e-07,TRUE
"ATP1A2",0.978307871986685,7.15251579539173e-07,1.26155953715209,4.86879138472503e-07,TRUE
"ZNF559",0.716820764850349,7.17962534640554e-07,0.720800568407565,2.88867366592881e-06,TRUE
"HCG27",1.09180033651568,7.87905915357023e-07,1.20141160228877,1.19756898641521e-07,TRUE
"GAB1",0.605768047901693,8.25060523607351e-07,0.672004481563086,8.91817128947568e-08,TRUE
"PKIG",0.552563188839196,8.25060523607351e-07,0.74081917378071,2.10340661123168e-06,TRUE
"SERPINI1",1.27485899754515,8.43876678724727e-07,1.3844869931578,4.66490863344374e-07,TRUE
"PLAGL1",0.64441775604172,8.43876678724727e-07,0.5341391018912,4.25391055181188e-05,TRUE
"ZEB1-AS1",0.58719101713468,8.43876678724727e-07,0.762310592922974,3.07499986723466e-06,TRUE
"CPED1",1.29073175832479,8.52868303386845e-07,0.549034344428413,3.8060079763131e-05,TRUE
"KALRN",-0.470234044232156,8.52993890270018e-07,-0.856774167620567,7.80962171942436e-07,TRUE
"RALGPS1",0.65420807562564,8.52993890270018e-07,0.811528985325144,1.4389179067094e-07,TRUE
"COL6A3",1.10634083767423,8.7235730146236e-07,0.867492562280966,5.92222544357825e-10,TRUE
"MAPK10",0.583458756558916,8.87581452224907e-07,0.788921389606008,1.90565590159341e-06,TRUE
"GHR",0.628720819008233,1.0607801935881e-06,0.83447214382324,1.64950391524848e-06,TRUE
"ANKRD16",0.879423651347933,1.06394333278833e-06,0.727092790958596,3.47845083341753e-06,TRUE
"AP2A1",-0.554890067696878,1.06394333278833e-06,-0.591168367053016,4.13077222948824e-06,TRUE
"IGFBP4",-0.989340238889807,1.14578292603409e-06,-0.69833292794459,0.000219833824581876,TRUE
"STAT3",-0.486467801956337,1.15655056456417e-06,-0.58556977462384,1.02723854568956e-05,TRUE
"PLCE1",0.537237256836351,1.18168217981655e-06,0.977879563592051,2.1829965776043e-08,TRUE
"MAST4",0.641991245126332,1.20625422043769e-06,0.568843799982855,2.49518886280959e-06,TRUE
"PRKCE",0.467982512059694,1.26848543771849e-06,0.294378107046244,0.00148585019166605,TRUE
"EPAS1",-0.434383368929681,1.30356490455408e-06,-0.667465820590396,1.19050061691477e-07,TRUE
"ARHGAP44",0.561617149961012,1.30356490455408e-06,0.70626506847103,3.89717900746996e-06,TRUE
"PACSIN2",-0.380877618607566,1.33556846837105e-06,-0.657283922992894,1.95414713950431e-07,TRUE
"MYO18A",1.29781117921122,1.3578703166552e-06,0.658879768248283,1.55321245664934e-05,TRUE
"POR",-0.553198698826161,1.36737155954935e-06,-0.570679563059817,2.09063987428925e-05,TRUE
"ADAMTSL4-AS1",-0.67440183283435,1.46671635207288e-06,-0.759841371363321,2.42914776022643e-06,TRUE
"ESR1",1.75471053443711,1.46914665684001e-06,1.039588992168,1.16662846034208e-07,TRUE
"ZNF189",-0.721862296601666,1.49410017353312e-06,-0.781082415525951,2.23164693132159e-06,TRUE
"FBXL7",0.451441592634335,1.58920059505707e-06,0.434127715206005,1.2660924000813e-05,TRUE
"ADCY3",-0.685464364800066,1.62290094894998e-06,-0.947300348390275,1.39699235714498e-05,TRUE
"AC017002.5",-0.991669359026697,1.62754172148376e-06,-1.20035380421302,7.40849911455319e-06,TRUE
"PTPN11",-0.589107180634248,1.62754172148376e-06,-0.605361016618614,3.06096019424298e-06,TRUE
"MAP4",-0.384169305546578,1.64297419444821e-06,-0.466837408458775,7.96552903577174e-06,TRUE
"MPRIP",0.331045123310588,1.64297419444821e-06,0.588102214089988,5.1159883986889e-07,TRUE
"SRSF5",0.473313869897184,1.70249730153441e-06,0.40463825194666,2.25599123612965e-05,TRUE
"TGFB3",-0.84502035536015,1.72817331434825e-06,-1.0170186460807,2.37965791576768e-06,TRUE
"ETF1",-0.850776790974948,1.73847268916088e-06,-0.777686956969502,2.16150789228283e-05,TRUE
"SCP2",0.796165685383494,1.86717842531604e-06,0.433229980976558,0.000482255355787275,TRUE
"YARS",-0.800737516178276,1.88171720593205e-06,-0.82926146564687,5.66225114589267e-06,TRUE
"AHCYL1",-0.565122048232256,1.98132251679848e-06,-0.483702272945995,0.000185712940618485,TRUE
"SLC8A1-AS1",1.26630634520126,1.98145859413741e-06,0.822612432099313,2.95340934546933e-07,TRUE
"DOCK10",0.891452134676759,1.98145859413741e-06,0.932403295287165,1.5516011190431e-05,TRUE
"ZNF462",0.717373334460668,1.98255818297701e-06,0.63982448654901,7.25317440068419e-06,TRUE
"IL34",1.48306697852061,2.02434091605354e-06,1.83053036422985,2.36739381033358e-06,TRUE
"SP110",0.850076346785535,2.05850005294205e-06,0.772688931317743,1.04058284020668e-05,TRUE
"TTC3",0.602552074465803,2.05850005294205e-06,0.347989502385193,0.000235418759357904,TRUE
"SMIM12",-0.689503045000739,2.10960083707062e-06,-0.903117302241945,1.78679156541746e-06,TRUE
"SYTL2",0.972123387283999,2.16705678931675e-06,1.28166859208954,2.36739381033358e-06,TRUE
"TMTC1",-0.487474435885981,2.26560280746539e-06,-0.77700117968339,2.37965791576768e-06,TRUE
"MLXIP",0.477215497879536,2.37664380675371e-06,0.500228435665018,9.39519005512965e-06,TRUE
"C1orf21",-0.858880665842647,2.42094630324564e-06,-0.789996327908746,5.59077018771516e-06,TRUE
"SSTR2",-1.81572230903761,2.44133896970026e-06,-1.84838745881126,3.979013997374e-06,TRUE
"HNRNPA2B1",-0.385098379271449,2.51637768757285e-06,-0.259285515120202,9.60324359020702e-05,TRUE
"XAF1",0.941802358399389,2.62283282160248e-06,0.734782869892558,2.18030600840576e-05,TRUE
"AC002451.1",-0.840182375385466,2.75226019228702e-06,-0.843268768661503,2.24441336311088e-07,TRUE
"SELENBP1",0.838763414370858,2.84138158212876e-06,0.95121645551679,1.78679156541746e-06,TRUE
"JADE1",-0.718951409032714,2.8993714247862e-06,-0.770028217748652,8.33753003011216e-06,TRUE
"ARHGAP12",0.755215971838028,2.8993714247862e-06,0.641356484729689,5.32774128712982e-07,TRUE
"BMPR1A",0.325403135155983,2.9297301035511e-06,0.285731959107268,0.000476817355936093,TRUE
"CREB3L2",-0.581953053233189,2.98790465102575e-06,-0.798762220156102,9.47083386222166e-06,TRUE
"NMRAL1",-0.837199256967017,3.07970672329865e-06,-0.778792911470804,4.99698729807769e-05,TRUE
"PRRT2",1.41070781821481,3.22455911537041e-06,1.50273506934607,2.3656448260406e-06,TRUE
"AC002546.1",-1.30538180014057,3.22455911537041e-06,-1.31384964877152,3.80093703678265e-05,TRUE
"TEAD3",-0.622107892051126,3.23940762992503e-06,-0.684519331793151,3.63299538010007e-06,TRUE
"H2AFY2",-0.811051830673457,3.30595806302467e-06,-0.825060270049273,1.0689566244664e-05,TRUE
"TCAF2",1.09539143069179,3.37548786984898e-06,1.18262957440116,2.38635035093307e-06,TRUE
"PLCL1",0.351737123942306,3.39164437371504e-06,0.710937367879751,2.76399800423529e-08,TRUE
"MAP3K5",0.4940492827465,3.45437737708261e-06,0.51544448136306,0.00031129956377983,TRUE
"NOCT",-0.704324510217858,3.55247793698411e-06,-0.745000451390655,1.90394656842992e-06,TRUE
"DIP2C",0.46543210481429,3.62874342144788e-06,0.335345859347874,0.00108714368383177,TRUE
"TPCN1",0.519608538751091,3.82409497208279e-06,0.542040701956836,0.00018099623124933,TRUE
"CBLB",-0.622756240398075,3.84077229063936e-06,-0.510812261892155,3.73694431190917e-06,TRUE
"TRIM56",-0.500422835785517,3.84077229063936e-06,-0.528532386799593,1.96741539805136e-05,TRUE
"FOXK2",-0.399131733908381,3.85636277295729e-06,-0.374837500720452,0.000324697756414246,TRUE
"COL4A1",-0.70094047988406,3.93720218730871e-06,-1.16444712408121,1.48349112098548e-05,TRUE
"WDR43",-0.66869533707301,3.94865924945642e-06,-0.70984920587375,1.07480103069455e-05,TRUE
"AC069437.1",1.31296580644694,3.94865924945642e-06,1.51381989493758,3.01416890274485e-06,TRUE
"SLC25A27",0.769048462816271,4.00378689018485e-06,0.479770635900527,0.000125349419085624,TRUE
"LPL",-0.759110705192063,4.00378689018485e-06,-0.679877158327315,1.64950391524848e-06,TRUE
"ZNF704",0.758847717894815,4.04188853296363e-06,0.709932452060757,3.42586394574697e-05,TRUE
"COL4A2",-0.50264277295687,4.45181299093555e-06,-0.991755308082425,8.94581285765979e-06,TRUE
"AL645568.1",0.750417874650754,4.49269208423169e-06,0.537221555600609,0.000720630366504282,TRUE
"MSH2",1.0028644040023,4.61578075808752e-06,0.960712435238446,8.33755712868748e-07,TRUE
"TGFBI",1.32054972323721,4.61578075808752e-06,0.787833527723171,0.000114417036551849,TRUE
"ELL2",-1.24451563162862,4.65454146572793e-06,-0.645745112580302,0.000114821913472982,TRUE
"RNF144A",0.572956152231773,4.79817584795572e-06,0.698014453685617,6.50368715991609e-06,TRUE
"TASP1",-0.556813832973121,4.79817584795572e-06,-0.646794495478953,4.9422307183704e-05,TRUE
"ECM2",0.517039120251303,4.8126269221519e-06,0.686962309694918,5.31254916048391e-07,TRUE
"FTSJ1",-0.976940362408388,4.8126269221519e-06,-0.906705364809659,2.9263963481237e-05,TRUE
"MIR4435-2HG",-0.609900441530013,4.89241843782702e-06,-1.0478496282178,6.62488790016896e-06,TRUE
"FAXDC2",0.712516570415895,5.09643254069964e-06,0.643818530440266,6.11831813009341e-06,TRUE
"FAT1",0.589305011589449,5.25724042244338e-06,0.71253015695088,2.71377128063133e-05,TRUE
"PSMA5",-0.765838605592566,5.36154432594505e-06,-0.793088112888125,8.8991304626755e-06,TRUE
"AC068888.1",-0.495743250085351,5.40938021501725e-06,-0.476270766645227,6.36626949734715e-05,TRUE
"FRMD6",0.631298280688474,5.63095881706692e-06,0.686293112251873,3.93837990447449e-06,TRUE
"PBX1",-0.229150841363743,5.81969680667134e-06,-0.405991800950116,8.21437005547709e-06,TRUE
"NR3C1",0.458021459868758,5.84369119481305e-06,0.390007916613402,0.000126118587538997,TRUE
"MGLL",0.496663564471001,5.86575001993687e-06,0.734281473943639,1.14477969996184e-05,TRUE
"NPAS2",-1.17391799464599,6.0808101175351e-06,-0.867487933993558,0.000105748296250226,TRUE
"SLC16A12",-0.553873748756834,6.31795818229315e-06,-0.871000645914394,7.7544834509548e-06,TRUE
"SLC4A7",-0.719771508979895,6.7944049789022e-06,-0.957436476354764,3.87874803011743e-07,TRUE
"CAPZB",-0.273058361205997,6.84172508657985e-06,-0.329084598016493,3.83573252909696e-05,TRUE
"SMIM3",-0.52484385752524,6.84172508657985e-06,-0.586405904447513,5.59526950558552e-06,TRUE
"HLTF",0.752397352404321,6.93799789862407e-06,0.714825398576325,6.82896578570369e-06,TRUE
"CDH6",0.776153699033141,7.18098320736108e-06,0.830711808523711,0.00032702838221097,TRUE
"PER2",0.914766863812815,7.26109330097786e-06,0.917240413981337,2.08827319070154e-05,TRUE
"GRIP2",1.13533510851013,7.31492910595024e-06,0.888146611128892,2.56630556761183e-05,TRUE
"TACC1",-0.273147313718218,7.75999816666119e-06,-0.441551989682107,7.41018009670235e-06,TRUE
"SLC8A1",0.958172000552405,8.16105992327874e-06,0.429044166172777,2.83208911103378e-06,TRUE
"CIRBP",0.475362234104965,8.45045166937557e-06,0.306149215478113,0.00281286567674239,TRUE
"OPCML",1.41858085832845,8.84971326451929e-06,1.39425892850652,3.77399276564533e-06,TRUE
"FNDC3B",-0.332077162113258,8.95730461899939e-06,-0.382722515628744,2.1020496683133e-05,TRUE
"KLF13",-0.572911436966043,9.1597238599815e-06,-0.630457250246924,1.02723854568956e-05,TRUE
"MIR99AHG",0.854584425530664,9.28403233799445e-06,0.692176259059351,1.1294841540833e-05,TRUE
"AC098829.1",0.664621563028171,9.58511482614784e-06,1.05963343836751,1.2926404890275e-06,TRUE
"NBPF1",1.50377462645636,9.63726673782417e-06,1.06943492714328,2.07417759183184e-05,TRUE
"AXL",-0.423467249341487,9.79487901436587e-06,-0.543630828597797,3.42586394574697e-05,TRUE
"PAK1",1.17474490269447,9.90195647966562e-06,1.07760028528154,8.88328011505229e-05,TRUE
"RUNX1T1",0.495336352990142,9.97222853727271e-06,0.619359536437337,1.29812451921204e-05,TRUE
"NUTM2A-AS1",-0.374632736206923,9.97222853727271e-06,-0.474131384347286,4.18105662270609e-05,TRUE
"GRK5",-0.220632234280941,9.97222853727271e-06,-0.497641584488618,1.11018329354238e-05,TRUE
"LTBP3",0.866337581581793,9.97222853727271e-06,0.746808167727859,2.7159136737635e-05,TRUE
"OBSCN",1.41802381147604,1.02883563032332e-05,0.492295913186465,2.92864592012099e-07,TRUE
"SCD5",0.925085484466576,1.03266511134687e-05,1.09681773384251,6.28202854222841e-06,TRUE
"TESK2",0.724057558921477,1.04406766137392e-05,0.885659666367385,7.7544834509548e-06,TRUE
"AL133346.1",0.798762835608948,1.05972395634845e-05,0.942105003348574,3.07499986723466e-06,TRUE
"ADORA2B",1.08867060607406,1.07354004780235e-05,1.17670243343277,3.0207000560492e-05,TRUE
"MEF2C",0.279625901011807,1.08650363012292e-05,0.534978605195638,2.37965791576768e-06,TRUE
"CCDC171",0.632282547080211,1.12268363650333e-05,0.71498442443088,3.57272938816226e-05,TRUE
"TLE2",-0.830657038895683,1.14957937922965e-05,-0.977138783582234,1.74612638005558e-05,TRUE
"MBD5",0.277154717460817,1.1658168702185e-05,0.389921702516454,4.89112952574429e-07,TRUE
"HNMT",0.557828641867596,1.16895981417763e-05,0.64945289482226,1.85710374763739e-05,TRUE
"CDC14B",0.811412218505991,1.16895981417763e-05,0.745957659645145,7.55738195892215e-06,TRUE
"STON2",1.13998377758122,1.16895981417763e-05,0.789859486258087,0.00048152524487071,TRUE
"RBMS3",-0.161654358151526,1.21502340402437e-05,-0.440003512310254,2.62031810998031e-06,TRUE
"SUCLG2-AS1",0.981956884047023,1.21542899770766e-05,0.804096756773872,7.65584607720497e-05,TRUE
"GATM",1.35990252283049,1.26849338581665e-05,1.33541897222122,1.64950391524848e-06,TRUE
"SNTB1",0.706501929917265,1.30878423202382e-05,1.00316821152339,4.0230410789655e-06,TRUE
"CYP7B1",0.721024514074664,1.32082349280092e-05,0.846133696152942,9.39077633931097e-05,TRUE
"CYGB",0.683961047269614,1.32082349280092e-05,0.81186394523203,2.17999055669741e-05,TRUE
"ATXN1",0.443435188561147,1.33938170751609e-05,0.498395481917037,7.19385429985575e-06,TRUE
"AC245060.5",0.993468892964833,1.38433776245911e-05,0.791624809760215,0.000160647661449795,TRUE
"SMTNL2",-1.54757432372408,1.39069634011411e-05,-1.40172297642927,0.000130887095474689,TRUE
"KLHL29",-0.678941244540357,1.39101636847133e-05,-0.817753551370676,0.000118969581818986,TRUE
"USP10",-0.433074282780402,1.40655088635865e-05,-0.441968953626966,7.40010602350146e-05,TRUE
"CCDC141",1.16361342366679,1.45678756726976e-05,0.411095069082459,0.000489317455883193,TRUE
"FRMD4A",0.473334145091496,1.56860405494611e-05,0.599822531205279,0.000125349419085624,TRUE
"FP236383.3",-0.647953878160388,1.57701373058135e-05,-0.6476676238518,3.95678394753845e-06,TRUE
"IFIT1",-1.02771803492095,1.63270039594755e-05,-1.17514965818788,7.11728073742545e-06,TRUE
"CCDC102B",0.574098795161807,1.6967549257777e-05,0.613723796030424,0.0115600547019625,TRUE
"RASSF3",0.966403064026334,1.76327515625919e-05,0.442886979084772,0.00129197161636074,TRUE
"IDS",0.597814882089452,1.76327515625919e-05,0.430076809018713,0.000710799080385135,TRUE
"TMEM117",0.838304626961692,1.82197248663415e-05,0.416585472713706,0.000419742913905289,TRUE
"TSHR",1.00282115247852,1.83226346217828e-05,1.27248058624189,3.84893245660326e-06,TRUE
"AC087500.1",0.799152171779563,1.86149958247814e-05,0.664151362083403,0.000105748296250226,TRUE
"TRANK1",1.09088309078461,1.89017817320661e-05,0.829681327264767,0.000649783617140337,TRUE
"ASTN1",0.976138989248001,1.90927484633907e-05,1.21073970203178,3.47845083341753e-06,TRUE
"LDB3",-1.04842058134473,2.06529540640776e-05,-0.855833029331879,8.1182844941676e-05,TRUE
"IPO7",-0.614544844293011,2.07534170483482e-05,-0.622705819682924,4.48969015122167e-05,TRUE
"AUTS2",0.220671439831689,2.10165349233324e-05,0.364592033045886,1.0664679316417e-05,TRUE
"VSTM4",0.411237882804245,2.11112631342207e-05,0.565657084561981,1.12554868267203e-05,TRUE
"CLOCK",-0.39112720987592,2.12411809587436e-05,-0.436484063816263,0.000674047342256325,TRUE
"GRID1",0.703775225471644,2.16893770132504e-05,0.901335734665972,5.82655343415882e-06,TRUE
"OPA3",-0.695397656856193,2.21862143182603e-05,-0.796287261208015,7.69993391366676e-05,TRUE
"AC007262.2",1.30226991900781,2.25059917116245e-05,1.16113422746789,1.18766273512787e-05,TRUE
"TMEM165",-0.494411331658882,2.26221906782593e-05,-0.730283689497424,0.000139121358388952,TRUE
"TMEM184B",-0.460417721010443,2.30608553227836e-05,-0.535127528461509,4.99698729807769e-05,TRUE
"ROCK2",-0.261449088388602,2.35251649446089e-05,-0.403584961497822,4.73836393559782e-06,TRUE
"PABPC1",-0.470434829961154,2.45998032979219e-05,-0.534800392195436,0.000109815118607885,TRUE
"FYN",0.304582348744265,2.50040846534984e-05,0.551110650331329,3.12638500492124e-08,TRUE
"LINC01197",0.381553659746746,2.56425675615791e-05,0.625469709479491,1.76842328044656e-06,TRUE
"NOTCH3",0.356826862039431,2.60761280889312e-05,0.602769326216554,1.55321245664934e-05,TRUE
"CD47",0.947854419472686,2.61278368730119e-05,0.424211345539881,0.00228194099094551,TRUE
"TNFRSF1A",-0.616474276276084,2.6913687050412e-05,-0.619486193064024,8.69677658822389e-05,TRUE
"LINC00513",-0.416310386474863,2.70066162458748e-05,-0.542317886760318,0.00014522284534397,TRUE
"FBXL13",0.630081267952503,2.82906912347168e-05,0.7276806117896,2.16150789228283e-05,TRUE
"AC011997.2",0.585291391096641,2.91235291454342e-05,0.735101295471667,2.70030904996551e-05,TRUE
"SPATS2L",0.295250730563521,2.91686752778903e-05,0.395308907409186,7.51042874973527e-06,TRUE
"DNAJC6",0.604193544161567,2.93138764136444e-05,0.720396340550596,7.78289958783418e-06,TRUE
"MTCH1",-1.03639746831264,2.94361422750379e-05,-0.309211776245315,0.0085828477718898,TRUE
"HERC2",-0.272952290334069,3.01994365909498e-05,-0.307278352926761,7.86338114332542e-05,TRUE
"OLFML2A",1.18367186702359,3.03226630037637e-05,1.23436250831882,0.000100840763460779,TRUE
"ITPKC",-0.761518472017236,3.20762906563847e-05,-0.810606136058441,6.14477707353973e-05,TRUE
"PRIMPOL",0.599297214655958,3.44708066708859e-05,0.65916694596656,4.8589032447686e-05,TRUE
"GALNT16",1.59914219778527,3.71028497171298e-05,0.883663464875399,0.00230873248709016,TRUE
"CSAD",0.513998452312682,3.72298875462238e-05,0.661769996091853,4.85793974071065e-06,TRUE
"GUCY1A1",0.356390628283689,3.79105577924115e-05,0.714191665503495,1.30877555604601e-07,TRUE
"CHST11",0.830307843082714,3.79105577924115e-05,0.43769524439716,0.0163725047228344,TRUE
"CHFR",-0.420884826920103,3.83023383843459e-05,-0.430057603020235,0.000240735823012742,TRUE
"UFD1",-0.872733562745555,3.83437984497206e-05,-0.866764170019243,0.000164387286264853,TRUE
"EPB41L2",0.298332987332868,3.86896246016647e-05,0.455855931524163,2.91890283781001e-06,TRUE
"RBMS3-AS3",-0.28047997952669,3.8930158568935e-05,-0.438561162140064,0.000149092392522419,TRUE
"BTRC",0.353503223661793,3.94827601129313e-05,0.27390044674676,0.00208812240796134,TRUE
"DSCAML1",0.527902202663592,3.95755135978561e-05,0.590892250020786,0.00109415002353489,TRUE
"DDX21",-0.916355779193391,4.01793755663384e-05,-0.982077084618936,9.80053344077151e-05,TRUE
"ZNF618",0.622343324301876,4.03891542601451e-05,0.763503773253698,7.01853592816204e-06,TRUE
"NTN1",-0.715084595149143,4.09756259860385e-05,-0.817606008253451,0.000188590588687537,TRUE
"PLCE1-AS2",1.11693245837193,4.11171259267213e-05,1.246714108178,7.37722163115698e-06,TRUE
"LGALS2",-1.20673169381445,4.18732561374048e-05,-1.2534968551224,3.09015577310185e-05,TRUE
"ABTB1",0.774547584110006,4.25139860056235e-05,0.762286462016305,5.94261362160264e-06,TRUE
"PAGR1",1.22778268289659,4.25139860056235e-05,1.23426299316533,1.4048342367955e-05,TRUE
"ID3",-1.00315269181732,4.29310195778078e-05,-0.597026193865089,0.00045720711464922,TRUE
"ATP1B3",-0.618857636623887,4.33610469932395e-05,-0.961940699419307,0.000744862499119268,TRUE
"CD9",-0.444524248498781,4.34579268321783e-05,-0.391664250383024,0.00127428808044612,TRUE
"AC123912.4",1.16724011098628,4.37965307215068e-05,1.44885603966116,1.97376332783312e-05,TRUE
"PTH1R",-0.605193946933572,4.40203760928028e-05,-0.800328520214894,0.000200111095067348,TRUE
"PDK4",-1.19369786418728,4.49894599998232e-05,-0.528400646977883,2.60838727147091e-05,TRUE
"FRY",0.347992111879881,4.53496392794565e-05,0.509232876158217,1.33845112084923e-06,TRUE
"NID1",-0.293858196109729,4.57822407158126e-05,-0.498398652778504,2.71377128063133e-05,TRUE
"AC009133.1",0.979424850067258,4.57822407158126e-05,1.11101706043517,4.5034976672309e-05,TRUE
"CCDC88A",0.527794994476675,4.61630603946931e-05,0.370668998215344,7.18452655074955e-05,TRUE
"ITGB3",-1.38172183581267,4.65122830901472e-05,-1.42665348162132,0.000116755237393381,TRUE
"SNU13",-0.786360295132898,4.65122830901472e-05,-0.253528339669953,0.118804740224526,FALSE
"IPO5",-0.545473369325627,4.66883679552201e-05,-0.449839544487936,0.00116848968486264,TRUE
"BTBD9",-0.303660127014735,4.86365840805911e-05,-0.445551061368329,0.000320446031775174,TRUE
"COL21A1",1.31458528389496,4.86633176814151e-05,0.958697266081309,8.33753003011216e-06,TRUE
"SLC16A12-AS1",-0.86515776338442,4.86705442313422e-05,-0.963949106056877,4.89691874369855e-05,TRUE
"SREBF2",-0.464546481938641,4.87118221294479e-05,-0.539083803206009,0.00059257545236318,TRUE
"PNO1",-1.24320087375436,4.96973614701577e-05,-1.07034559120367,0.000306978040913499,TRUE
"AC068491.2",-1.03882587964348,4.97858967728593e-05,-1.17355912557804,8.01661446803247e-05,TRUE
"TPRG1",-0.801991406798415,4.98620497495151e-05,-1.18182247555614,1.75406290438477e-07,TRUE
"ARHGEF28",0.948632297942041,5.05866034439425e-05,1.20688079232648,7.19556974429854e-06,TRUE
"ITPR1",0.23188916822699,5.08176224136795e-05,0.388888142111748,4.26414212696009e-06,TRUE
"FAM242F",-1.23810846277515,5.13714275930004e-05,-1.16436589087626,0.000246254403584538,TRUE
"MAFF",-1.18482566459375,5.13714275930004e-05,-1.19297603903703,9.49905913391614e-05,TRUE
"PPM1H",1.28713142623284,5.1591796225303e-05,0.812966608355161,0.00019186759577163,TRUE
"PXDN",0.739698766229424,5.37487170977475e-05,0.817977388081847,2.71119247675906e-06,TRUE
"TCAIM",0.405956234912429,5.37487170977475e-05,0.635577552701954,6.39583782892954e-07,TRUE
"TNK2",0.998075392052922,5.53935659547336e-05,0.842230448671826,8.88328011505229e-05,TRUE
"ANKRD26",0.505880018884267,5.64447936827871e-05,0.454113618923117,0.000489317455883193,TRUE
"SLCO3A1",0.452792237975742,5.65134880866384e-05,0.516023115745519,0.000604812366425925,TRUE
"CAMK2G",0.65055671654006,5.68745699827924e-05,0.770771850163567,6.24363251430003e-06,TRUE
"SHOC1",0.580118086487883,5.79489348114715e-05,0.706072849811962,0.000178620033081367,TRUE
"SIPA1L2",1.16390170028239,5.83589506916093e-05,0.579274840301355,0.000268304484761855,TRUE
"TCF12",-0.19644269146067,5.84993659691961e-05,-0.225602164809271,0.000160227510672377,TRUE
"CAPS2",0.632254016699081,5.89943952491876e-05,0.403147303498654,0.000977342738262149,TRUE
"ACADSB",0.842862374064752,5.96091466359043e-05,0.599365341382806,0.000991526766295898,TRUE
"HERC3",0.618274840279702,6.01096214507049e-05,0.39076696529863,0.00213441824164217,TRUE
"SLC2A4",-1.12672408080966,6.01096214507049e-05,-0.601192747265184,0.00422104601853283,TRUE
"AKAP6",1.65687120794321,6.02303467819663e-05,0.317187823260566,0.0092157837767024,TRUE
"RBM19",-0.502275301262785,6.15099829511037e-05,-0.480496846182496,0.000840430962372979,TRUE
"SYPL2",-1.04846179334439,6.15671770535724e-05,-1.05127286764716,9.74101840650025e-05,TRUE
"ABL1",-0.272673532628221,6.15671770535724e-05,-0.361668673553579,0.000306978040913499,TRUE
"BTG1",-0.817080736289681,6.15671770535724e-05,-0.400356197861293,0.0018905652928569,TRUE
"NR6A1",0.436139999905734,6.23160453079074e-05,0.563467331108237,1.25493216107846e-05,TRUE
"FAM131A",-0.845038489177056,6.27546192784292e-05,-0.762102979050109,0.00033955850842865,TRUE
"ZNF544",0.331427619796124,6.31440912221012e-05,0.46287732866227,5.94806970564808e-06,TRUE
"C1RL",-0.802967724544094,6.47989221861346e-05,-0.704467141891643,7.89747218248827e-05,TRUE
"CHST7",-0.880639700543546,6.51485534010614e-05,-0.889852740161331,0.000135510485951071,TRUE
"MGMT",0.488522711149998,6.63551570289875e-05,0.586020165800668,3.97698587512747e-05,TRUE
"SSC5D",0.790040081134034,6.63551570289875e-05,0.874284994022391,9.66037762166615e-05,TRUE
"ANKRD36",0.726423365447703,6.66046436573918e-05,0.55486875534688,0.000133797588085965,TRUE
"PHLDA1",-1.47792506487988,6.68910051019327e-05,-1.36277917234562,9.05107427050347e-06,TRUE
"SDCCAG8",0.330907571219617,6.78974221073294e-05,0.361051565796342,3.46043872686026e-05,TRUE
"AMOTL1",-0.469613902842977,7.09372285793215e-05,-0.570008760207756,0.000122283323979507,TRUE
"C9orf153",0.816754551262947,7.11156477944041e-05,0.902300257314542,9.46900443304798e-05,TRUE
"NRP1",0.249713346790906,7.28552514621542e-05,0.546193355040122,1.63443386167554e-07,TRUE
"RUNX1",-0.632810016213659,7.34134671472416e-05,-0.908293854517913,2.73480273526862e-05,TRUE
"FILIP1L",-0.310675772427984,7.42106864598387e-05,-0.41736544479029,0.000246377182912312,TRUE
"XPO1",0.370805537897502,7.4275916908525e-05,0.416814484647094,0.00052663990620323,TRUE
"ANKRD29",0.922434644755272,7.50797340552157e-05,0.983870160567322,7.67918134438954e-05,TRUE
"GLCCI1",0.726320286722249,7.57780347946978e-05,0.443600158124909,0.00335106650409495,TRUE
"BBS2",0.700903836028033,7.77078886800038e-05,0.628289689058402,9.90241541294758e-05,TRUE
"AP001528.1",0.536568686703996,7.8298746549326e-05,0.732685194064666,2.00413393214165e-05,TRUE
"EPS8",-0.152136948503696,7.83635770226623e-05,-0.351261728019053,9.39519005512965e-06,TRUE
"ELF1",-0.441045794147322,7.93274014874414e-05,-0.406544616493031,5.49694248228766e-05,TRUE
"ZHX3",-0.365366428410332,7.93274014874414e-05,-0.45054179380409,3.14667190596217e-05,TRUE
"VASP",-0.570358927818353,7.93884213277735e-05,-0.536589263346813,0.000957376938019946,TRUE
"AC002066.1",1.025389236296,7.97697517957981e-05,0.449026985276313,0.0221563500971809,TRUE
"KLF7",-0.3718857436866,8.15785549882005e-05,-0.447461799898545,4.45568421913327e-05,TRUE
"DLG2",0.514241946062023,8.19701324617998e-05,0.261467171067161,0.0155110573471253,TRUE
"ANKRD36B",1.26258905975258,8.24009241296955e-05,1.0888517762419,7.69993391366676e-05,TRUE
"EBF3",0.506093346068456,8.24009241296955e-05,0.68754628633333,8.00459638407563e-05,TRUE
"HIPK3",-0.430183704387561,8.24009241296955e-05,-0.333385882892254,0.000171827304292466,TRUE
"FBXL20",0.360563670434541,8.24009241296955e-05,0.31136703503896,0.000996155489028484,TRUE
"CYP4V2",1.03865866245353,8.24718647977882e-05,0.721072691573629,0.000389964663064729,TRUE
"LINC02753",1.03071592810515,8.48849673558841e-05,1.09972694282457,0.000206390004122837,TRUE
"ECHDC2",0.983629232478345,8.55905505044262e-05,0.479636898546216,0.000244895699617564,TRUE
"NEO1",0.694840623684214,9.05677032934738e-05,0.62029883855548,0.000186794400145468,TRUE
"SLC44A2",-0.487632816850485,9.11228976360336e-05,-0.53997020262347,8.84697282217828e-05,TRUE
"LINC01138",0.382858132853822,9.14264691181014e-05,0.478536875116479,0.000124774782069232,TRUE
"DENND5B",0.33897650491652,9.14264691181014e-05,0.263438811302937,0.00326638211047376,TRUE
"CASQ2",1.259736663859,9.15884072195803e-05,0.346255345844039,0.00948038575811381,TRUE
"DGLUCY",0.729694392445588,9.15884072195803e-05,0.291116236396592,0.00352379641521548,TRUE
"KCNE4",-0.672432074380829,9.20730655012173e-05,-0.72686716048311,0.00120532797145097,TRUE
"PACS1",0.524637626434011,9.20730655012173e-05,0.410367543816964,0.00045461168963583,TRUE
"HVCN1",0.635919491353895,9.20730655012173e-05,0.687579795389471,7.69993391366676e-05,TRUE
"PCDH9",0.88485176110298,9.20730655012173e-05,0.628099540525372,6.0992205656075e-05,TRUE
"ANKAR",0.409782253944456,9.2687936077612e-05,0.422255129444857,0.000538168240538399,TRUE
"BCL9",0.609525733444851,9.32917232274748e-05,0.659002007720345,0.000185000252273285,TRUE
"AC005180.2",-1.72138540698591,9.40882536283882e-05,-1.57307817113418,0.000160227510672377,TRUE
"NID2",0.557888211763595,9.60973627719761e-05,0.688201763567817,4.37315094085114e-05,TRUE
"AC058791.1",-0.695183576601954,9.73594967416845e-05,-0.641892662231156,0.000389964663064729,TRUE
"JMJD1C",-0.145871267244999,9.76847940519989e-05,-0.26834206718719,0.000186985416542115,TRUE
"ELOVL5",-0.400431465098067,9.79829215926022e-05,-0.425988890724884,0.00112844084543266,TRUE
"FOXO3",-0.357115541126434,9.79829215926022e-05,-0.424804515115391,0.000236403867711516,TRUE
"GPAT2",-1.36065043813794,0.000100446577860353,-1.48424636171342,0.000116755237393381,TRUE
"FCHSD2",0.340699038153212,0.000100545079092588,0.27301252684601,0.000501969763729871,TRUE
"RCAN2",0.567518280007671,0.000101948387461427,0.738966200298553,3.88616153235949e-06,TRUE
"AC055811.1",0.665763657742071,0.000104865343736864,0.69228472844492,8.88328011505229e-05,TRUE
"TRERF1",0.480301396216704,0.00010819643141303,0.666927618018459,4.81449227163424e-05,TRUE
"EPN2",0.343611168476125,0.000108807405132962,0.539694418422623,1.84097602438305e-05,TRUE
"AL117381.1",-0.401059626264868,0.000108807405132962,-0.42324676032856,0.00148926126125561,TRUE
"GLI2",-1.63916668280214,0.000109136515189974,-1.82595888639835,0.000368628833469364,TRUE
"YBX3",-0.942835165215702,0.000109289990794612,-0.436749125866249,0.00354247710558392,TRUE
"ATM",0.451147510218834,0.000112619419775938,0.304419186690354,0.000652212071800821,TRUE
"TSTD2",-0.461249014344516,0.000112994717416514,-0.47747891969204,0.000485365577685089,TRUE
"B4GALT1",-0.643241345223798,0.000115537089139385,-0.635452735060805,7.82203850649387e-06,TRUE
"IFIT3",-0.826537973905275,0.000116268837503837,-0.907917566924302,0.000200985629385179,TRUE
"PFKL",-0.629871464181401,0.000116268837503837,-0.608722187359812,0.000416721493868489,TRUE
"PREX2",0.396676193970228,0.000117705428447973,0.635450450499227,7.15730901423422e-05,TRUE
"RSRP1",0.452222316727629,0.000119106438094061,0.414716392918323,0.000226168873796911,TRUE
"TAF2",-0.31575488062577,0.000119106438094061,-0.283481180293135,0.00144888999003271,TRUE
"GRIN3A",1.32109727483318,0.000119106438094061,1.92664616470944,2.24409472137754e-05,TRUE
"STOX1",-1.1550614819544,0.000119106438094061,-1.06807876523321,0.000861170114778846,TRUE
"ARHGAP42",-0.248359000238215,0.000119106438094061,-0.42269136191004,1.2487439552551e-05,TRUE
"PCBP3",-0.999560755326813,0.000119106438094061,-1.02341035569364,0.00147080357222993,TRUE
"PRKDC",-0.315717760930768,0.000120862340890165,-0.384947422307797,0.000444947392116489,TRUE
"VGLL4",0.407887675417026,0.000121144252174348,0.327432919490899,0.00343194216425001,TRUE
"MALAT1",-0.109042248074606,0.000121144252174348,-0.415328739159421,6.92182386502453e-07,TRUE
"CALCOCO2",-0.500957622110089,0.000121266164455178,-0.345648017548013,0.00502586239160494,TRUE
"MINDY2",0.698847381227894,0.000122970369327275,0.472726446064783,0.00185674957840938,TRUE
"AC009061.2",1.03592124710431,0.000122970369327275,0.985797072737792,0.000419899940559822,TRUE
"MAK",0.442412669191029,0.000123429894078404,0.536695552790733,7.56441321635823e-05,TRUE
"AC005759.1",1.31062307030557,0.000123429894078404,1.50311432757162,3.31276567891369e-05,TRUE
"SINHCAF",-0.842152502729084,0.000124546381260447,-0.881490010292232,0.00049923783661115,TRUE
"AC098617.1",0.598464913601554,0.000125464759128389,0.479512425905809,0.000521546048016563,TRUE
"DGKD",0.303221329419533,0.000125464759128389,0.374751031425267,0.000180597092888497,TRUE
"AC092640.1",0.899310167024146,0.000126478240860396,0.663056809639752,2.81523668839021e-05,TRUE
"MAPRE3",-0.492172283628668,0.000126784394737321,-0.480786797572113,0.00151416911987359,TRUE
"DLEU2",0.343416353477543,0.000127547387832251,0.367536922687371,0.000133797588085965,TRUE
"CDIP1",-0.808712134941902,0.000130064101133849,-0.834505129774629,0.000147196179634787,TRUE
"WASF3",-0.558850534091915,0.000130726462375141,-0.615769645020518,0.000482255355787275,TRUE
"IL1R1",-0.526820194807318,0.000131690147887841,-0.574285799443015,0.00144888999003271,TRUE
"ZNF318",0.861007961488458,0.000133735601181481,0.6770750979653,0.000854501797882943,TRUE
"STEAP4",-0.378323401755016,0.000134732651799965,-0.676054830450422,1.65029146205444e-05,TRUE
"SPRY2",-0.649401696587184,0.000134732651799965,-0.684197100785799,0.000246649211547775,TRUE
"PMEPA1",0.535242059525221,0.000134732651799965,0.650922739241632,0.000256035099541387,TRUE
"NAB1",0.398060643184852,0.000135076665588902,0.531541338102335,2.14657345270267e-05,TRUE
"SELENOI",-0.661911340038693,0.000135238424601703,-0.575965237785848,0.000770650452599333,TRUE
"CCDC47",-0.536640730515698,0.000137568977735491,-0.48661089092246,0.00126952818390786,TRUE
"PRTFDC1",0.806511979717325,0.000138766605344154,0.928422319893723,6.77785862672343e-05,TRUE
"TFPI",-0.226476403555496,0.000139096163421499,-0.442990971112236,2.85919105225607e-05,TRUE
"PPARGC1B",0.380988121406588,0.000139096163421499,0.545906018637124,6.44740646915325e-05,TRUE
"TFDP2",0.583586072830344,0.000139731588744452,0.496327038362506,0.00213782269269642,TRUE
"ABCF1",-0.485651303564618,0.000139731588744452,-0.468368031873893,0.00141386610797665,TRUE
"PIGN",0.448153819279293,0.000139731588744452,0.621485281289257,9.70437736259747e-06,TRUE
"RYR2",0.769932612701658,0.000140893064681327,0.103385304506551,0.0763049963471137,FALSE
"AC024337.1",-1.23753189490747,0.000141481103939795,-1.14695678524099,0.00107021636483447,TRUE
"RHOT1",0.464348186224685,0.000145252831639235,0.267718325258749,0.0117908280364898,TRUE
"HDAC9",0.992363559151161,0.000147534750642618,0.507294534774654,0.000105849096835612,TRUE
"SOBP",0.283752012968883,0.000148169138548273,0.481198613637708,1.39154188244863e-05,TRUE
"AC044781.1",1.08905003005584,0.000148169138548273,1.02585098027276,0.00074514790532291,TRUE
"LRCH1",0.44333660297089,0.000152998238355168,0.225288041895605,0.0263448275720901,TRUE
"COL27A1",-0.339842121765483,0.000153561968251321,-0.46080823000516,0.00068971106141641,TRUE
"NTN4",0.757187540102113,0.000155445438305457,0.875893747339151,0.00094663478560384,TRUE
"DTWD1",0.593209368066553,0.000156332856981933,0.451290886194663,0.00122789895965633,TRUE
"ZFAND6",-0.375620332158078,0.000158448077240349,-0.355391314764466,0.000510287611210399,TRUE
"GATAD2A",-0.406966145757208,0.000158448077240349,-0.383562501439994,0.00443987239231736,TRUE
"ARHGEF6",0.363744049383572,0.000158448077240349,0.347153963616302,0.00180039530496922,TRUE
"PTPRG-AS1",-0.620060987199839,0.000160429501236398,-0.610043797993303,0.00123146770109484,TRUE
"TRIB2",-0.480933230646206,0.000160584200351768,-0.448287027882736,0.00275720123248272,TRUE
"PPRC1",-0.927681883887526,0.000161694006274728,-0.962057901894313,0.000370530754622938,TRUE
"KIAA1109",0.237729498467488,0.000164639347850097,0.264805731209265,0.000750417825766381,TRUE
"SEH1L",-0.684996273261705,0.000164639347850097,-0.709165944144452,0.000147184381886904,TRUE
"PDE1A",0.268878360564007,0.000165059200182752,0.52322589728554,2.07902683909055e-05,TRUE
"KAT2B",0.962376490671715,0.000165948320672505,0.636240482023187,0.000121383653508345,TRUE
"ILRUN",-0.338049969015984,0.000165948320672505,-0.297712404136271,0.00617080944343812,TRUE
"UBR1",-0.24414120950785,0.000165948320672505,-0.287114647376394,0.000469859237689974,TRUE
"SESN3",1.50497411649311,0.000168150924849071,0.763130235650189,0.000240394508884599,TRUE
"TMED3",-1.20404306327388,0.000170808182095904,-1.28818578090301,0.000196382292900192,TRUE
"ALDH3A2",1.01788525325059,0.000172821013255026,0.382446317117221,0.075793589543483,FALSE
"COLGALT2",-0.726807669848301,0.000173284697508694,-0.768315201040079,0.00118221612392852,TRUE
"STX5",-0.390278537457624,0.000175249047436639,-0.361458003228371,0.00214395440957651,TRUE
"CCAR2",-0.612452644388146,0.000177524568167672,-0.573188689014419,0.000436643573910867,TRUE
"SMAD3",-0.451163633360432,0.00017758980903924,-0.553660874286901,0.000162807189378807,TRUE
"TRIM2",0.485374914418013,0.000178340040265862,0.643246855934526,3.76822264117723e-05,TRUE
"ACLY",-0.824716667481671,0.000181558321625924,-0.845174586746813,0.000337216500692857,TRUE
"TBCK",0.351352428751186,0.000183998364429563,0.370029121650643,0.00104604052381222,TRUE
"ITFG2",0.3873410212577,0.000183998364429563,0.481556565034054,4.81457664674183e-05,TRUE
"STX12",-0.393207946732621,0.000184423421103651,-0.465152008170851,0.000459354884080902,TRUE
"LINC00624",-0.83417315924454,0.000184423421103651,-0.886176113954434,0.000409636602053245,TRUE
"EIF3B",-0.623840160360664,0.000185915828487093,-0.719256234273857,7.02802690309498e-05,TRUE
"ANKH",-0.723856919871806,0.000188887232436089,-0.66848777059363,0.000272828949964528,TRUE
"ABTB2",-0.737543348146683,0.000189117167467194,-0.778241706299955,0.00283182989063458,TRUE
"ALDH7A1",0.596986324687521,0.000191122075651097,0.497767675560358,0.00140946480720786,TRUE
"CYTOR",-0.776704860875248,0.000193029557427625,-1.01472299674611,0.000179737849663131,TRUE
"TTLL3",0.431338861064671,0.000193029557427625,0.495458982762911,2.27357093432214e-05,TRUE
"ACSS3",-0.336681515795749,0.000198671567808469,-0.467268069731633,7.73366876340696e-05,TRUE
"PITPNC1",-0.656885663521235,0.000198690875972267,-0.852912734480903,0.000675983768995292,TRUE
"LAMA3",0.735897554537934,0.000200997556962286,0.970425860694397,7.30501644460689e-05,TRUE
"SH3GL1",-0.519103719732221,0.000204449068012358,-0.444285235064203,0.00491721364920324,TRUE
"PABPC4",-1.14318831981326,0.000209990565008453,-0.729112240566627,0.00115370077672395,TRUE
"STRAP",-0.518921722331128,0.000210220693163527,-0.476844418983285,0.00146066400221107,TRUE
"CDR2",0.318395016805244,0.00021176374206852,0.399288884924854,0.000543773675558298,TRUE
"SREBF1",-0.672089977481527,0.000213547951644366,-0.676075787137038,0.000520407312163592,TRUE
"VCP",-0.870788141783713,0.000215577431276713,-0.303246417067749,0.0161737192651951,TRUE
"PIGL",-0.348545231752125,0.000218171105859305,-0.380300972982052,0.00140946480720786,TRUE
"EXT1",0.415548746514022,0.000219697751111971,0.308232178482658,0.00501370494784979,TRUE
"EIF3A",-0.38193084890729,0.000221059791652921,-0.36531848947933,0.00107340787529551,TRUE
"NFYC",0.616405737222484,0.00022174587026126,0.249594151892901,0.0271601142923502,TRUE
"STARD9",0.376372117240257,0.00022174587026126,0.493284807593997,5.65229421724001e-05,TRUE
"BCL2L13",-0.396648480188363,0.000221806054977025,-0.464384978630405,3.74315862381181e-05,TRUE
"GSTA4",0.673283026288015,0.000224395213725056,0.699027781344721,0.000176328093034188,TRUE
"MLLT3",0.324644189224753,0.000227477874093038,0.506215211471357,4.41305824148912e-05,TRUE
"ZSWIM7",0.47982814603347,0.000228870557203221,0.535959782346958,0.000198067088229435,TRUE
"RASAL2",-0.197822162109795,0.000230269014776544,-0.302660952904213,0.000660198592715914,TRUE
"OSBPL6",0.792047600698115,0.000233721768147907,0.910203306148909,1.89266952620238e-05,TRUE
"SERPINE1",-1.74634720510045,0.000233721768147907,-1.8504453846891,0.000552515974365829,TRUE
"PARD6G",0.849757396429798,0.000233721768147907,0.89248849435123,0.00088925245297814,TRUE
"CPEB3",0.588880526007948,0.000235693097922891,0.343436226990707,0.000440795689299191,TRUE
"DNMT3A",0.400469263894006,0.000236607232696401,0.494402596556379,0.000203537311217312,TRUE
"CSRNP3",0.845693538200269,0.000237652704435539,0.91966297409458,0.000444735654956392,TRUE
"VKORC1L1",-0.317207485857238,0.000239330705676531,-0.288764086938242,0.016625432762975,TRUE
"GJA4",-0.631827841727382,0.000244315563422223,-0.62126159114581,0.00192295827500155,TRUE
"PSMD14",-0.523449357006194,0.000244666778131575,-0.460223113024968,0.002602617088177,TRUE
"UXS1",0.749240590313817,0.000245346543917353,0.951253661303807,2.18030600840576e-05,TRUE
"AC092683.1",0.53257250309622,0.000246915229899704,0.573791166021187,0.000389964663064729,TRUE
"GSAP",0.91605858328784,0.000249646299204167,0.407803165357373,0.0372754876542558,TRUE
"PPIA",-0.746378380810886,0.000252923099847394,-0.409100325000382,0.00106543696705288,TRUE
"HIBCH",0.619434093541431,0.000256647879321595,0.329875497983542,0.00215077465076841,TRUE
"PRICKLE2",0.330171643416588,0.000256647879321595,0.450003573284663,0.000118597550488436,TRUE
"DCP1B",1.01155739219596,0.000258261596358665,0.441588968476572,0.000818467710832797,TRUE
"AC012291.3",1.01129268790948,0.000258261596358665,0.820307472371003,0.00288306039055109,TRUE
"UTP4",-0.756397059531371,0.000262480664778291,-0.768020167829873,0.000545326945908179,TRUE
"GNB4",0.424062742891106,0.000262669110297533,0.418167662486549,0.0011737310351351,TRUE
"GSTK1",0.88984837880316,0.000266269002209631,0.304369109112475,0.0375798591921388,TRUE
"MARC2",0.527122444033865,0.000267375849883706,0.590259769911772,0.000193765992057403,TRUE
"CEP44",0.644821085031375,0.000267375849883706,0.472768779263746,0.00168240872852257,TRUE
"ZNF710",0.537370278442488,0.000268742542593378,0.611418169309938,0.000225100254723643,TRUE
"SURF4",-1.09447600191308,0.000270755650913593,-0.273016846984176,0.110356576277456,FALSE
"ANAPC4",0.516464121553017,0.000271797921446014,0.496752743783675,0.000899849817635694,TRUE
"DLD",-0.552729315287902,0.000273589300090656,-0.498272077602805,0.00108984621464699,TRUE
"TRNP1",-1.00768234626885,0.000278353436767578,-1.00459826095252,0.000914896732519512,TRUE
"LARGE1",-0.262609109251219,0.000280385516394136,-0.285111376034017,0.0014521838794511,TRUE
"SLC44A1",0.570438439090436,0.000284068480398823,0.39054566505685,0.000604812366425925,TRUE
"PPFIA2",-0.698742292128639,0.00028433771684396,-0.69046867035036,0.00342669960045078,TRUE
"CBFA2T2",0.330260620046011,0.000284809084380971,0.38290642742678,0.00041365996175218,TRUE
"PPARG",-0.452703454916773,0.000284985280952942,-0.631626806483341,0.00122789895965633,TRUE
"NAXD",-0.581179297783726,0.000287294450669661,-0.611132974302432,0.000440795689299191,TRUE
"AL035071.2",-0.78185722320688,0.000288929475714258,-0.825834695812326,0.00127439545835124,TRUE
"AC003991.1",-0.499337807751643,0.000289314113187945,-0.768136516066332,4.55281889606879e-05,TRUE
"AC005550.2",0.516752465041272,0.000290005057520404,0.648722598670486,0.000186259418146622,TRUE
"N4BP2L1",0.576826227729471,0.000292770775755741,0.671673612207927,0.00019985316393472,TRUE
"SLC2A6",-0.856779781958729,0.00029464185415681,-0.832780199738563,0.000575526986999079,TRUE
"AC026353.1",0.781830591146692,0.000294826433695354,0.926099173308617,0.000482255355787275,TRUE
"RHOQ",-0.506485352377095,0.000296474924955695,-0.458257299952134,0.000389495350517242,TRUE
"SEMA5A",0.232644392506898,0.000298135226909403,0.354788006899958,0.00238971411297529,TRUE
"AC048341.1",-0.516694766654129,0.000298135226909403,-0.517660844090901,0.000314270475027566,TRUE
"SLC25A12",0.423683563811363,0.000302680974665375,0.243719433509107,0.00886950792782577,TRUE
"GPRC5B",1.22767921306111,0.000303456928115885,0.775296429206437,0.00172405996223215,TRUE
"POLR2B",-0.382558585838095,0.000304438245979755,-0.524076973189275,0.000176328093034188,TRUE
"ITPRID1",-0.735692670355079,0.000305266600555164,-0.808484442439982,0.000647616269029155,TRUE
"CPE",0.295134985016297,0.000306265258720135,0.45116399071645,0.000890798134837332,TRUE
"AC011346.1",0.782641924011857,0.000306265258720135,0.480206902478368,0.00102420268566158,TRUE
"HLF",1.13122630266641,0.000306265258720135,0.934646627281691,0.000990744808003605,TRUE
"PUM3",-0.469496144792343,0.000308010338405401,-0.512482050315546,0.000545326945908179,TRUE
"CSTF3",-0.327033472468213,0.000309205604388778,-0.339226887573824,0.00118221612392852,TRUE
"AL160254.1",1.38674731928487,0.000311633781761535,1.39369441167517,0.0022078781689387,TRUE
"URB1",-0.596842679938941,0.000315345856683124,-0.56790191490048,0.000760220600795948,TRUE
"FANCI",-0.860012968696086,0.000318121463218243,-0.931737390964044,0.000231894731759807,TRUE
"BCL7C",0.476206187672762,0.000318253987610641,0.503779932790292,0.00122310511095834,TRUE
"CEP192",0.497615578882046,0.000318253987610641,0.349924664789879,0.000862015430326815,TRUE
"SND1",-0.364135519293651,0.000318413120498252,-0.432281578755362,9.70204025983319e-05,TRUE
"HMGN3",0.761207126469907,0.000318768381861816,0.308195145875395,0.00819092457461587,TRUE
"LHFPL6",0.207218021165668,0.000319825162618764,0.614101825255311,1.89012605578584e-06,TRUE
"STIM2",0.608207085723837,0.000320069549468768,0.422644714411101,0.00177453204276922,TRUE
"TGFB1",-0.423185212713021,0.000321779106083804,-0.4584773711383,0.000682681142230861,TRUE
"COL6A1",0.367067809918855,0.000321779106083804,0.3870837670079,0.000100613961439157,TRUE
"MVB12B",0.68068926458688,0.000324010076415152,0.529918460502504,0.00122789895965633,TRUE
"TESC",0.405038449891944,0.000326945080239041,0.512158549926991,5.67380368599729e-05,TRUE
"MBNL1",-0.244238832249567,0.00032935654257334,-0.288213963892142,0.00119236526957669,TRUE
"NBEAL1",-0.168001647420702,0.000331449150992885,-0.388428643750327,0.000186259418146622,TRUE
"AC005562.1",0.436127752428721,0.000331449150992885,0.519956980785831,0.000259926471976996,TRUE
"PER3",0.731716865107849,0.000331952547842823,0.915891390167011,0.000667186674981089,TRUE
"SIDT2",-0.529543289984701,0.000334042290834994,-0.544163187600763,0.000459354884080902,TRUE
"AC020915.2",0.548423478880242,0.000334230509787753,0.645923543001324,6.28872187148024e-05,TRUE
"NRG2",1.25241268538842,0.000334501610076018,0.617500832109149,0.00314136000494779,TRUE
"MARS",-0.565831215330613,0.000334889866816186,-0.566054476480437,0.00118221612392852,TRUE
"ATL2",-0.376403488515243,0.000337901404448127,-0.337015574520524,0.00170657387049901,TRUE
"CUX1",-0.271026930274474,0.000338297911948498,-0.357243639389495,0.000114224840209712,TRUE
"CCT6A",-0.735322805525203,0.000338918149525339,-0.540808071797029,0.00386464656548656,TRUE
"PBXIP1",0.829923612293354,0.000340454831891443,0.604667003712346,0.00407823206415801,TRUE
"NFASC",0.371655182607069,0.000343397800103163,0.681020390004185,7.85380519392235e-05,TRUE
"TCERG1",-0.366436889273009,0.000344097441830509,-0.402507973939902,0.000219833824581876,TRUE
"PCSK5",-0.497677582788787,0.000344777944510433,-0.730356618110095,2.09063987428925e-05,TRUE
"DARS",-0.305910768934182,0.00034502945425496,-0.269450918483141,0.00587548509835849,TRUE
"CDC5L",-0.472987078591008,0.00034502945425496,-0.487153528162842,0.000761929373488344,TRUE
"DOCK9",0.431413337750822,0.00034502945425496,0.426695140659646,0.00166173975949707,TRUE
"MAP2K6",-0.738351654039936,0.00034502945425496,-0.795909298278962,0.00229968999508447,TRUE
"NRSN2-AS1",0.318958761329408,0.00034502945425496,0.437784005642518,5.45177938634206e-05,TRUE
"HNRNPF",-0.528781676929981,0.000348308459065359,-0.528506813408764,0.000750417825766381,TRUE
"COBLL1",0.226933568562842,0.00034894580503321,0.37560289880366,4.80164860114081e-05,TRUE
"MAML3",0.605335742343146,0.000349107699569202,0.434814306416137,0.00631209832315212,TRUE
"PHACTR2",0.357232709862337,0.00035326844771582,0.301217204683696,0.00121936286771799,TRUE
"CEP89",0.580950877771743,0.000353741805185156,0.638296282351034,0.000569746860939373,TRUE
"TBC1D22A",-0.240004992268487,0.000353741805185156,-0.293835044497712,0.00214395440957651,TRUE
"NHLRC3",0.661850571999308,0.000353985777678625,0.484363489072344,0.00189124755688287,TRUE
"POLR1A",-0.800764949183353,0.000354458277906844,-0.840954168728101,0.000490761328493005,TRUE
"ZFP64",0.664448053211925,0.000354895091225735,0.868300558990797,0.000219833824581876,TRUE
"RAPH1",-0.244309980507332,0.000357147489002292,-0.384870655959304,0.000738844103140198,TRUE
"POMP",-1.10650106215368,0.000357147489002292,-0.357447867348133,0.0138494920154855,TRUE
"ZNF518A",0.419022061256409,0.000360723880900622,0.285692276063355,0.0109218849344437,TRUE
"AC025280.3",-0.757875785818789,0.000364285988505735,-1.1770165423404,0.000173710470333923,TRUE
"TTC12",0.705385274199696,0.000364437687077552,0.731558673716723,0.000538520915231519,TRUE
"PMM2",-0.459259726529621,0.000364437687077552,-0.584763848269435,0.000182714732152943,TRUE
"TGFBR2",0.484778310737731,0.000366517393564203,0.427840014652002,0.000114821913472982,TRUE
"LRRC17",0.937545605665002,0.000367324210326439,1.0186746268212,0.000762114275724409,TRUE
"LTBP4",0.644823032085694,0.000374087107651459,0.466352964606653,0.00121161923242238,TRUE
"NBN",0.584980868543088,0.00037515096175149,0.432902892070246,0.00322988476880557,TRUE
"OLFM2",-0.788697941517427,0.000375446633815366,-0.820690018040664,0.000440795689299191,TRUE
"ZUP1",-0.641149936571292,0.000375668871309798,-0.591504597762466,0.00244457759583744,TRUE
"TBC1D4",0.76459769470684,0.000382153597484936,0.325545316637201,0.00115412944997916,TRUE
"PLXDC2",0.748247993990229,0.000382605681257169,0.448386836966597,0.00200156237653727,TRUE
"GAS5",-0.790868923248195,0.000384012960988833,-0.790268024586247,0.000482255355787275,TRUE
"COG6",0.462209816889302,0.00038875225232759,0.395799277270912,0.00172908570440331,TRUE
"ZNF385D",0.441588530018376,0.000391788901630021,0.603183309621932,0.00112844084543266,TRUE
"C1QTNF1",-0.431142221942673,0.000397318169010219,-0.536712038024607,0.00025808586603578,TRUE
"CLIC4",-0.404505901704205,0.000402753468510611,-0.498316535899185,0.000226168873796911,TRUE
"RAB6A",-0.278072348355547,0.000402753468510611,-0.263015564725353,0.00439024455056655,TRUE
"SGMS1",0.329213914529535,0.000403847613916629,0.40855925728846,6.84575644022156e-05,TRUE
"URM1",-0.616101542470503,0.000404967860359505,-0.522645933464918,0.00302292205073867,TRUE
"AAMDC",0.32668778586504,0.000404967860359505,0.3954679871578,0.000546100027089848,TRUE
"RBPMS",-0.193752601209014,0.000407934464969466,-0.340691196506667,0.000991526766295898,TRUE
"NAALADL2",0.776981403942378,0.000409867648536827,0.432054052042608,0.000569753216007432,TRUE
"MTSS2",0.821243470963736,0.000417435055495472,0.939497234020044,0.000175652943807737,TRUE
"TRAPPC12",0.289604643024868,0.000417975523330544,0.349166178196922,0.000464330960280486,TRUE
"DAZAP1",-0.47870297639823,0.000417975523330544,-0.405659339151908,0.00749150449318118,TRUE
"SLC27A1",0.619132342763792,0.000417975523330544,0.223895284527109,0.0873169445200987,FALSE
"PDE8A",-0.2133115331041,0.000419376938516059,-0.428129688802085,0.000416721493868489,TRUE
"NBAT1",0.662435160971155,0.000428841332821342,0.775249988359495,0.000118290964794249,TRUE
"CLIP2",0.346586299301214,0.000428841332821342,0.344421628331002,0.0118190798479518,TRUE
"TM7SF3",0.469696312749147,0.000428841332821342,0.523046387429287,0.000419825533001348,TRUE
"TIMP1",-1.33660124451019,0.000428841332821342,-0.565753423056866,0.000995372760483412,TRUE
"SPOPL",0.434990719287967,0.000433659983203039,0.499111072477506,0.000383629899560628,TRUE
"GANC",0.608828209738986,0.000435101275945069,0.44412519037472,0.00320678079370794,TRUE
"LRP1",0.408860033283344,0.000435625069629834,0.365083424493051,0.000204759765215276,TRUE
"CCDC36",-0.700524272160664,0.000444212610315759,-0.734536378304706,0.00130474675156622,TRUE
"SLC51A",-0.859922102361767,0.000444212610315759,-0.859973476284661,0.000973815281723674,TRUE
"TADA2A",-0.53097581178417,0.000444212610315759,-0.569073509200957,0.000290160209887126,TRUE
"ABCC5",0.721586270673161,0.0004454088649502,0.330416279290342,0.000247431133665992,TRUE
"THRAP3",-0.282386330856425,0.000447909557083485,-0.299567775692369,0.000890018886139255,TRUE
"AC084198.2",0.731959416922148,0.000447909557083485,0.393936972257973,0.0398588424474749,TRUE
"AL139021.1",-0.762432755241297,0.000448970437799995,-0.716580148150566,0.00262251357063382,TRUE
"AC018682.1",-0.469299383936595,0.000453374043211683,-0.599920021553933,0.00034231225007139,TRUE
"LASP1",-0.408401966434859,0.000455356415595297,-0.429162795621431,0.00202052043317426,TRUE
"MOB1B",0.389778681012641,0.000458759077205234,0.379791285897605,0.00253696759817166,TRUE
"NBPF19",0.63279622866428,0.00046029319720044,0.670153267100687,0.000818458477292816,TRUE
"CCDC92",0.3504004443526,0.00046029319720044,0.586905866729524,5.81860284533435e-05,TRUE
"DNM1L",-0.300522972531412,0.000465907069548581,-0.254964405953693,0.00472102954597389,TRUE
"REEP3",-0.294934071160894,0.000468742658008265,-0.316334846828366,0.00524212622867029,TRUE
"CHKB",0.847273639703238,0.000468742658008265,0.297742178594987,0.12157134906099,FALSE
"ZFP91",-0.487364320820452,0.000470907300635821,-0.499270985952506,0.000182714732152943,TRUE
"SH2D3C",0.509288074510315,0.000477719089673316,0.598184753305743,0.00339501527570391,TRUE
"BAZ1A",-0.388996957211722,0.000477719089673316,-0.471738341268234,0.000501969763729871,TRUE
"GCN1",-0.438755577193254,0.000489797368267304,-0.500548151368396,0.000362939320388984,TRUE
"GLRX",-0.432102919787772,0.000502441974156439,-0.384682726247224,0.00424814798584878,TRUE
"ARMC8",-0.305173836016064,0.000512858137961194,-0.32702231789777,0.0014730227425747,TRUE
"LIFR",-0.539537826289306,0.000512858137961194,-0.533969569306774,0.00114566874493472,TRUE
"SUSD6",0.332333017624993,0.000516698912373344,0.391450185135534,0.000569753216007432,TRUE
"ASXL1",-0.261500914864743,0.00052318398403359,-0.351816785777113,0.000225547033918506,TRUE
"ZNF532",0.304566990284348,0.000525803438351852,0.440813496693886,5.85944457202782e-05,TRUE
"LRRC37A3",-0.497128775983926,0.000526462300233751,-0.522615920956507,0.00259225056952301,TRUE
"AL139294.1",0.585919905937783,0.000528598848085482,0.701000449763499,0.000107947671883105,TRUE
"KPNB1",-0.30395852463497,0.000530336475901921,-0.35000195109974,0.000661424147954057,TRUE
"TECR",0.958258573139808,0.000533082387783544,0.35222162163779,0.0354623317216892,TRUE
"RPP38",0.420037027175912,0.000539775709362174,0.497956659655046,0.000704414526439126,TRUE
"CCDC3",0.824214027012428,0.000539933419389947,1.01584753665738,0.000609184268362524,TRUE
"NUAK1",-0.684356469916155,0.000543077272328788,-0.601074561141516,0.00173805127268381,TRUE
"AC110795.1",0.498633605362646,0.000544695299561755,0.531044908911476,0.000558142628773315,TRUE
"ZNF780B",0.423843074284653,0.000544695299561755,0.380004621639717,0.00487836036378598,TRUE
"MEOX2",0.420720245173334,0.000545608228693734,0.634177606939084,0.000485921391153578,TRUE
"NCALD",0.417725262416872,0.000546996316088659,0.537213459256926,0.000859641011493514,TRUE
"DHX37",-0.914669708591669,0.000552413800827701,-0.916525871096788,0.000940432949074091,TRUE
"VGLL3",-0.972117368764847,0.000558127368526903,-0.871465745977335,0.00356994494016032,TRUE
"ITGA9-AS1",0.572455106974596,0.000561319671926823,0.562662413217199,0.000760220600795948,TRUE
"TP53I11",-0.789088640618781,0.000570542539058676,-0.843976927792326,0.000674047342256325,TRUE
"CD63",-0.585977690848958,0.000581734930843623,-0.142233985360626,0.167025627225704,FALSE
"IFIT2",-0.917333527563992,0.000587387529162428,-1.06705971599182,0.000356579997836874,TRUE
"NEURL1",-0.749594296000692,0.000589816109150386,-0.742257921261172,0.00422104601853283,TRUE
"EVI2B",-0.598028547804739,0.000596547387528516,-0.46745842662211,0.0138224517776729,TRUE
"CLYBL",0.548508245939814,0.000597967118581016,0.251797224233278,0.09150353902961,FALSE
"PVT1",-1.04144939570004,0.00060106183524572,-1.29340958604185,0.000702311863681807,TRUE
"BMT2",0.464255762950305,0.000603565788318424,0.222545275775548,0.0634452268636685,FALSE
"AC025165.2",-0.69577710415849,0.000603565788318424,-0.717260773971821,0.00393667486131563,TRUE
"PCMTD2",0.807231228721129,0.000609907872631366,0.540487626632737,0.00343194216425001,TRUE
"PDE7A",0.886673810822551,0.000619905358973182,0.145441489981391,0.137445332220707,FALSE
"CRY1",-0.533718184044986,0.000619905358973182,-0.64773376759535,0.00105182102762095,TRUE
"PRMT2",0.36281407776411,0.000619905358973182,0.385034241290941,0.00116848968486264,TRUE
"CTPS1",-1.13655660983842,0.000624423638547433,-1.14402839131716,0.000903663021189525,TRUE
"INKA2",-0.536976752262967,0.000624423638547433,-0.624452290233751,0.00115251528188245,TRUE
"MAP4K3-DT",0.639068647213675,0.000624667612399149,0.44021978863196,0.00191790227689091,TRUE
"CD59",-0.98988166458809,0.000626670935317248,-0.155542349242142,0.147488695787041,FALSE
"CRYBG3",0.488524565983265,0.000628427250052651,0.332482842722106,0.00427169939401361,TRUE
"SLC5A9",-0.888541469558593,0.000631780715847069,-0.804816273846555,0.00597886445673007,TRUE
"RFX8",0.912410413538385,0.000634954468998169,1.16614368934526,0.000101642626147342,TRUE
"TIPARP",-0.840284935805962,0.000634954468998169,-0.644393746170804,0.00132726587322463,TRUE
"IRF2",0.392263548428879,0.000643568962184049,0.380027784962918,0.00260658764792477,TRUE
"CDK19",0.399083350451973,0.000643590870990523,0.235737866360018,0.0223375519970214,TRUE
"BST1",0.914186416598006,0.000646634884902979,0.962601469154753,0.000552515974365829,TRUE
"ACBD5",0.779675863157919,0.000651579474221461,0.423528155625408,0.00993444522407014,TRUE
"PARP9",0.620428784613637,0.000662749214779611,0.426615700731417,0.0107147727162103,TRUE
"GALC",0.77929259562885,0.000669421065250676,0.408274768404385,0.119430747834549,FALSE
"AC113386.1",0.630293748905304,0.000673814483757914,0.631856653355713,0.00489529237972143,TRUE
"STX3",-0.547132971803744,0.000673814483757914,-0.503274042546222,0.00412930704582912,TRUE
"AIFM2",-0.681484426615797,0.000675325034488081,-0.596381677258054,0.00679211701882204,TRUE
"CRISPLD2",-0.56344895949207,0.000677042297299975,-1.04531887979649,0.000241681042060464,TRUE
"CARMN",0.186630909166209,0.000677197101048803,0.437361439879173,0.000217390100385284,TRUE
"PROSER3",-0.686462071865514,0.000677197101048803,-0.613584465256399,0.00394827618832164,TRUE
"NAT9",-0.604424386828861,0.000677330015143008,-0.55543672064698,0.00130474675156622,TRUE
"ZSCAN26",0.621910320758483,0.000690729930639906,0.534066730801631,0.00254513644800991,TRUE
"AIG1",0.491316682953968,0.000690729930639906,0.200850736880334,0.073878044691758,FALSE
"NDUFAF6",0.405017397462148,0.000690729930639906,0.44112730809442,0.000917273579402891,TRUE
"SPRED1",0.191305421198898,0.000690729930639906,0.321274956648604,0.000178620033081367,TRUE
"L3MBTL4",0.700441329150824,0.000690729930639906,0.766215317693123,0.000240951931060319,TRUE
"EIF4G1",-0.582202276943571,0.000695294594909522,-0.466878337354136,0.00368287024375672,TRUE
"SDCBP2-AS1",-0.436575254120209,0.000696668719833578,-0.464836658552244,0.00122366211662204,TRUE
"GPCPD1",0.509143393537472,0.000702741932963053,0.270989399989041,0.0983773053444684,FALSE
"DTNB",0.695086081024965,0.000704259025363611,0.287534862200302,0.0502500477119731,FALSE
"FANCC",-0.282045641158967,0.000704948379797838,-0.3081604579549,0.0043066512803047,TRUE
"KCMF1",-0.273852369350681,0.000708489880336014,-0.274214111775559,0.00368829259316028,TRUE
"XPO6",-0.30621028769204,0.000722395388458559,-0.233216943868912,0.0386398455137346,TRUE
"MAPK1IP1L",-0.390382842639612,0.000727121026839167,-0.303768156417149,0.00567167676909981,TRUE
"TBC1D10A",-0.786991124591296,0.000742846471086873,-0.754635988902884,0.00287583393167162,TRUE
"ASPN",0.523169370917361,0.000744590890355122,0.623052929783609,0.00064552819171808,TRUE
"DZIP3",0.508269821972574,0.000746140199973194,0.414351983661755,0.0122756260706114,TRUE
"STAMBPL1",0.549414168330549,0.0007473056828972,0.586292972214225,0.00326638211047376,TRUE
"METTL25",0.710654680469827,0.000749078762445622,0.371382446988837,0.0191954389938071,TRUE
"AAGAB",-0.504217591906018,0.000749078762445622,-0.515559108440197,0.00316570430629316,TRUE
"REM1",0.779200803303337,0.000749078762445622,0.832498002528699,0.00100103797922359,TRUE
"EIF2S2",-0.423492651563597,0.000749078762445622,-0.422784334592429,0.00168302567200384,TRUE
"EIF1AX",-1.10560128955855,0.000749078762445622,-0.294842958215597,0.0815760562150848,FALSE
"FAM126B",0.38294742129672,0.000755163242943263,0.198601059171997,0.0609490598131144,FALSE
"BCAR3",0.409809154887086,0.000755281343259901,0.556520308905284,0.000362939320388984,TRUE
"RBMS3-AS2",-0.271523115215352,0.000758836856577386,-0.515349458381003,0.00014590414459288,TRUE
"CD99",0.357479356039624,0.000758836856577386,0.334811836872841,0.00150603809793357,TRUE
"ANKZF1",0.838721282354857,0.000764006695349816,0.482665359198214,0.0105039521549675,TRUE
"MYOM1",1.16318426683626,0.000764006695349816,0.38907534777925,0.000744558685767271,TRUE
"HAAO",0.699470261712024,0.000770311436339232,0.800791031039998,0.000467405956120224,TRUE
"PALM2-AKAP2",-0.408051427064508,0.000770311436339232,-0.533549141406979,0.0018927382293917,TRUE
"KCNQ1OT1",-0.548013236104657,0.000772485513776577,-0.683026857915013,7.15730901423422e-05,TRUE
"TRPV2",-0.627548539272812,0.000772485513776577,-0.631588746756302,0.00113293501012922,TRUE
"AC245297.3",0.622050646437625,0.000789340513205612,0.395295539876564,0.00181173546206365,TRUE
"NDUFAF2",-0.34762579679312,0.000820430456415273,-0.342953220315794,0.00641528215320983,TRUE
"PDE1C",-0.172213475084704,0.0008205155753565,-0.443009840443788,3.47781545520973e-05,TRUE
"CRYL1",0.680322123505683,0.0008205155753565,0.557808398249567,0.00213784175490816,TRUE
"PGPEP1",0.714686676420948,0.0008205155753565,0.244166566835716,0.223647769208048,FALSE
"ARF4",-0.459485671449814,0.000821339023858442,-0.467573254334634,0.00244294632389518,TRUE
"LINC00472",0.336213670057139,0.000840243578474565,0.357249075215246,0.00215077465076841,TRUE
"TTC39B",0.493586872517722,0.000840582526732515,0.571748502076487,0.000432701351538026,TRUE
"TXLNA",-0.539031617041461,0.000846000735209369,-0.514527577112411,0.00501370494784979,TRUE
"DAB1",0.416945377599536,0.000846000735209369,0.574977413100849,0.00348377897092634,TRUE
"STXBP5",0.408490892503644,0.000846000735209369,0.186893226929435,0.0464382175965911,TRUE
"CARF",0.53519386120469,0.000846980808888995,0.335612007755158,0.0223375519970214,TRUE
"AHI1",-0.530989744629863,0.000853666971272509,-0.505479012449593,2.99947413843276e-05,TRUE
"LAMA4",0.206337835788844,0.000856170110640465,0.229422533913309,0.0230538888660588,TRUE
"GOLM1",0.462926484903756,0.000859922525399863,0.627157908823606,0.000107291230103679,TRUE
"KIF3A",0.544391888493474,0.000862848934036707,0.52208021665404,0.00305632612487806,TRUE
"CRK",-0.304460487758074,0.000864161783628444,-0.27756268579822,0.00733897191331344,TRUE
"LMBRD1",0.353562946284431,0.00086453161724737,0.182332395812184,0.110596035712497,FALSE
"NUTM2B-AS1",-0.336579325566828,0.00086453161724737,-0.469171969406713,0.000497141574153609,TRUE
"DLGAP3",-1.45882348356422,0.000870815785065551,-1.41126917650248,0.00232530867961663,TRUE
"TBC1D5",0.225692463670433,0.000871003167434891,0.209099825287064,0.0022920407043738,TRUE
"EIF4B",-0.27632362782523,0.00087642461464763,-0.319657910350632,0.000850421678883565,TRUE
"NMD3",0.253272320116443,0.000889567057590278,0.485949327016862,7.8760796879373e-06,TRUE
"MSN",-0.322123389040232,0.000906160507053636,-0.491695663623189,2.71377128063133e-05,TRUE
"SLC36A4",-0.688693270719916,0.000906235248399512,-0.564194737483885,0.001219266074581,TRUE
"VMP1",-0.384804371652436,0.000906235248399512,-0.434306702147797,0.00123334564960114,TRUE
"TNFRSF1B",-0.45916349486798,0.000917823417473327,-0.509782109705602,0.00229835046950707,TRUE
"RHEB",-0.832217934012293,0.000921777267106568,-0.448607099923324,0.0021645955391844,TRUE
"PTP4A3",-0.791396254396684,0.000937618054257002,-0.663474809563815,0.00118924832285,TRUE
"NBEA",0.341609022739798,0.000937618054257002,0.27990736501826,0.00095753862066371,TRUE
"FAM117B",0.503493047936628,0.000940082429124632,0.631873844157258,0.000644234088217583,TRUE
"ANGPT1",0.477001614506103,0.00095021623636978,0.654007775906362,0.000903060941163652,TRUE
"NPLOC4",-0.303265683228799,0.000952239380266136,-0.301280199958817,0.00376530509414704,TRUE
"FHL3",-0.75108388423735,0.00095942291049747,-0.795880771185882,0.00102420268566158,TRUE
"PCDH18",0.865836811867055,0.000961548856156887,0.899266680035521,0.000196382292900192,TRUE
"PITPNB",-0.337110154917378,0.000961937413666946,-0.371397302026254,0.00136936448740866,TRUE
"TRAPPC10",-0.379956570367636,0.000970182942270627,-0.437602648069773,0.00133083736714768,TRUE
"NGF",-0.426479473620105,0.000974252486882406,-0.64208695392667,0.00168671212326577,TRUE
"DSE",-0.381193629150068,0.000974252486882406,-0.513248993454688,0.000622193724848604,TRUE
"CAMK1D",0.47031051791818,0.000974662505301372,0.510316256049526,0.00170957765393177,TRUE
"PHLDB2",0.513384638383775,0.00097519538566857,0.450530609863533,0.00215077465076841,TRUE
"TSHZ1",0.634095048091507,0.000981875968736655,0.540005261580705,0.00240996578377928,TRUE
"EXOC6B",0.269436073245899,0.000986333978650211,0.0898704022772252,0.205023884092707,FALSE
"CSNK1D",-0.347263790578716,0.000993026519909324,-0.401644165987258,0.00104716080586976,TRUE
"BRAF",-0.183878012894408,0.00101459706301824,-0.209068020542261,0.00799487401320044,TRUE
"MIR181A2HG",0.61533697509483,0.00101462249984617,0.600728766455886,0.00169869108867467,TRUE
"PNISR",0.185794520961038,0.00101469634332201,0.196436188105769,0.00407823206415801,TRUE
"ARPC2",-0.341243438876539,0.0010149141780466,-0.397839768995101,0.0028828508057974,TRUE
"ANXA4",0.657667021468841,0.00101559748355013,0.590516682750188,0.000106927579615305,TRUE
"STOX2",0.860835807603669,0.00101559748355013,0.443156645231219,0.00197233472805238,TRUE
"SH3YL1",0.608031573281841,0.00101765994680679,0.308769249666677,0.0300097740254501,TRUE
"NR4A1",-1.22145476481604,0.00101765994680679,-1.17789027947465,0.000546100027089848,TRUE
"AC027097.2",-0.403915480659427,0.00102620279550795,-0.448120396109115,0.00316570430629316,TRUE
"CTBP2",-0.292613367409359,0.00102871000703019,-0.402934895899372,0.00360734741011899,TRUE
"ARHGEF9",0.578026983297502,0.00102871000703019,0.492480578096592,0.000836972981961091,TRUE
"POLR1B",-0.701511327647476,0.00103741422620318,-0.567705294320345,0.0137584595144935,TRUE
"CLASP2",0.312416679480104,0.00103790484047888,0.164734556253389,0.06742829444063,FALSE
"SPRY4",-0.464470550503206,0.00103790484047888,-0.497579418105433,0.00183363461820148,TRUE
"INPP4A",0.337378941254256,0.00104132502756348,0.432519500733244,0.000469858498628196,TRUE
"ST5",0.355533165588348,0.00104701678695728,0.499833483928869,0.00107021636483447,TRUE
"KPNA1",-0.255092197180117,0.00105076882354239,-0.2754625978732,0.00192295827500155,TRUE
"AC068733.3",0.769808579473683,0.00105403494319811,0.62162222634747,0.0014710623212001,TRUE
"MAGI2-AS3",0.666661040282894,0.00105451179299634,0.317029427035886,0.0410540337624395,TRUE
"PPP6R2",-0.18250998908878,0.00106693796329874,-0.190997709343293,0.0168176499478996,TRUE
"E2F4",-0.792775382521279,0.00107066008944426,-0.562091156574353,0.00422104601853283,TRUE
"UBR4",-0.287160774373784,0.00108277397058163,-0.335363907028105,0.00176005823331385,TRUE
"AC053513.1",0.367043018731076,0.00108277397058163,0.481245422625766,0.00028312012743364,TRUE
"PILRB",-0.381438146348305,0.00108808016737601,-0.338292933415871,0.00894587154278807,TRUE
"AP002449.1",-0.917817359661851,0.00108808016737601,-0.946655812825289,0.000871225793808158,TRUE
"AC018557.3",-0.486503348342406,0.00111057987910595,-0.360810493588348,0.0178704906238703,TRUE
"GUCY1B1",0.280740853596939,0.00111162419475243,0.405681908530315,5.85029727664633e-05,TRUE
"DDX39A",-0.743080224121444,0.00111331505756945,-0.710902298160958,0.00202136815627882,TRUE
"MEF2D",-0.306099412161328,0.00111416048263679,-0.343405605401247,0.0069700151661151,TRUE
"NAA25",-0.297709842764834,0.00111441502010014,-0.253665915759968,0.0174276282331405,TRUE
"BBS9",0.27158975105896,0.00111458517316407,0.30945774191245,0.00472943805561837,TRUE
"CSF1R",-0.478416884700544,0.00111768884931644,-0.555012232507879,0.00232651220042168,TRUE
"AC090579.1",-0.661590967494154,0.00112100518810137,-0.780258233827081,0.00144888999003271,TRUE
"SOX13",-0.439204323807433,0.00112862756033653,-0.470253352518581,0.00183363461820148,TRUE
"PCGF5",0.424101941569805,0.00112862756033653,0.158939175951536,0.173240669011087,FALSE
"AC105942.1",-0.865622389630073,0.00113425605824253,-0.84581430937311,0.00326638211047376,TRUE
"PLEKHM3",0.411576568122595,0.00113799302897643,0.397558382180628,0.000674259744800213,TRUE
"DOT1L",-0.5705462248846,0.00113799302897643,-0.58145164841765,0.00169682749481248,TRUE
"RHOA",-0.505180438194076,0.00114137608239191,-0.309866270810918,0.0106021868236643,TRUE
"TMEM94",0.55568264519,0.00114137608239191,0.655750215259748,0.000436643573910867,TRUE
"MIR762HG",0.53430969881739,0.00114480666752683,0.558430855415154,0.00420106420889702,TRUE
"SRSF4",-0.268345893934585,0.00114546782728601,-0.264529494238818,0.00515954629089432,TRUE
"ADAMTS6",0.899012973813968,0.00115307582666375,0.808291362902884,0.00393667486131563,TRUE
"ZNF844",0.942169050522976,0.00115307582666375,0.716730147231348,0.00785244578641304,TRUE
"SCFD2",-0.390741606522794,0.00115565496524434,-0.356547108323493,0.0256093472224436,TRUE
"CAPZA1",-0.275021662829135,0.0011560287063427,-0.312135576389133,0.000622193724848604,TRUE
"SZRD1",-0.47210725369125,0.0011574054390952,-0.404799125472443,0.0097998019484406,TRUE
"MRNIP",0.513613712916094,0.0011574054390952,0.602936700776259,0.000366361835346757,TRUE
"SGK1",1.41913741289376,0.0011574054390952,0.927051198778507,0.000268304484761855,TRUE
"FXYD6",0.254253428555003,0.00115837536480426,0.395322596606139,0.000303455235885811,TRUE
"TBC1D9",0.522601335718477,0.00115850145343119,0.346356098150613,0.00406477402730197,TRUE
"PSME4",-0.443439114433713,0.00115952658171503,-0.288711924761989,0.00216009826823012,TRUE
"SRRT",-0.478560860059842,0.00115952658171503,-0.461757029368462,0.00258473766172906,TRUE
"PTMA",-0.926890985505138,0.00116725310246885,-0.191855650316276,0.0909085936838769,FALSE
"UBE2K",-0.193552371317897,0.00116725310246885,-0.296288584126827,0.000257628290839689,TRUE
"NCKIPSD",-0.590599524742307,0.00117405585112467,-0.583330407421181,0.00368829259316028,TRUE
"COX4I2",0.504844684144551,0.00119235240672971,0.66914803580992,0.00011259291341603,TRUE
"CLSTN1",0.328405064741699,0.00119683723622697,0.413037992289123,0.000163586115485692,TRUE
"NAMPT",-1.27626604945634,0.00119953952713952,-0.504480722914525,0.00714585226081218,TRUE
"PLGRKT",0.562654887038498,0.00119953952713952,0.503211049203622,0.0056362685904604,TRUE
"C1orf54",0.487865012698774,0.00120949634892624,0.555958108034798,0.00045461168963583,TRUE
"MLLT1",-0.535218931006623,0.00120949634892624,-0.531862390963975,0.0020723038420674,TRUE
"ADGRA2",0.578687234400161,0.00121661559765019,0.634507939989042,0.00239910809919747,TRUE
"KATNAL1",0.405643950163044,0.00122643030119177,0.436369117828377,0.000653922410963954,TRUE
"AC091691.3",-0.975927310211299,0.0012341511024617,-0.958780597257014,0.00730863915535566,TRUE
"RRP15",-0.915084104964506,0.0012372133591418,-0.668101889467704,0.00656464314881188,TRUE
"RABL3",-0.63654592572983,0.00124063931487287,-0.594758516483942,0.00243189661852653,TRUE
"NDUFS2",-0.406747694402847,0.0012520294040923,-0.396386344715904,0.00168671212326577,TRUE
"ZNF433-AS1",-0.473458493689323,0.00125664333096983,-0.464611334083858,0.00306353589658067,TRUE
"CSNK1E",-0.300576153409326,0.00125664333096983,-0.337269312014103,0.00830678417283656,TRUE
"CHD1",-0.322565492778957,0.00126675647083449,-0.427666779467038,8.88328011505229e-05,TRUE
"BX284613.2",-0.598058635324639,0.00127720094778759,-0.512185031195796,0.0207682514747694,TRUE
"PRTG",0.739960047048742,0.00127887476267036,0.740982049923953,0.0012793421324696,TRUE
"H19",-1.2418187391687,0.00129300131625973,-0.513946588659707,0.0693739560342917,FALSE
"B3GNT2",-0.534788961034427,0.00130328869032179,-0.592478975797327,0.00075672526294764,TRUE
"AP002383.2",-1.31629329299755,0.0013057777055058,-1.38457054368507,0.000661424147954057,TRUE
"HEY2",0.403381146603005,0.00130813158249388,0.459263984068348,0.000467405956120224,TRUE
"LDLR",-1.0565243716674,0.00131028732211242,-1.11519741327981,0.0020901906523922,TRUE
"KIAA1841",0.577148142671005,0.00131740096341498,0.487265498543231,0.00584569482760736,TRUE
"PARP8",0.422678603474282,0.00132288812795218,0.33902184547487,0.00976917074336625,TRUE
"RUFY3",0.172778286036266,0.00132906807269413,0.297718547666733,0.000304860907123675,TRUE
"AC131025.2",0.279995337082166,0.00132906807269413,0.433352269864554,0.00106543696705288,TRUE
"ABI2",-0.233163009791413,0.00133476933989097,-0.30025629130215,0.00531583511731321,TRUE
"SLC49A4",0.448874162275306,0.00133476933989097,0.570020395409074,0.0001745169401482,TRUE
"RARRES1",-0.480855318363817,0.00133502966017458,-0.273635591943883,0.0294926833838709,TRUE
"AC087286.2",-0.316573491068685,0.00133502966017458,-0.392142204246666,0.00238971411297529,TRUE
"TRIP12",-0.296418049190433,0.00134845907359396,-0.285207498362798,0.000996155489028484,TRUE
"OAF",0.352743442618653,0.00134845907359396,0.429561028852462,0.0023434627463538,TRUE
"COMT",-0.352062712121425,0.00134845907359396,-0.398914026655871,0.000418186088886184,TRUE
"TUBB6",-0.370872885273806,0.00135588915248475,-0.421843775943194,0.000940432949074091,TRUE
"MED15",-0.267537672186382,0.00135588915248475,-0.288397771145958,0.00354247710558392,TRUE
"SMYD3",0.244612929771832,0.00136848030675531,0.266774823903328,0.0130142633158371,TRUE
"ARRDC3-AS1",-0.65639251814118,0.00136848030675531,-0.58777945016153,0.0200618741654498,TRUE
"RORA-AS1",-0.401401239642736,0.00137954072439004,-0.457186222932357,0.0015772616942882,TRUE
"MYLK",0.541629285172897,0.00137961908977002,0.659385090343245,0.00132877726750439,TRUE
"CST3",-0.821982681192951,0.0013842268635638,-0.352807382974881,0.000368628833469364,TRUE
"ILF3",-0.307515625625613,0.00138587186623782,-0.341643942087389,0.00125862081109204,TRUE
"TM2D1",-0.345282576890117,0.0013954930427724,-0.255596906296523,0.00799634653869872,TRUE
"ATP2B4",0.461833525002122,0.00143173240632343,0.223402349591208,0.10317620145835,FALSE
"CAV2",0.74920574947589,0.00143196848085848,0.34725652084349,0.0133667253891851,TRUE
"DYRK1A",-0.193106465075733,0.0014519158267788,-0.204582474980262,0.00370680759501123,TRUE
"OGA",0.241214998571687,0.00145335229768494,0.232764626358127,0.00789503214360278,TRUE
"TIMM9",-0.768073141036833,0.00145335229768494,-0.828979310235148,0.00215223173554532,TRUE
"SERTAD2",0.522716555141991,0.00145438293591287,0.441107846788778,0.014852939262795,TRUE
"COG7",0.382510491284757,0.00145438293591287,0.423955516882156,0.000661424147954057,TRUE
"LSS",1.07636506628094,0.00145438293591287,0.517524177305505,0.0123114037996555,TRUE
"MYO15B",0.225209826173632,0.0014602948204858,0.31595422548495,0.000674259744800213,TRUE
"ZNF706",0.353642133731415,0.00146254865396836,0.254655389395489,0.0234686913124049,TRUE
"RIMKLB",0.384171458660903,0.00146254865396836,0.506660656869349,0.000130128844324897,TRUE
"STUM",-0.706538928407022,0.00146669769120018,-0.668768984686214,0.00591487960716978,TRUE
"G3BP1",-0.352821255589309,0.00146969995569023,-0.293227105211603,0.00548601877716557,TRUE
"OMG",-0.396361797978951,0.00146969995569023,-0.357723331622288,0.0106021868236643,TRUE
"UGDH-AS1",0.373096109583127,0.00148203761800408,0.439200119566974,0.000903060941163652,TRUE
"DTX3",0.444062708592324,0.00149045514989875,0.568015995862101,0.000180531603531862,TRUE
"BCAM",0.528720652012607,0.0014906028073302,0.539757702964098,0.00429532820384657,TRUE
"SEC31A",-0.217604222557183,0.00149065384818928,-0.281338880675013,0.00144888999003271,TRUE
"GTPBP4",-0.611116533583515,0.00150637342925902,-0.62017919345099,0.00315187686001386,TRUE
"PARD3B",0.343628740054183,0.00152517288816,0.233764645661299,0.0256093472224436,TRUE
"RALGPS2",0.460759048255763,0.00152780256003644,0.661090256309719,0.000406432652421451,TRUE
"ENTPD4",-0.450623584258408,0.00152780256003644,-0.419151015487343,0.00529750564323078,TRUE
"DOCK8",0.766873623867462,0.00152780256003644,0.149990863997592,0.469347915824119,FALSE
"NDEL1",-0.408108461715691,0.00152780256003644,-0.37369520514127,0.00864259550448215,TRUE
"MTM1",0.468918787189908,0.00152780256003644,0.421875907610263,0.00733897191331344,TRUE
"CDS2",0.436314997970517,0.00153575761041047,0.37105905944349,0.0198001780972415,TRUE
"PHF2",-0.33491680108017,0.00154336367955163,-0.284664511258978,0.0182061105365196,TRUE
"TBC1D19",0.309006804723548,0.00155621744222387,0.440930859531973,0.000199946810068129,TRUE
"NGF-AS1",-0.505061360969853,0.00155718762602904,-0.62103452022029,0.00605146166462894,TRUE
"GJC1",-0.25428712745378,0.0015624839421504,-0.312383897095328,0.00567167676909981,TRUE
"MED13",-0.193841573428716,0.00156767368843324,-0.26242424795306,0.000485365577685089,TRUE
"MAMDC2",0.48976552392597,0.0015891892732991,0.528779068223974,0.00137403530569566,TRUE
"CENPP",0.329148356948997,0.00159381964080213,0.434503792151874,0.00249407002007961,TRUE
"SCAMP1",0.422910693800035,0.00160304319860354,0.412168894057509,0.000552515974365829,TRUE
"MUC3A",0.467193508501633,0.00163134239387707,0.542175979613145,0.00162017554812937,TRUE
"EMG1",-0.716244356629141,0.00163922181332447,-0.711932163394767,0.00373655491192059,TRUE
"AL583824.1",-0.530790562938269,0.00164779013001398,-0.58236969245521,0.00235695547882988,TRUE
"TANGO6",-0.316458338317637,0.00164911016705067,-0.340503893730854,0.00570096853102413,TRUE
"EPB41L1",0.408713431973875,0.00165544461070466,0.494882659188836,0.00443723231499485,TRUE
"PIK3CB",0.499897387795332,0.001658877618685,0.185247528229215,0.087232078712222,FALSE
"RNF135",0.522434469475905,0.00165906689442688,0.52584512708528,0.00464445088614537,TRUE
"TRNT1",-0.42271176187876,0.00166115713642019,-0.388791841245834,0.00355972288882666,TRUE
"PDE4C",1.10862197123263,0.00166115713642019,1.28851041831454,0.00257675141002184,TRUE
"NEPRO",-0.448807279649895,0.0016662008507065,-0.488807203798249,0.00143948725720203,TRUE
"RGL2",0.946217039739553,0.00166652034763772,0.391907794354495,0.0852741767570574,FALSE
"PHF20",-0.233517948643538,0.00167764604523441,-0.284999647567922,0.00375562176913633,TRUE
"PLPP3",-1.12070863836723,0.00169123613591117,-0.542632532778893,0.00019985316393472,TRUE
"ZNF608",0.693440907894355,0.00169447329344861,0.578051166079823,0.000662338715066386,TRUE
"PEX3",0.489252786866794,0.00170943362621211,0.552697580052738,0.00107021636483447,TRUE
"USP2-AS1",0.837670276825817,0.001710182489459,0.982754058309842,0.00134337349263058,TRUE
"IGFBP2",-1.26286708484406,0.00171184747028775,-1.01354056846208,0.00287910657540741,TRUE
"SLC35A1",0.349174860899822,0.00171184747028775,0.356837102666291,0.00726627824137408,TRUE
"KCNC4",0.820347147097405,0.00171273087045554,0.973302580730282,0.000459354884080902,TRUE
"LETM1",-0.799968846786571,0.00172833642077545,-0.835591994066374,0.00297174733067615,TRUE
"KCNMB2-AS1",0.808436056166968,0.00174360634954405,0.163764359110999,0.413312275008912,FALSE
"ZNF124",-0.555415689554268,0.00174927087248032,-0.568848717777559,0.00330889274978295,TRUE
"CLCN5",-0.656400261188272,0.00174927087248032,-0.5672052415709,0.0185657069864546,TRUE
"AC104532.2",0.597701294918402,0.00175832501682129,0.750394850548511,0.000296203884932623,TRUE
"SCAF4",-0.279366485922634,0.00178631838382163,-0.198347124510027,0.0375518758212668,TRUE
"SSH2",0.283138378280922,0.00179573277073922,0.458001105322157,0.000127257523193346,TRUE
"ETV1",0.65354480737195,0.0018161511969027,0.615379411999195,0.000719791837393735,TRUE
"RAB40B",0.663233086400432,0.0018161511969027,0.63972136216114,0.00118221612392852,TRUE
"NARS",-0.812870889257107,0.0018161511969027,-0.373524889809517,0.0187759880361855,TRUE
"GBP2",1.0250479627098,0.00181955628357146,0.59421738187507,0.00780926180702871,TRUE
"DMTF1",0.230096410599325,0.00181955628357146,0.146628479842259,0.0745552271211984,FALSE
"COL3A1",0.36184823008137,0.0018318621963514,0.346547609550188,0.00771412914929134,TRUE
"DUSP16",-0.317826218017559,0.0018318621963514,-0.311308304517884,0.0184974189949478,TRUE
"OTUD4",-0.330436756584265,0.0018424081876151,-0.33684882589365,0.00406477402730197,TRUE
"PRH1",0.402881763201053,0.00185056592646896,0.36454373054327,0.0192552115700754,TRUE
"ULK2",0.402344946415231,0.00185056592646896,0.39693633223479,0.0042729132581785,TRUE
"ZNF280D",0.357891544670794,0.00185205865862305,0.291591938843593,0.00245977492335253,TRUE
"AL683813.1",0.440584369630059,0.00186075745570728,0.554278863715397,0.000908194350175951,TRUE
"AL353586.1",0.892985061643258,0.00187065603068315,0.962929588760818,0.00420830773537757,TRUE
"CMC1",-0.287755386114444,0.00187450311029974,-0.311817187015388,0.00516710872488095,TRUE
"NCOA5",-0.367301798516809,0.00187450311029974,-0.276269896903754,0.0416704916867664,TRUE
"TULP4",-0.331147350905945,0.00187869037480473,-0.393888450637793,0.00443590663395721,TRUE
"SNX25",-0.393732854987959,0.00191040631205638,-0.467531940194621,0.00316593101256656,TRUE
"RHOBTB3",-0.41459259334507,0.00191098600909319,-0.36942668216052,0.0018927382293917,TRUE
"ANKMY2",0.922076611506549,0.00191098600909319,0.583340197615027,0.00634459349087037,TRUE
"INO80",-0.241618384865292,0.00191098600909319,-0.209100106013244,0.0260042219361825,TRUE
"NOTCH2",0.740437362159713,0.00191784067130622,0.49652750512743,0.000133779303455365,TRUE
"WDYHV1",-0.633475860483554,0.00192008202593813,-0.576113148480148,0.00898068905113835,TRUE
"PTBP1",-0.638813868315366,0.0019221187314437,-0.484832319281084,0.00150603809793357,TRUE
"SF3A3",-0.641223724602899,0.00192924266627414,-0.608394208330362,0.00570096853102413,TRUE
"PKN2",0.292382392739414,0.00193472386383587,0.126426317627993,0.224046343446618,FALSE
"SRSF3",-0.737046166329198,0.00193704166170566,-0.201809362542659,0.203700519534356,FALSE
"CCDC65",-0.420449830257795,0.00195433176077099,-0.393079212462764,0.00946243222549,TRUE
"AC068234.2",-0.827294186255374,0.00195433176077099,-0.932287753512644,0.00208205694235427,TRUE
"SLC35C2",-0.346050761065772,0.00195433176077099,-0.330837992103696,0.0047075932578045,TRUE
"GPATCH4",-0.756739596253831,0.00195840580566137,-0.686326495594244,0.00701825547096824,TRUE
"AC069228.1",-1.06005474656236,0.00197177889126764,-1.09882306160324,0.0035938605599547,TRUE
"SUCLA2",-0.364135436389378,0.00197747818751428,-0.297215298215879,0.0146328181140501,TRUE
"POLR2H",-0.453668973491491,0.00199534313684877,-0.416354541572175,0.00479207321060513,TRUE
"SH3BGRL",0.309931299599302,0.00201199316804366,0.442025184393133,0.00102570502291733,TRUE
"PUS7",-0.477456617928336,0.00201816883745571,-0.458456776951642,0.0143293685352449,TRUE
"MIR181A1HG",0.293547527018962,0.00202919317179326,0.379542469292712,0.000320214400130412,TRUE
"BTG3",-0.632847208281375,0.00202919317179326,-0.511204985179561,0.0138224517776729,TRUE
"BACH2",0.651204970335692,0.00203747721734708,0.476126728610524,0.0131461353406919,TRUE
"DNAJC2",-0.315077555492784,0.00203747721734708,-0.170911640061118,0.121858621887617,FALSE
"DICER1-AS1",-0.708820199807757,0.00203747721734708,-0.677692648479577,0.00889553708136383,TRUE
"ENDOD1",-0.608627358065964,0.00204538413563211,-0.599844410306347,0.00724674835335845,TRUE
"CNTN4",-0.660073954647736,0.00204836858667483,-0.831768918675792,0.00323787720760602,TRUE
"GCC2-AS1",0.540894448259657,0.00205148738411092,0.710989552445058,0.00011259291341603,TRUE
"MYO19",-0.338884934872127,0.00205148738411092,-0.401438217639911,0.0019036345164579,TRUE
"FOXP1",0.248211580197177,0.00205892149911259,0.199530997167124,0.00789503214360278,TRUE
"SLC12A6",0.792088172566328,0.00205892149911259,0.419009925075185,0.00915553204778357,TRUE
"ACSS1",0.595497775708196,0.00206984847016757,0.496304417850281,0.00232530867961663,TRUE
"GTF2E2",-0.422541226689849,0.00208474091391376,-0.427136341470603,0.00638657254876338,TRUE
"EIF2B3",0.318597487869069,0.00208774255551122,0.38543657585955,0.00229835046950707,TRUE
"CCT5",-0.515651715302022,0.00209171802515164,-0.36644063266969,0.0413831729345566,TRUE
"ATXN7L1",0.226127540083254,0.00210308339712028,0.302697125511075,0.00143981464006139,TRUE
"AFF3",0.956314147737635,0.00210917123887533,0.434869445897302,0.00982651986754638,TRUE
"IL1RAPL2",1.10133754494902,0.00210917123887533,1.65329303134287,0.00373655491192059,TRUE
"SLC6A1",0.744552198661425,0.00212473605085501,0.988017749540149,0.00117483756577307,TRUE
"PSMD1",-0.310678781955878,0.00213181832650392,-0.269133589369601,0.00697324449346393,TRUE
"CYTH3",-0.206911270752341,0.00213181832650392,-0.377244342801475,0.00254513644800991,TRUE
"MAPKAPK2",-0.448832963464871,0.00214693665642181,-0.517009032186661,9.30086227791272e-06,TRUE
"CTPS2",0.427993237989417,0.00216100134441587,0.408830925520323,0.00755933050944946,TRUE
"GART",-0.526004886538878,0.00216484778052737,-0.557829490382905,0.00293112356487336,TRUE
"AC008735.2",-0.401766158497083,0.00217091870981107,-0.381666674708815,0.00950542796194824,TRUE
"EDNRA",0.259763807006885,0.0021819069108992,0.354221006590244,0.00607425707854672,TRUE
"SPTLC2",0.563893495284729,0.00218770811273211,0.368214496917183,0.00471779007612574,TRUE
"AMPH",0.749913147057551,0.00219071492058419,0.739819833149582,0.00380937927739628,TRUE
"EIF5B",-0.35907979046522,0.00219729592400771,-0.324468181025173,0.00727977400254817,TRUE
"BOC",0.553449069914012,0.00220180624594899,0.722704232826081,0.00088925245297814,TRUE
"PGM5",0.367451678832575,0.00220180624594899,0.514286474283153,9.6806340828375e-05,TRUE
"TSC22D2",-0.259997903699488,0.00221042252415436,-0.308837000034646,0.001256755651611,TRUE
"ELP2",0.302510077482967,0.00221063740607412,0.324980068689441,0.00413288785665397,TRUE
"AC023389.1",0.529382862539299,0.00221918845930938,0.51295823844449,0.0051393067169864,TRUE
"GOLIM4",0.520828999860761,0.00222642576824764,0.394627575167252,0.00306341596865587,TRUE
"IFT172",0.552143131586508,0.00222698138234323,0.65269784414343,0.00151723631546332,TRUE
"RAPGEF1",0.409537861798833,0.00222698138234323,0.129280292798583,0.222050699691975,FALSE
"MYO9B",-0.302047602691312,0.00225232772489992,-0.336437054717064,0.00389172821117804,TRUE
"AL353593.2",0.630635256248548,0.00225440008844165,0.692085668312417,7.15730901423422e-05,TRUE
"PTCD2",0.688093756559508,0.00225440008844165,0.665477056218687,0.00456050695792569,TRUE
"DDB2",0.523372031082299,0.00225440008844165,0.707606714536638,0.000337216500692857,TRUE
"AASS",-0.418794038458405,0.0022606730290596,-0.317922636093877,0.0404414358369909,TRUE
"PLEKHA2",0.331028156676378,0.0022606730290596,0.436647925968958,0.00249905495031957,TRUE
"ZNF362",0.461145891429844,0.00226185694439858,0.592757596436988,0.000337216500692857,TRUE
"APC",0.296976333911284,0.00226185694439858,0.265994248599363,0.0106021868236643,TRUE
"VPS13D",-0.174121132603161,0.0022720413900533,-0.283501247915103,0.0114224939919244,TRUE
"ROBO1",0.201713729306931,0.0022720413900533,0.306483082322607,0.00661708544630331,TRUE
"NF1",-0.144589478706576,0.0022754019188487,-0.166808665276683,0.00972697426826218,TRUE
"LINC01091",0.60300186542731,0.00229399480533904,0.712844265476052,0.0327261678218172,TRUE
"PAPOLA",0.324572596618564,0.00229399480533904,0.157630782642639,0.0874105996518467,FALSE
"EIF1B-AS1",0.827362505136538,0.0023195377686847,0.328974435947771,0.0488851879817622,TRUE
"ENTPD1-AS1",0.320605162794247,0.0023195377686847,0.347646572932982,0.00653247623651089,TRUE
"SFXN4",1.1267393530314,0.0023195377686847,0.271541893064695,0.187045055667867,FALSE
"AC242426.2",0.615826129690455,0.00232203399713792,0.175463109708662,0.282236911546211,FALSE
"C2CD5",0.590597078924096,0.00232340353777423,0.288500065651744,0.0221239035195654,TRUE
"TAF15",-0.18163734976657,0.00232340353777423,-0.213282181025407,0.00326638211047376,TRUE
"PSD3",0.294797429009264,0.00237971990320656,0.386585947787464,0.00285827012438909,TRUE
"RBPMS-AS1",-0.606121810158345,0.00238789569005759,-0.618219312089673,0.00418276725491659,TRUE
"ZNF121",-0.618380472547171,0.00238789569005759,-0.636772668340778,0.00407423177821627,TRUE
"LINC00623",0.364799525466384,0.00240586289190111,0.439993987110916,0.0010565560304436,TRUE
"ZNF528-AS1",0.406357436505558,0.00243321762351717,0.522105351252424,0.000576432886285237,TRUE
"TSC2",0.368333008743744,0.00245574022760402,0.457703005041002,0.000444947392116489,TRUE
"ZNF737",0.655213812409112,0.00246306000962471,0.518753925229937,0.00869534090743435,TRUE
"MANEA",-0.55548754640084,0.00248649212263167,-0.512251289920506,0.0108218380216617,TRUE
"TNKS1BP1",-0.327684719952426,0.00250264123755101,-0.288498352703417,0.0306159444900032,TRUE
"PHF21A",0.210555952745359,0.00251103039368721,0.234349701272051,0.00479207321060513,TRUE
"SLC9A9",0.304320606897842,0.00252606812103858,0.30393012814166,0.0149376628833473,TRUE
"KCNMB4",0.935049839436213,0.00256141207146992,0.819086397122463,0.00258168483247615,TRUE
"TGFB1I1",-0.589494187130034,0.00256745749698912,-0.56566080544062,0.0067289555676488,TRUE
"GAB3",0.499052106052168,0.0025721494159528,0.201790558764609,0.103886519198982,FALSE
"LYST",0.29912884565726,0.00259290227560561,0.0682604656498343,0.555613399798423,FALSE
"RAB30",0.606621551348083,0.0025968250123622,0.591488472909333,0.0053274628864503,TRUE
"ADAMTSL3",0.150023986619377,0.00260741340963551,0.256023422661395,0.0241302809072726,TRUE
"COPB2",-0.325097626515962,0.00268170974716301,-0.287478508597682,0.0156810169626794,TRUE
"CCDC149",0.627557876511631,0.00268170974716301,0.545317168708928,0.0064644143067344,TRUE
"EMILIN1",-0.536625343405687,0.00268610396926196,-0.494923684746691,0.0116044468090859,TRUE
"TEAD4",-1.03919354363926,0.00269377815926416,-1.07120610019871,0.00169869108867467,TRUE
"LINC01772",0.699084456705882,0.00270240836727907,0.89410559248774,0.000323510086207126,TRUE
"NFATC4",-0.34135817332379,0.00271410171048421,-0.269368268855083,0.055232589201281,FALSE
"PARM1",-0.515488290889397,0.00271826741351772,-0.663319164137233,0.00457907027544027,TRUE
"ARF1",-0.631326119647399,0.00275809479440643,-0.397254595532938,0.00542024695881241,TRUE
"PAWR",0.319455316467369,0.00276758279605475,0.550243697847481,0.000548433600965919,TRUE
"HIBADH",0.468044481430709,0.00279100854487766,0.494362554248713,0.000619200188238596,TRUE
"CCNL1",-0.402108257281709,0.00279557753794808,-0.340309188228961,0.000977342738262149,TRUE
"TNS1",-0.166138673026225,0.00280311953925292,-0.362274261668977,0.00049923783661115,TRUE
"ATF6",-0.258497103567364,0.00281769268798951,-0.25898031105928,0.0114173782324092,TRUE
"RCBTB2",0.750649818054522,0.00282247355059613,0.357507805358656,0.0397555214767153,TRUE
"ZNF587B",-0.373377697640408,0.00282247355059613,-0.260836071020431,0.078440129274225,FALSE
"STX16",0.306665052863897,0.00284328102148682,0.214507883332328,0.0306994605534732,TRUE
"DCTN4",-0.346075194436904,0.00284725058164307,-0.362908299393532,0.00405843764899277,TRUE
"AC092120.3",-0.44038507014916,0.00285850500126363,-0.429019354292981,0.0201960907096247,TRUE
"FAM102B",0.529578064761018,0.00287171537295929,0.397443807089865,0.0180771318566515,TRUE
"GNL2",-0.752647941032536,0.00288304398790335,-0.791899247886759,0.00358741773860475,TRUE
"CAPN15",-0.734052306156182,0.0028926392192371,-0.639663216437672,0.0148275095704427,TRUE
"GDI2",-0.43557177080321,0.00289448924532484,-0.4141151229874,0.00762758797308647,TRUE
"ECPAS",-0.276326466680304,0.00290892192062976,-0.237311723023953,0.0185124632039766,TRUE
"ZNF429",0.445213914526604,0.00290994973606558,0.538473895696932,0.00255144746289276,TRUE
"VWA8",0.369793072285611,0.00291792493848003,0.256982835061509,0.00679211701882204,TRUE
"CLN5",-0.297715021642952,0.0029214506701216,-0.307087706077824,0.00892178377405945,TRUE
"LINC02256",0.404150224975156,0.00292953308734349,0.366380304335985,0.0103287234164191,TRUE
"UBE2D2",-0.223864414430675,0.00295551992091209,-0.272008374155902,0.00573616988046733,TRUE
"BCL9L",-0.59577562353749,0.00298361905032525,-0.51852941111569,0.0104398454791862,TRUE
"CLPB",-0.541805627235609,0.00300461740784372,-0.472938441827486,0.0130696629934114,TRUE
"CNNM2",0.364076691522836,0.00302029980241886,0.552305012265075,0.000610494595114508,TRUE
"THSD7A",0.846478058632945,0.00303677810618244,1.24157722369444,0.00151867769809442,TRUE
"RBMS1",-0.162465728562975,0.00304922263876853,-0.321827118962771,0.000219833824581876,TRUE
"DNAJC9",0.305032660650542,0.00306143394065393,0.36169047949194,0.00128699008521421,TRUE
"ZNF292",0.235635934327171,0.00306927433046976,0.211152448727753,0.0241196860390051,TRUE
"ZNF302",0.397937414709406,0.00307745364566353,0.239217134929252,0.0725474826878015,FALSE
"SUMF1",-0.285451862755681,0.00308473360822841,-0.398754779991135,0.00323787720760602,TRUE
"AC079781.5",-0.293611293046585,0.00309247577931758,-0.273113932789647,0.0160660969089513,TRUE
"MPHOSPH8",0.248587179717726,0.00309686263293547,0.337970514389071,0.00138573583325028,TRUE
"SPECC1",0.183826050327346,0.00316964751547376,0.201307602024295,0.072853022043809,FALSE
"TFCP2",0.190337714923352,0.00317781609791418,0.312939733411416,0.000305371402929578,TRUE
"ESYT2",0.358976731151485,0.00317850630339273,0.233905685867561,0.171138999427887,FALSE
"AGTR1",-0.850433588127378,0.00317909498400475,-1.01667842188374,0.0038211078118285,TRUE
"CEP164",0.462774648829716,0.00317909498400475,0.578056067423398,0.00159411683020828,TRUE
"ENPEP",-0.409929497562295,0.00317981527787901,-0.761252299825554,0.00160752983066924,TRUE
"MOB3B",0.597497994160358,0.00317981527787901,0.50633862194058,0.00521054298020257,TRUE
"LRSAM1",0.395409538933473,0.0031913870640914,0.362426486670355,0.00826342703242395,TRUE
"PFDN1",-0.345047694196355,0.00319191147093925,-0.327285821820233,0.00859418575220506,TRUE
"POLR1C",-0.453154833001111,0.00319858090403151,-0.458748616931778,0.011825910356085,TRUE
"XRCC5",-0.259874151232118,0.00320893790640059,-0.270274907203849,0.0069178974660246,TRUE
"AL135910.1",0.920670373037181,0.00326219208959755,1.13428659515557,0.000818467710832797,TRUE
"NIN",0.374372441043149,0.00326219208959755,0.154203911367784,0.213496822001942,FALSE
"BTBD2",0.372576426333189,0.00326404385121753,0.473307197411361,0.0035938605599547,TRUE
"RPRD2",0.206108147963396,0.00330085173574282,0.266160495604597,0.00210783791547267,TRUE
"TSPAN15",0.573831986762205,0.00330085173574282,0.633865856870586,0.00731876467900218,TRUE
"NR2F2-AS1",0.136361789077672,0.00330085173574282,0.450506354591198,1.77362819930383e-06,TRUE
"ACVR1",0.38300363306705,0.00331967851935023,0.428050164428438,0.00230393118943778,TRUE
"RBPJ",0.527040731563181,0.00333037083409103,0.193397496217941,0.0064597871927866,TRUE
"SEPTIN10",-0.366530449426353,0.00334952059330975,-0.321311973180716,0.00656418844874725,TRUE
"TMEM14B",0.295191562173766,0.00334952059330975,0.427719390383878,0.000913640280937376,TRUE
"ZNF800",-0.393987826264896,0.00334952059330975,-0.362973225297526,0.0085828477718898,TRUE
"AC005856.1",0.393500617117252,0.00334952059330975,0.527435206783526,0.00121698817331879,TRUE
"PHTF1",-0.458142029761575,0.00335828741204977,-0.516727577589199,0.00392741340131287,TRUE
"CDYL",-0.300929674348803,0.00336515384428822,-0.31128645281866,0.012847710230617,TRUE
"KANK3",-0.674176818410024,0.00337073678849627,-0.633748146595948,0.0128914489110915,TRUE
"HSPA12A",0.380804424689399,0.00337118677115472,0.531695597855524,0.00206650585652121,TRUE
"SECISBP2",-0.215760743891449,0.00337653581418604,-0.213183310561929,0.0368505084302736,TRUE
"LRIG1",0.316702612350859,0.00340045943797957,0.482006772608429,0.000215287058661046,TRUE
"BAHCC1",0.568817084351414,0.00340045943797957,0.585107459280132,0.00819032258212971,TRUE
"SPACA6",-0.353717239913779,0.00340237444368808,-0.392120344197361,0.00168302567200384,TRUE
"C7",-1.11492689510093,0.00342265679302499,-0.53131230900921,0.00142547477085357,TRUE
"BPTF",0.17475426795484,0.00342265679302499,0.179395059905076,0.0104554747823481,TRUE
"AL020995.1",-0.501982719565486,0.00342403271997638,-0.537635998712731,0.0050607123568352,TRUE
"SUN1",0.430590797763513,0.00342403271997638,0.0920831360764256,0.493511899974125,FALSE
"ANAPC16",0.34020605453924,0.00343669306133027,0.120625059766377,0.194926221066856,FALSE
"ZSWIM4",-0.504465830178204,0.00343669306133027,-0.516357105148683,0.0148900265035617,TRUE
"SYNCRIP",-0.459032540072135,0.00344243259383445,-0.35879227300599,0.00522385088791647,TRUE
"DNHD1",-0.358332822615426,0.00344727983942719,-0.416467512351838,0.00675923694338484,TRUE
"LARS",-0.366536178380205,0.00346480997188205,-0.397895896953335,0.0086285189978428,TRUE
"SUFU",0.379584029483921,0.00346565315782663,0.425798604129867,0.00181673245725365,TRUE
"RXRA",0.400083793977561,0.00347022764109517,0.49018406794519,0.00185381137536782,TRUE
"ZNF862",0.345753568097081,0.00347882112105598,0.395319733257894,0.00347798174919558,TRUE
"ANKLE2",-0.279850026178105,0.0035164680818228,-0.301313086904385,0.00335004362073009,TRUE
"SNRNP48",0.856149077940331,0.00357728992878148,0.276014138676971,0.130543204106018,FALSE
"FHL5",-0.576963417817502,0.00357942483832035,-0.673415772300873,0.0108080403541587,TRUE
"SLF2",0.504011460472777,0.00357942483832035,0.224386599035591,0.155690955430255,FALSE
"BCL2L1",-0.242842740587725,0.00357942483832035,-0.26558981977366,0.019064039626086,TRUE
"AL031280.1",0.703084750637441,0.00358074332122464,0.746463821363153,0.00232530867961663,TRUE
"MIER1",-0.269169147453965,0.00358157664033868,-0.243449690098579,0.0232820541694975,TRUE
"LIMA1",0.234349243446002,0.00358714700838364,0.309272718334193,0.00805767114062711,TRUE
"SEPTIN4",0.38851752027135,0.00358944980788404,0.494937614239798,0.00235695547882988,TRUE
"MAN1A1",-0.551547588960521,0.0035974622939428,-0.364759840439757,0.0038252566905851,TRUE
"SLC6A1-AS1",0.738059041763031,0.00359776561158353,0.96264084083038,0.00193257254586812,TRUE
"LUC7L3",0.157908574600233,0.00360679320441567,0.179953697993358,0.00516296176306297,TRUE
"DUT",0.635342397198171,0.00361037255391101,0.315034155206166,0.0241302809072726,TRUE
"ITCH",-0.199071789339762,0.00361318305461105,-0.268392012239493,0.00168485091398849,TRUE
"ANKRD11",-0.147769819052746,0.00361733305258061,-0.237850196520432,0.000760220600795948,TRUE
"ITPKB",0.349402842202615,0.00362065581562074,0.427943975320411,0.00574116609011348,TRUE
"SEC16A",-0.427350887358211,0.00362065581562074,-0.427399662082815,0.00657611248011554,TRUE
"ALDH2",0.951573392513546,0.00362065581562074,0.561629854270447,0.000364888616704567,TRUE
"NMT1",-0.265045450129062,0.00362065581562074,-0.319651036684574,0.00365480522032963,TRUE
"PLCB4",0.198279348093697,0.00362065581562074,0.430932829865314,0.000476817355936093,TRUE
"CARS",-0.439612720437148,0.00363227123879147,-0.443468777148121,0.00982020933734966,TRUE
"ZCCHC14",0.328140119858427,0.00363242017617391,0.442118536988424,0.000740513168013223,TRUE
"DAP3",-0.294139351622826,0.00363630981102483,-0.307678872303657,0.0129755968499016,TRUE
"PRKN",0.268085369409318,0.00363631859621526,0.292404759433292,0.00153473085989242,TRUE
"CERS4",0.331566061529749,0.00364254051603341,0.354862578732913,0.00527350799869529,TRUE
"PELI1",0.326120543093687,0.00366112768108895,0.322106277523975,0.0170835444137615,TRUE
"AC034195.1",-0.772787421447516,0.00366112768108895,-0.879308983983772,0.00407874794642735,TRUE
"TMEM181",-0.403576221649135,0.00366112768108895,-0.506604131969659,0.000916767484629457,TRUE
"CD38",-0.450562225066956,0.00366289597896338,-0.717084129384578,0.00214968447033243,TRUE
"ERGIC1",0.610308958160834,0.00367338304624575,0.428575135085463,0.00730863915535566,TRUE
"NFE2L2",-0.384754793375207,0.00368120625393765,-0.366557433290864,0.000482482163529646,TRUE
"MCFD2",-0.469481054498177,0.0037089851591025,-0.518324245079512,0.011930580813578,TRUE
"TXNIP",-0.532601195995844,0.00372415492591428,-0.255244495447355,0.00992767406502907,TRUE
"APLF",0.357779917651087,0.00372415492591428,0.445036539789072,0.00193023173879715,TRUE
"PRPF40A",-0.240604032409985,0.00372415492591428,-0.250339512309248,0.00607425707854672,TRUE
"ZNF138",0.557516106993419,0.00372415492591428,0.360968523169821,0.0130111615645813,TRUE
"MAGI2",0.348489544216674,0.00372415492591428,0.245764988433163,0.0365760160137545,TRUE
"YPEL3",0.679603298626371,0.00372767049984789,0.481506736049109,0.012847710230617,TRUE
"SHOC2",-0.252375469280284,0.00375937025308116,-0.205082535215115,0.0547462978695335,FALSE
"ING4",0.456401394130361,0.0037600532575129,0.539006123655005,0.00247174967221304,TRUE
"TFE3",-0.443197654440544,0.0037600532575129,-0.463373421150514,0.00391846159682038,TRUE
"DDB1",-0.386965218133649,0.00377373896238779,-0.381672175108232,0.0051393067169864,TRUE
"HEYL",-0.411544724777388,0.00381482982682461,-0.666811915122987,0.00109517689959756,TRUE
"PRR12",0.43289003138277,0.00384296881612901,0.502302995047946,0.00208013258879778,TRUE
"LINC00174",0.480313892033094,0.00384908292380708,0.507465590861554,0.00661708544630331,TRUE
"MACROD1",0.730435993457164,0.00387086675219047,0.237594538382058,0.226201334369286,FALSE
"TMC4",0.411090926368947,0.00392444250040322,0.506605682041876,0.00258168483247615,TRUE
"NCOA3",-0.24056936714868,0.00392933640580908,-0.308088567832639,0.000462963050055102,TRUE
"CCS",0.533701286975103,0.00393029597239266,0.486321463264032,0.00368829259316028,TRUE
"TVP23C",0.348312458090091,0.00393670007345415,0.436844649084438,0.00145608674811921,TRUE
"AC093110.1",-0.339233772351609,0.00394449836817254,-0.364089452331307,0.00826342703242395,TRUE
"ZC2HC1C",0.603353584458341,0.00396894612087256,0.762722066312116,0.00116051146740165,TRUE
"GNE",-0.325135898317664,0.00397262824188559,-0.299038546315665,0.0155722928989032,TRUE
"RRN3",-0.433526795194418,0.00397262824188559,-0.44249435944506,0.00819032258212971,TRUE
"AC092338.3",-0.633280380124413,0.00397971778414886,-0.530810870917123,0.0252040878615486,TRUE
"ITGB3BP",0.645419878094275,0.00401784223829044,0.26873732475429,0.0725474826878015,FALSE
"CACNA2D1",0.150721354329836,0.00402124973481063,0.23333768486085,0.00229835046950707,TRUE
"ENOX1",0.236587818125163,0.00402124973481063,0.310613995602417,0.0431934532853832,TRUE
"POGK",-0.497904123711856,0.0040502405253218,-0.497530485510639,0.00656418844874725,TRUE
"LBH",0.579941094172661,0.00405443493463791,0.456701358431906,0.0285311478540027,TRUE
"DARS2",-0.572665072924569,0.00408847850909025,-0.514192239307193,0.0247893499910248,TRUE
"TNRC6B",0.184236422066628,0.00409468865202393,0.199664749568444,0.0159724136892386,TRUE
"WWOX",0.176305604116034,0.00411479244239218,0.240303333458306,0.0058248006901613,TRUE
"DPY19L4",0.475187453115248,0.00412188819372249,0.251149327695043,0.0424479290364378,TRUE
"COPA",-0.29560884265477,0.00412860902184247,-0.328110550795133,0.00570096853102413,TRUE
"CCDC12",-0.363185130081215,0.0041387053642826,-0.363720040208125,0.00992767406502907,TRUE
"CLTCL1",-0.360826366320535,0.00415206927454363,-0.404105753915227,0.00830290238383631,TRUE
"ADAM33",0.650965277153922,0.00417194947259196,0.728562696110537,0.00563499611321208,TRUE
"WAPL",-0.31397207069032,0.00417349207158649,-0.339043580217197,0.00508547561266993,TRUE
"MRTFA",-0.17825021529249,0.00419742367390359,-0.257428851036279,0.00905542056691175,TRUE
"AC104958.1",0.718572686577202,0.00420117684313771,0.862918964515893,0.00172638456861138,TRUE
"TAF5L",-0.422456384398858,0.00421249651488761,-0.346338087200147,0.0235872035595251,TRUE
"PRSS23",0.318260984084177,0.00421249651488761,0.490343055568331,0.00169547721352666,TRUE
"VTI1A",-0.148359208773388,0.00423151375812641,-0.144672219314882,0.0196792232021253,TRUE
"NSRP1",-0.217264110952677,0.00423351625339813,-0.198536893887877,0.0354855731620465,TRUE
"MXD4",0.637664737018273,0.0043059317836547,0.200298662761907,0.262353090205283,FALSE
"IQCK",0.451667928534684,0.00436269334885303,0.564267350755417,0.000760220600795948,TRUE
"GFPT2",-0.550961622307482,0.00438749360440738,-0.540370320715295,0.0207759980245914,TRUE
"IFRD1",-0.640358625630394,0.00440985041274104,-0.455348976198155,0.00634459349087037,TRUE
"PRPSAP1",0.536388903875722,0.00442149842708247,0.499907112567568,0.00288306039055109,TRUE
"GRK3",0.420431842230273,0.00442149842708247,0.365575040857464,0.0375703106868669,TRUE
"PLXND1",-0.305382277949188,0.0044328443927013,-0.351787777695048,0.0126249397278791,TRUE
"CSE1L",-0.336043194019631,0.0045042659825611,-0.348550589057119,0.0100756511899135,TRUE
"LONP1",-0.425018760973239,0.00451243250516285,-0.446145866715768,0.00573616988046733,TRUE
"AC078881.1",0.619894455969156,0.00452403939216825,0.450407675095154,0.0151324939780872,TRUE
"CSPG4",-0.366597502773748,0.0045468028661217,-0.366492584327428,0.0291158978051192,TRUE
"LYPLAL1",0.764345724747541,0.00457084168213344,0.446747094864522,0.00132307481182202,TRUE
"KIZ",0.57172793919918,0.00458136794977463,0.471439347429246,0.0123620601607988,TRUE
"SSBP3",0.293203466045247,0.00459414272731346,0.26753459866493,0.0280638812582938,TRUE
"SMG5",-0.334172556374966,0.00460064823801905,-0.359546109204475,0.00858325762957886,TRUE
"PRDM11",-0.393207598063085,0.00460064823801905,-0.306904839213846,0.083503823035836,FALSE
"CDK4",-0.544044902473306,0.00460064823801905,-0.499359095941377,0.00939006301050285,TRUE
"KIAA0355",0.302696625127434,0.00460064823801905,0.29531505244393,0.00136333288058362,TRUE
"NOP58",-0.426267176835132,0.00460794968116147,-0.48708335569072,0.00286995953726792,TRUE
"GAB2",0.259992236926388,0.00461829694354684,0.27243018057556,0.0190462484110552,TRUE
"LRP5",0.47711291368991,0.00462046733233114,0.492958596301271,0.00509537681039255,TRUE
"PTPRK",0.186500396151668,0.00462186323469756,0.398146249577984,0.000337216500692857,TRUE
"VAV2",0.368448074688583,0.00462186323469756,0.43686345903937,0.00286995953726792,TRUE
"JARID2",0.29157656946871,0.00464074998504742,0.115921622365982,0.316817201594396,FALSE
"SRFBP1",-0.403088040446772,0.00468753471059738,-0.417686133483877,0.0102944353782937,TRUE
"SENP5",-0.245308263441169,0.0046989902805564,-0.299878815813401,0.00325795658521008,TRUE
"C2orf68",0.466923108345159,0.00470420518671385,0.516245183466128,0.00469260738720192,TRUE
"B3GALNT1",0.808370503233402,0.00470574510489215,0.602613485588609,0.00574116609011348,TRUE
"SUGP2",-0.292923941544177,0.00470574510489215,-0.278911239299392,0.00755933050944946,TRUE
"MYO1C",-0.236882210974211,0.00470775102174499,-0.237134706048038,0.0299175739669871,TRUE
"FCHO2",0.314786299894239,0.00471183901790764,0.276970931781477,0.00824908115902212,TRUE
"SKP1",-0.463871865739439,0.00471539511126368,-0.210575790063243,0.0238011207446951,TRUE
"MGST3",0.368340160102303,0.00473940103963291,0.371799786113611,0.00111083954575637,TRUE
"AFF1",-0.245274003107382,0.00475200245122528,-0.312075918493565,0.00235695547882988,TRUE
"SPATA21",-0.517970711774117,0.00475660016441166,-0.507642902517991,0.0050202228432726,TRUE
"SUGCT",0.708335744218126,0.00476411725943845,0.400971391595571,0.0526856554599242,FALSE
"CMPK1",-0.35951552050761,0.00477636576299568,-0.380851646823703,0.00435267461243141,TRUE
"SPDYA",-0.554098401841997,0.0047930457287541,-0.531680451627606,0.0175930869589623,TRUE
"ARHGAP10",-0.186362667887903,0.00479957848210726,-0.470751471839992,0.0022071812658508,TRUE
"NAAA",0.729552852823077,0.00480529759359195,0.355104342941574,0.170627633164376,FALSE
"SARNP",-0.255885815435401,0.00480819472435915,-0.241760453306228,0.022456277815955,TRUE
"TARS",-0.617050749407952,0.00481397768287216,-0.476605777389818,0.0158316024466772,TRUE
"AC108519.1",0.611810352548188,0.00482105332582898,0.802364849506992,0.00183616441082429,TRUE
"TMEM214",-0.577061458565457,0.00483863514441472,-0.571061273114098,0.00775938995388042,TRUE
"MTCH2",-0.338658384556627,0.00486856972910117,-0.29455454481929,0.0241131733168653,TRUE
"ANKRD17",-0.15512658619476,0.00487191956585991,-0.09452546711893,0.138061057582105,FALSE
"ACYP1",0.570608553723795,0.00487634286948829,0.517025642688984,0.00975709308796058,TRUE
"WDR20",-0.216474712370023,0.00489640681934345,-0.146358501379112,0.161042851618757,FALSE
"MAN1C1",0.392585528206715,0.00490105910470761,0.568149280709038,0.00175879406980427,TRUE
"CCDC97",-0.60151228271842,0.00490820293613739,-0.655935768077463,0.00342142372461691,TRUE
"AFAP1",0.474479444909934,0.00491480910616049,0.47076248546788,0.0145792641140698,TRUE
"AC211486.5",0.666681957912489,0.00491480910616049,0.749532015511208,0.00409556833687516,TRUE
"LRRC69",-0.438646715191484,0.00491480910616049,-0.471599981649849,0.00891550557707425,TRUE
"TNPO2",-0.333197481583411,0.00491480910616049,-0.301104434394192,0.0179165759686263,TRUE
"NAV1",0.56425405395593,0.00491786067055828,0.269464907193625,0.056481597643598,FALSE
"CROT",0.580082929508783,0.00491786067055828,0.632656504029855,0.00233589425441157,TRUE
"KANTR",0.286234097486065,0.00491786067055828,0.334376359714835,0.00569273567824505,TRUE
"CKAP5",0.349628088353067,0.00493166350512885,0.230793972152767,0.0719792549228425,FALSE
"PEPD",-0.453535190503352,0.00496970467244303,-0.469930522588498,0.0091532970899587,TRUE
"TAOK3",-0.165697479680941,0.0049829292881171,-0.232162826497608,0.00409556833687516,TRUE
"FBXL17",0.244939434119884,0.00499458399787651,0.118272772554438,0.0860429223907347,FALSE
"AL139260.1",0.410357914004119,0.00504182557866714,0.294525160943606,0.0574677836942208,FALSE
"CDKL5",0.709621924338539,0.00504847423688753,0.203896240601737,0.211754683103409,FALSE
"CFAP97",-0.496357476979182,0.00505691200023122,-0.523922936788077,0.00215077465076841,TRUE
"FAM162B",0.389838450516171,0.00511577183684121,0.562655295088746,0.00136936448740866,TRUE
"RFX7",0.289206681986476,0.00511577183684121,0.229780301442695,0.0431934532853832,TRUE
"PRR16",-0.375192419713479,0.0051186834268314,-0.684040501445344,0.000969841497056972,TRUE
"RIF1",-0.212869737630609,0.00517034006962971,-0.195556609606109,0.0243745648617406,TRUE
"SACS",0.566094429083198,0.00517034006962971,0.040775066432394,0.885088407312927,FALSE
"DNASE1",0.349981730154297,0.00517034006962971,0.455829677615222,0.00158565224717845,TRUE
"AP001347.1",0.538358502133746,0.00517603282763638,0.669891981246518,0.0113867697191439,TRUE
"NAF1",-0.51627517118144,0.00518872924867867,-0.444408544198296,0.0325378876688287,TRUE
"DDX50",-0.313343925542486,0.00518872924867867,-0.299284458884835,0.02099027422512,TRUE
"ICE1",-0.2615046105927,0.00520309433477239,-0.232658031255929,0.0300097740254501,TRUE
"RGS12",0.442016969967282,0.00523251092998088,0.532534104071816,0.00288306039055109,TRUE
"GIGYF2",-0.178113108561571,0.00523406213109648,-0.239793444967109,0.00168298470272583,TRUE
"RALGAPA2",0.454173261333038,0.00524263650023166,0.222539149226705,0.044750448247044,TRUE
"DOCK7",0.261168596059552,0.00527168865914929,0.351237660109861,0.000738066868387806,TRUE
"NCKAP5",1.04971717188267,0.00531114843988049,0.231444369375389,0.21274425078449,FALSE
"SLC24A3",0.644500670349108,0.00531908488881669,0.863006928882344,0.00232530867961663,TRUE
"MAGED1",0.277608253634198,0.00532649168856737,0.349405453497607,0.00210783791547267,TRUE
"LANCL2",-0.468102560864831,0.00534902497987109,-0.425523397902797,0.0341312303223018,TRUE
"MIGA1",-0.244038162824112,0.00538319149869242,-0.221103138230923,0.0258249959772776,TRUE
"RAB10",-0.218123167912346,0.0053855249023204,-0.227604374121488,0.0322961186558829,TRUE
"LZTS1-AS1",-0.504782997658208,0.00540634640343375,-0.531389254799791,0.0171404987425045,TRUE
"CNOT11",-0.408870173273062,0.0054100541094579,-0.329712899033469,0.0386398455137346,TRUE
"MFSD4B",-0.214243435759459,0.00542374471605022,-0.299401621443726,0.0236351268024082,TRUE
"TBK1",-0.278457985307135,0.00543810322456056,-0.322370251714451,0.00522385088791647,TRUE
"AMT",0.561979637356466,0.00546274028200231,0.599724515022175,0.00753790025855362,TRUE
"AVEN",-0.336371455982873,0.00546274028200231,-0.296390093917786,0.0527239205068009,FALSE
"PCDH9-AS2",0.720230886173618,0.00547433892650186,0.810381936700899,0.00731859647257292,TRUE
"SELENOS",-0.62963833096466,0.00550583632862861,-0.179416424287687,0.278188068394337,FALSE
"MED14",-0.293701681296037,0.00552960459312032,-0.335137770729853,0.00360871337976217,TRUE
"SH3GLB1",-0.432687412557151,0.00554288106561428,-0.317714463243118,0.0206766913022177,TRUE
"DZIP1",0.387469166747486,0.00556468376162695,0.471477085097482,0.00176005823331385,TRUE
"NRIP2",0.72051831877164,0.00560188221431218,0.788072524958202,0.00335343366804754,TRUE
"RTN3",0.329548330525474,0.0056435403407161,0.368288639860647,0.00243189661852653,TRUE
"SNX2",0.480849153536588,0.00564596496813021,0.191065629898481,0.202150200201502,FALSE
"AFF4",-0.203891252183022,0.00564596496813021,-0.263541710526023,0.00778743274954826,TRUE
"DAAM2",-0.197135387596422,0.00565805787134569,-0.286032734661139,0.01675784039164,TRUE
"LRRC37B",0.506666084083337,0.00565805787134569,0.552582489028882,0.00539724106707523,TRUE
"AC023509.2",-0.58660578596296,0.00565950344247346,-0.492505711003416,0.0354806105531654,TRUE
"AL161457.2",0.363364310150007,0.00567099541925476,0.426999851648947,0.00513251964877512,TRUE
"PSMD7",-0.564192583910619,0.00572739683311004,-0.24833998525712,0.0497591721763145,TRUE
"PTPRM",0.433949058302406,0.00573346589819934,0.172773825101742,0.0284513495082479,TRUE
"SMTN",0.274127768108064,0.00575347474387329,0.3613814715537,0.00156985137093976,TRUE
"ZC3H6",0.398674097252418,0.00577729653411903,0.299987184786179,0.0377610934641467,TRUE
"SH3D21",0.60115556389099,0.00581901047975954,0.663722004760382,0.00306353589658067,TRUE
"SCML1",-0.44439635374977,0.00582673180869663,-0.417727900358804,0.0149401676064651,TRUE
"NONO",-0.337893567012687,0.00592027525954653,-0.345830371165441,0.0067912229131695,TRUE
"TBC1D16",-0.428876366130703,0.00592514726082912,-0.457710494040566,0.00951173600514464,TRUE
"C3orf62",-0.563258653138247,0.00594534384387871,-0.483969178016485,0.0317847267564336,TRUE
"UCK2",-1.09359852296625,0.00595714565933991,-1.08251378195625,0.00127439545835124,TRUE
"IPO9",-0.257463081387199,0.00595714565933991,-0.290023947304741,0.00464445088614537,TRUE
"RPN2",-0.434449659868318,0.00595714565933991,-0.327868178868752,0.020230309782035,TRUE
"CCPG1",0.447015264080244,0.00598661686275827,0.2144723789386,0.0756759397342074,FALSE
"YWHAZ",-0.243909652006645,0.00599779899916451,-0.323784231268339,0.000619342643505357,TRUE
"ZNF471",0.451051295343869,0.00601073319857358,0.614159996906278,0.000649783617140337,TRUE
"DOCK11",0.259582805366134,0.00601722955593828,0.403197571161708,0.000389964663064729,TRUE
"TANK",-0.286769746708084,0.00602171252726163,-0.324087706832115,0.00249407002007961,TRUE
"ATP10A",-0.741266867013168,0.00603232211428702,-0.827703596889935,0.0149376628833473,TRUE
"PNPLA8",-0.35776105525802,0.00604533175834676,-0.358079418190685,0.00505928777184684,TRUE
"C20orf194",0.1503737965694,0.00604617585466276,0.186725059121189,0.00567167676909981,TRUE
"AC027698.1",0.373587356067217,0.00607670090938379,0.490984445967935,0.00335343366804754,TRUE
"ABCD3",0.336121124214051,0.00611017801090852,0.169523650633877,0.132015207673608,FALSE
"TRIP10",-0.378682257092999,0.00613393056377173,-0.327768021087874,0.0250482367038287,TRUE
"NKIRAS1",-0.605627192430493,0.00614334788260731,-0.554757148905593,0.0218704671278462,TRUE
"SIN3A",-0.28183413268151,0.00614334788260731,-0.279852847238535,0.0170509446562079,TRUE
"AC022210.2",-0.584759707282988,0.00616252954006068,-0.587502538887056,0.0145625841423747,TRUE
"VPS13C",0.244123571645047,0.00620782114140849,0.128852315343157,0.124941102355601,FALSE
"AC104827.1",0.713760338896924,0.0062253831234712,0.732153170563714,0.0066853295208628,TRUE
"LRRC41",-0.354594447718327,0.00626510775755707,-0.325608086216802,0.0230959031939695,TRUE
"TALDO1",-0.6826891690794,0.00626622964076435,-0.259978251006697,0.17664712783662,FALSE
"AC063944.1",-0.569387809492818,0.00626964358974281,-0.622459471851926,0.0160660969089513,TRUE
"SLFNL1-AS1",-0.476785396595367,0.0062791434597168,-0.449451664460464,0.0272922973780387,TRUE
"SRSF12",0.624833941895306,0.00630200118664693,0.742241539682457,0.0028382109937911,TRUE
"EHBP1L1",0.408742394380539,0.00630200118664693,0.468994601150781,0.00317072068789054,TRUE
"ABCA8",0.679151940516512,0.00630200118664693,0.254306244704339,0.00463894915828228,TRUE
"MBTD1",0.277214934210257,0.00632890337409518,0.351774097938426,0.00464181496506882,TRUE
"AC099850.1",0.753288165149898,0.00633083406240441,0.929679930537475,0.00477533568883185,TRUE
"CLSTN2",-0.623613696445892,0.00635806458783003,-0.848833644274623,0.00565303782387181,TRUE
"TSPYL2",-0.493208887236353,0.00637435988349999,-0.480838220555303,0.0185422936740017,TRUE
"TBC1D32",0.484643494662549,0.00638571948550694,0.344153608693344,0.0628364235984296,FALSE
"HSPA9",-0.285894061866203,0.00641611507985456,-0.264307542359564,0.0234686913124049,TRUE
"CEP290",0.384856400183903,0.00644946322813711,0.43269924336156,0.0103287234164191,TRUE
"ICE2",0.353150566728697,0.00648785152082991,0.233575222522383,0.0510185383762186,FALSE
"ZNF438",0.415366601481337,0.00648888238463445,0.207739170235538,0.090738143174161,FALSE
"TMOD2",0.441691409295749,0.00649628081862584,0.479295258261228,0.00909475903030889,TRUE
"DENND1B",0.63478613848882,0.00651262335935586,0.269353782236583,0.0609106485064116,FALSE
"GALK2",0.353598518233701,0.00651262335935586,0.296177636146384,0.0247012907771619,TRUE
"SREK1",-0.291169821040405,0.00653792601494861,-0.280135964357306,0.0109118195303674,TRUE
"ZNF630",0.497462911999574,0.00654298766438457,0.596886388109596,0.00409738676211011,TRUE
"FARSB",-0.411257593112538,0.00658140491566962,-0.432466126189248,0.0109289052101715,TRUE
"FHOD1",-0.494712584740543,0.00659824059217646,-0.482401100547531,0.0160671083089338,TRUE
"MTX2",0.575278685767623,0.00660094994780811,0.327743018121116,0.00448137784683544,TRUE
"EPC1",0.165413737492859,0.00660094994780811,0.148397470382939,0.04534261304118,TRUE
"AL590807.1",-0.519297757776847,0.00660094994780811,-0.687420223789416,0.0106021868236643,TRUE
"AC026347.1",-0.491918569622261,0.00665894600409449,-0.508902655456445,0.00540615832095584,TRUE
"IFFO1",0.531841201517994,0.00670368397711167,0.609478515146389,0.00470920632789144,TRUE
"DGKH",-0.192861622115887,0.00670909367699759,-0.239071005571265,0.0337089927761296,TRUE
"UIMC1",-0.185062780947598,0.00672776679346785,-0.195719592009033,0.0330045945369153,TRUE
"AC073342.1",0.583678368290893,0.00672776679346785,0.73409309866568,0.00113864353851407,TRUE
"RBM10",-0.302163043122516,0.00672776679346785,-0.25584817281183,0.0352708791687668,TRUE
"UTP14A",-0.717199324032238,0.00672776679346785,-0.771897494048894,0.00522385088791647,TRUE
"ACVR2B",0.414074464077479,0.00673687789135586,0.560655036929946,0.00129551562265497,TRUE
"AL133268.4",-0.331952508961802,0.00673687789135586,-0.330776593072549,0.0292960889724195,TRUE
"ATG4C",0.437580106138793,0.00673782334124905,0.280711598510804,0.0440511439122482,TRUE
"RAB1A",-0.178659443198162,0.00673782334124905,-0.208642608403998,0.00804778195879938,TRUE
"AC007681.1",-0.565836968953618,0.00673782334124905,-0.551989634652629,0.0178864104339979,TRUE
"SMARCAL1",0.421359584993185,0.00673782334124905,0.472615057389683,0.00971485695547561,TRUE
"TRA2A",0.193571252394315,0.00673782334124905,0.113607104448675,0.216099783625739,FALSE
"DDI2",0.281344446767917,0.00674710222831243,0.281001794708179,0.0146328181140501,TRUE
"BTF3L4",-0.400015040520307,0.00674710222831243,-0.376024119223288,0.0162973282688229,TRUE
"RNASEH1",-0.552257229270447,0.00674710222831243,-0.53373604856729,0.0107084291191708,TRUE
"KIAA1328",0.223990753582018,0.006754604552255,0.338218669078005,0.00567050529112913,TRUE
"CBR3-AS1",0.49755380712551,0.006754604552255,0.471641921557165,0.0179395254995332,TRUE
"FCF1",-0.397472095983167,0.00675725078280664,-0.285970553553966,0.0726344065850417,FALSE
"ZEB2",0.143140108924011,0.0067927239072861,0.202071415744503,0.0240287153907953,TRUE
"UBXN2A",0.260053932653861,0.00683987909125679,0.346301201730144,0.00200204567295632,TRUE
"CCDC14",0.338836667008251,0.00684095835904322,0.31401614635045,0.00716592888439131,TRUE
"SNX18",0.568366456659047,0.00684095835904322,0.374832056794973,0.034907848414036,TRUE
"TAF11",-0.323558221698739,0.00684095835904322,-0.252924839965205,0.075843505137342,FALSE
"ZNF609",-0.145727019186699,0.00684191340311445,-0.147555933492407,0.0437936551467885,TRUE
"EIF3H",-0.328383201860774,0.00685572199991192,-0.298145399249728,0.0262050273338653,TRUE
"EFCAB2",0.342904215316612,0.00689877053169212,0.307303245656585,0.0285096315981123,TRUE
"GATA4",0.342434651182006,0.00689877053169212,0.360556107335267,0.017586173262892,TRUE
"MEIS2",0.236680473236497,0.00689877053169212,0.216957620662891,0.0195801498634458,TRUE
"ANGPTL4",-0.929963888590526,0.00689877053169212,-0.843348622814422,0.00631209832315212,TRUE
"CAPN2",0.274003887785414,0.00690456510267048,0.321840461454478,0.00588048198545059,TRUE
"E2F6",-0.589954155192801,0.00690456510267048,-0.568698677388632,0.0210543964200589,TRUE
"EIF4G3",-0.172717975505461,0.00692323488877802,-0.203369033472479,0.0201119335562196,TRUE
"NTMT1",-0.652676830529158,0.00692323488877802,-0.586301548179184,0.0168131050156418,TRUE
"PCBP2",-0.218079688705695,0.00693763111176434,-0.222468215262629,0.0118370863920773,TRUE
"TCF7",-0.478261551645696,0.00694581218029525,-0.490931936105454,0.0155722928989032,TRUE
"EVC",0.441874653252862,0.00697871975123552,0.384540932189927,0.01936548236489,TRUE
"TMOD1",-0.340855821898891,0.00697871975123552,-0.291759391566723,0.0816325506411502,FALSE
"MNT",-0.481306906315236,0.00698558584937364,-0.37581257813701,0.0677172350165029,FALSE
"MED4",-0.300200014453547,0.00699288175101407,-0.258612253432377,0.0250983278844215,TRUE
"ENOPH1",-0.623372144508412,0.00700291100006152,-0.659178277231532,0.00786016447873728,TRUE
"CCDC7",0.31924678984051,0.00700742798080615,0.346413928820673,0.0288698873344931,TRUE
"TRMU",0.563743947635017,0.00700742798080615,0.134572604331112,0.443104385475438,FALSE
"RNF213",0.208451666645947,0.00705507923828714,0.255147213836752,0.00570096853102413,TRUE
"TNRC18",0.19490848525657,0.00706489502284227,0.249932246087027,0.00679211701882204,TRUE
"GATAD1",0.398991518298376,0.00707409081243518,0.280812809381621,0.0449555335827864,TRUE
"MYOF",0.660525442934444,0.0071020812694998,0.527185648392492,0.11465980843581,FALSE
"TARSL2",0.53964984638644,0.0071020812694998,0.32253816615125,0.117326038656363,FALSE
"TAMM41",0.323731184746026,0.00718133692087666,0.426394139475013,0.00160852236390653,TRUE
"CRTC1",-0.392721845008773,0.0071986436931706,-0.353661340597999,0.0375518758212668,TRUE
"PLCG1",-0.331744480872895,0.0071986436931706,-0.349597521663973,0.0149862478168604,TRUE
"PCDH12",-0.538767564402043,0.00722376029650653,-0.304183513754475,0.135974506136795,FALSE
"MTPN",-0.819624137612299,0.00724558032039497,-0.485873049074714,0.0028382109937911,TRUE
"SRA1",-0.336692768281813,0.00724966452880451,-0.290199030983864,0.0346554212507298,TRUE
"NADK",-0.513577179037255,0.00726966210901127,-0.669877321991063,0.00214428079651651,TRUE
"ZNF75A",-0.319597203879989,0.00726966210901127,-0.343409493602207,0.0130798503678862,TRUE
"SPSB1",-0.53184190128814,0.0072703509477874,-0.43254027813971,0.0639409104080741,FALSE
"MMP25-AS1",0.59029552408743,0.0072703509477874,0.60414694839212,0.0108080403541587,TRUE
"POLG",-0.396675937455062,0.00730534364011747,-0.336913081311282,0.0332318763338835,TRUE
"ARHGAP32",0.237824252958657,0.00734503232401272,0.391034321894114,0.000398011702735558,TRUE
"AL391807.1",0.598332548046923,0.00740946868454439,0.716483993878809,0.00235695547882988,TRUE
"CIAO2B",-0.789736348452006,0.00741403730325097,-0.439833166035155,0.0459746241256962,TRUE
"TFB1M",0.633036059147101,0.00745704517208466,0.4075196766487,0.00729493466384796,TRUE
"WWP1",0.297838759497414,0.00745704517208466,0.21067897611223,0.031153167562141,TRUE
"CCND1",0.730528778827336,0.00745704517208466,0.476472146276782,0.0265568528354993,TRUE
"EMP1",-0.750833159287622,0.00745704517208466,-0.269587184203071,0.105197089939401,FALSE
"ADNP2",-0.402163036382912,0.00745704517208466,-0.261377785139493,0.100303692591986,FALSE
"TRPC4",-0.848958546821629,0.00746368323876192,-1.07012169686907,0.0149376628833473,TRUE
"CMSS1",-0.269885684580344,0.00747586957172862,-0.364599687759864,0.00753790025855362,TRUE
"MTURN",0.516483809608673,0.0075073399829401,0.527937543559289,0.00378884975687178,TRUE
"CR381653.1",0.734832549136428,0.00751414646649233,0.496389630620891,0.018408082552981,TRUE
"ATXN10",-0.200852450965141,0.00753371637282384,-0.169253050996008,0.0854734507418945,FALSE
"ERLIN1",-0.530914876452442,0.00753583737871786,-0.492991594132188,0.0171567046076381,TRUE
"G2E3",-0.544139924085233,0.00754317339416327,-0.543893839149055,0.00652211757619807,TRUE
"PARK7",-0.808242345360396,0.0076132733141537,-0.247128678802282,0.0745631983999038,FALSE
"IMMT",-0.245114958776186,0.00765758652922843,-0.274158344460457,0.0229026650418678,TRUE
"POGZ",0.165102963936716,0.0076730950932508,0.251152477544801,0.00177941896985793,TRUE
"AC090578.1",0.609730565335549,0.0076730950932508,0.801466454222879,0.00285334085386133,TRUE
"SEC14L2",0.367538663509572,0.00768502197731693,0.412711908915439,0.0114726976029425,TRUE
"ARRB1",0.365006365661018,0.0077427327249898,0.510047447761948,0.00244381509805995,TRUE
"STMP1",0.466721846586876,0.00778694390149222,0.366960740658066,0.00868517809912422,TRUE
"PLA2G6",-0.621560456994426,0.00779245317127275,-0.535111680892945,0.0291158978051192,TRUE
"MEGF9",0.848784146720726,0.00781335980895054,0.288173895009918,0.113042325717938,FALSE
"DLEU1",0.256310598173767,0.00781335980895054,0.343055373739654,0.00214752184042419,TRUE
"PRORP",-0.340583603623382,0.00781335980895054,-0.336509629427602,0.0192520326370239,TRUE
"FXR1",0.279579841712336,0.00781890056995561,0.167535228432952,0.0911523222369001,FALSE
"PTPN4",0.539942462809366,0.0078615985975992,0.339164952447124,0.000619342643505357,TRUE
"RHOXF1-AS1",0.641368143854469,0.00788517416638912,0.554353539703466,0.0551187722542412,FALSE
"BRAT1",0.616415986077344,0.0079179186392807,0.58652274784224,0.0100026471893272,TRUE
"MICAL2",-0.331721833941616,0.00793061886616334,-0.483166112684287,0.014336136939077,TRUE
"AC027288.3",-0.704279136990219,0.00793061886616334,-0.818141750058064,0.0124030029837812,TRUE
"LIPE-AS1",0.574961081355722,0.00793061886616334,0.448907685143879,0.00516710872488095,TRUE
"ZFPM2",0.138092001250259,0.00795083407952964,0.214400156128838,0.00172908570440331,TRUE
"MARCH9",-0.637764403777322,0.00797460889059669,-0.699763524242661,0.00783489680019723,TRUE
"SNED1",0.419060115871349,0.00797500123059714,0.415579860295147,0.00259147341032238,TRUE
"SLTM",0.265886429054921,0.00799549455291202,0.154356144571938,0.097243788103015,FALSE
"AC091906.1",0.445927815823273,0.00801591382991587,0.477107693598106,0.0264946015745156,TRUE
"ERCC5",0.323401567037517,0.00802311057432135,0.187986016176101,0.218573269118851,FALSE
"GRID2",0.716121105604691,0.00808723088546511,0.928177119213149,0.0119076405228869,TRUE
"EBF4",-0.358671696875236,0.00808723088546511,-0.318373689984454,0.0456515866245829,TRUE
"TRMT1L",0.606519793629653,0.008088252031759,0.487748919580626,0.0102458420250772,TRUE
"TFRC",-0.602335541469777,0.008088252031759,-0.312372728024267,0.119462434483095,FALSE
"LYN",0.615120760823379,0.008088252031759,0.134110849303724,0.426653149531548,FALSE
"CAMKMT",-0.240481141451312,0.00809732149225093,-0.337349254106506,0.00345411396045408,TRUE
"LRRC8A",-0.513685463219673,0.00809732149225093,-0.506325398773493,0.0298744030161206,TRUE
"TMLHE",0.302185513263297,0.00809732149225093,0.283185088101224,0.0287785334321146,TRUE
"DIXDC1",0.576327020411504,0.00816795320970677,0.271387099504393,0.15179689630648,FALSE
"NBPF14",0.61037062676179,0.00817841172740932,0.664976776593263,0.0106305095796171,TRUE
"CROCC",0.365278081582795,0.00819016526159709,0.517520911203632,0.0015772616942882,TRUE
"GNB1",-0.135524032691128,0.00821015907913338,-0.177321012545338,0.0143246711499204,TRUE
"IARS",-0.392096529289657,0.00821015907913338,-0.373169217316392,0.0452144674889542,TRUE
"DNM3OS",0.579934029597173,0.00822770875008097,0.488189337649919,0.000717740329676911,TRUE
"NR3C2",0.257993835826027,0.00822770875008097,0.306148172059504,0.0236944204071876,TRUE
"JADE2",0.553177499787728,0.00822770875008097,0.638726819913378,0.00389172821117804,TRUE
"RASL12",0.340733784462111,0.00824793555208526,0.453009012069655,0.0022854696762043,TRUE
"MPHOSPH9",0.345974563710696,0.00826188974625764,0.201106444713636,0.129654625699563,FALSE
"L3MBTL3",0.554149946717222,0.00827727596860742,0.558246787275405,0.0162639098157215,TRUE
"CYP51A1",-0.628298973621284,0.00829682496487891,-0.565773146399308,0.0286318819785192,TRUE
"ACSF2",0.629641219477683,0.00832490516524471,0.701539545276168,0.00107021636483447,TRUE
"MRPL48",0.610274067722324,0.0084108964768301,0.570822931152652,0.00990699259505484,TRUE
"UBE2D3",-0.204854918181606,0.00849715846927798,-0.175857997320013,0.0146407107216551,TRUE
"COL18A1",-0.438790779600572,0.00849715846927798,-0.52543655605203,0.0396985452579373,TRUE
"HSP90B1",-0.453707096693227,0.00850166385473426,-0.247451426294589,0.0369969790163012,TRUE
"UBXN8",-0.684645040385139,0.00850372209291217,-0.769308268875193,0.0117234463488842,TRUE
"TMLHE-AS1",0.297818937323644,0.00850372209291217,0.442522153441182,0.00111291913418101,TRUE
"AL445250.1",0.58683275651316,0.00852483703436284,0.331385325743126,0.0909085936838769,FALSE
"WRN",-0.284354916149869,0.00852483703436284,-0.269855420937554,0.0369593809913905,TRUE
"KANSL1",-0.238587730875776,0.00852935747453758,-0.266427748090121,0.0265568528354993,TRUE
"PTPN9",-0.211156830373359,0.00854336658566234,-0.27925224460876,0.00891207608504972,TRUE
"TOP1",-0.234313733002188,0.00854336658566234,-0.257511134453638,0.00845450795087195,TRUE
"NUP35",-0.437502739875905,0.00855131963678421,-0.331426296170455,0.0876500902260837,FALSE
"NSD1",0.169045438022938,0.00859250838184402,0.124160041738922,0.15179689630648,FALSE
"PLEKHH2",0.439546070629805,0.00861617506909067,0.545487659604768,0.00443912650397954,TRUE
"DDX3X",-0.395340924643199,0.00861772835124688,-0.186014591923741,0.111867814110743,FALSE
"OSBPL1A",0.250531986820044,0.0086551639140114,0.291294319382088,0.00476480803095077,TRUE
"COL14A1",0.792553312770356,0.0086591315779281,0.503960098010666,0.0765673047218266,FALSE
"FAM91A1",-0.349744034133688,0.0086712782582118,-0.370257305472034,0.00324143994450768,TRUE
"AP001107.1",-0.516324619680792,0.00868242086200613,-0.423154939124102,0.0492847356982571,TRUE
"PPP1R17",-0.598057121116644,0.0086972279109167,-0.59574647131799,0.0117908280364898,TRUE
"EFHD1",-0.255916498876416,0.0087616843589632,-0.294115943821492,0.0192603722881674,TRUE
"RASA2",0.22526505245824,0.0087616843589632,0.167155901240956,0.0977275466920251,FALSE
"PPP2R5A",0.323500938261751,0.00876755627734417,-4.05391218617853e-06,0.999962335882866,FALSE
"MYL6",-0.534594231270215,0.00884273020453887,-0.277281816930403,0.00700691710750014,TRUE
"MYO1E",0.51906973785494,0.00884273020453887,0.274373513936948,0.0714719913468693,FALSE
"GPRC5C",0.544470701886858,0.00884273020453887,0.609411098507644,0.00844369571471784,TRUE
"PPM1G",-0.358526417465262,0.00885331169738099,-0.393548494091012,0.0114696485619751,TRUE
"TARID",0.53850758660222,0.00887192583629503,0.565118856746662,0.0187644661369436,TRUE
"FRMD8",-0.447522973294079,0.00887907824040533,-0.514919717313186,0.00855452616311116,TRUE
"AC025171.2",0.42640509491287,0.00889119780968248,0.472380079991136,0.00643222446657517,TRUE
"SRP19",-0.312120296598933,0.00891332908716142,-0.294497061232589,0.0272973735790777,TRUE
"IDI1",-0.741660857838439,0.00891635291135593,-0.622492153280758,0.0117765045684664,TRUE
"ATN1",-0.284447954999824,0.00899414020528853,-0.273384982491969,0.010874673682494,TRUE
"SMIM14",0.289489556524361,0.0090020780030153,0.171716298432155,0.208792727877927,FALSE
"AL162586.2",0.572678795754737,0.0090020780030153,0.619408535691116,0.0146881374234118,TRUE
"FAM193B",0.215888967611147,0.00906145790681022,0.271493553614774,0.00314136000494779,TRUE
"RASSF1",-0.556859995564234,0.00907564005645228,-0.633661099845145,0.0113867697191439,TRUE
"HERC4",0.148491087476104,0.00907564005645228,0.130155414716462,0.073992412023713,FALSE
"RREB1",0.373278846299461,0.00912214981991255,0.163284463048923,0.135418640876221,FALSE
"NDFIP1",0.342243973681612,0.00912873285572591,0.0913241786661582,0.505055658109488,FALSE
"DIAPH3",-0.763592758375102,0.00913226685821818,-0.574650517003777,0.0366334231632428,TRUE
"LRRC6",0.495052620984578,0.0091625911343224,0.445845933397432,0.0307865017261506,TRUE
"HIF1A",-0.258397910417103,0.0091953474763973,-0.288060269880134,0.0796131263299004,FALSE
"TAF4B",-0.918605118316518,0.00920240305933601,-0.804892097789485,0.0272973735790777,TRUE
"MAPK1",-0.177158844712609,0.00920958516674114,-0.248296670335121,0.00270867199398776,TRUE
"SEMA4B",0.422618400155139,0.00922131757385039,0.225874907371684,0.234834671611062,FALSE
"NAA38",-0.292266081795333,0.00923815962197935,-0.246523952952083,0.0722946667935512,FALSE
"RNH1",-0.431232827692264,0.0092712427527444,-0.212809759266526,0.141168742716733,FALSE
"KLHL24",0.443969582436186,0.00938212960474473,0.214219722846426,0.0611163479862608,FALSE
"NSF",-0.327062723938475,0.00938306664561826,-0.462941725863953,0.00874185285670327,TRUE
"HIVEP2",-0.189108456694182,0.00943016606923574,-0.150493975509388,0.149082397486199,FALSE
"TASOR2",-0.166876587991975,0.00943016606923574,-0.149481988072755,0.113042325717938,FALSE
"GORASP2",-0.353897183725137,0.00943263205459792,-0.343697070090207,0.0183456955442296,TRUE
"DPH6-DT",0.633062017225681,0.0095502893176106,0.346530891919061,0.0317847267564336,TRUE
"SLC25A25",-0.526394237979785,0.00955510759676999,-0.590858638426578,0.0114224939919244,TRUE
"TMEM87B",-0.324931610622469,0.00958838935175193,-0.341200785931738,0.0185261008098551,TRUE
"AGO2",-0.26655723118026,0.00960056069461441,-0.287398088746141,0.0413137433971883,TRUE
"RAD52",0.315181934106477,0.00960056069461441,0.398861100818222,0.00257675141002184,TRUE
"DIS3L",0.344414447633937,0.00960056069461441,0.420368427938545,0.00422104601853283,TRUE
"GRIK1",-0.484008793882985,0.00960164617766642,-0.523258203524528,0.00911384000361421,TRUE
"AL359232.1",-0.435667228947472,0.00960548995757767,-0.289462018477808,0.221527767349279,FALSE
"SYT11",-0.466919358038723,0.00962890019169008,-0.382531349758835,0.0506983105883331,FALSE
"MAP4K4",0.120385189415858,0.00963989136835562,0.225257483936163,0.00132877726750439,TRUE
"TAF7",-0.702059769179437,0.00963989136835562,-0.331968608221213,0.0321648988960732,TRUE
"PSMD12",-0.378858169650977,0.00971193160689644,-0.240954447030957,0.146680306541322,FALSE
"SLC35E2B",0.420166485624294,0.00972539221610923,0.518579035976176,0.00555013840609708,TRUE
"AZI2",-0.301103397601322,0.00972539221610923,-0.290759335612159,0.0297970867128931,TRUE
"AL359317.2",0.536452170100216,0.00972539221610923,0.555308950413836,0.0090070463342916,TRUE
"RBBP8",-0.498089643653251,0.00972539221610923,-0.52143694983987,0.0124873616381215,TRUE
"DYNC2LI1",0.46853051682983,0.00974587229139045,0.389348402621584,0.0330045945369153,TRUE
"ABCA9-AS1",0.547088139305957,0.00981691280613132,0.296698019965904,0.165817354899439,FALSE
"ATP2B1",0.5070345861198,0.0098210307895885,0.19206195159847,0.214906079193877,FALSE
"KMT2D",-0.319667048985802,0.00984080614293647,-0.319225132428082,0.0190134227057394,TRUE
"DCTN2",-0.452022358582804,0.00984090288807735,-0.374204572889858,0.0481850567509665,TRUE
"RAP1GAP2",0.695447650658836,0.00984090288807735,0.0238716130267915,0.933059187668207,FALSE
"ARHGEF1",-0.396071049929913,0.00987615771818582,-0.395324779896045,0.0195173696398697,TRUE
"PPP1R12B",0.60516894193274,0.00987926234367379,0.0377576548378848,0.694473687687033,FALSE
"LINC01004",0.271715429138221,0.00987926234367379,0.266386639123019,0.0100540593651902,TRUE
"LRRK2",0.657105313871316,0.00992411395236247,0.285474275404416,0.0523542574450554,FALSE
"MFAP3",0.584646292769385,0.00992677203818122,0.390383718011561,0.0258853005294107,TRUE
"CDC37L1",-0.36778124455914,0.0100693590477418,-0.361983939412176,0.0207265348128815,TRUE
"ATG13",-0.278209904678028,0.0100794298172438,-0.315492857387205,0.00823855615468199,TRUE
"ABHD3",0.491736464996209,0.0100825415274939,0.368785665540718,0.0462104618479972,TRUE
"METTL2B",-0.327998740382991,0.0101012090985273,-0.326972530786518,0.0240178263042267,TRUE
"FBXO32",0.687964537668355,0.0101012090985273,0.0951705356796112,0.525077746846183,FALSE
"PSMD11",-0.335396195600214,0.0101012090985273,-0.294432387306132,0.0175552675843579,TRUE
"SSB",-0.32495831873938,0.0101168429900076,-0.215487574202756,0.0874514481988756,FALSE
"PFDN2",-0.7059320060201,0.0101406092302591,-0.501604434404465,0.0217108693482393,TRUE
"CDH20",-0.647612446424575,0.0101406092302591,-0.652429475227554,0.0406874144725093,TRUE
"ATP13A3",-0.497119794541533,0.0101524292555556,-0.289198072273513,0.00820615575192579,TRUE
"MROH1",0.500393148543543,0.0101676323036932,0.17134959340697,0.293506425278235,FALSE
"TNS2",-0.253540106914383,0.0101676323036932,-0.241782675820812,0.0426528911828662,TRUE
"AUH",0.389058997455486,0.0102069812337552,0.295736376083896,0.00946243222549,TRUE
"TPCN2",-0.383119928113248,0.0102069812337552,-0.371654478399326,0.0285632899126025,TRUE
"SPRTN",-0.482142255724253,0.0102319585591936,-0.462695094729861,0.0191268043855759,TRUE
"VAPB",-0.309013039055797,0.0102319585591936,-0.305069282488455,0.0312537502807455,TRUE
"QDPR",0.732578818480551,0.0102465373054502,0.525229999737985,0.0344865906502981,TRUE
"BAIAP2L1",-0.549113584029702,0.0102465373054502,-0.192443210945513,0.278333818904125,FALSE
"AGPAT5",-0.631863985233157,0.0102465373054502,-0.720708770439714,0.00726627824137408,TRUE
"EIF3M",-0.333579934434224,0.0102465373054502,-0.297648589928134,0.0313356764892994,TRUE
"AL023882.1",-0.577198297571236,0.0102612002500172,-0.661817492523116,0.0123270726187925,TRUE
"ATP8B1",-0.264998063046179,0.0102612002500172,-0.29135380042357,0.0408489252220099,TRUE
"SLX4IP",0.69860849888885,0.0102670929672676,0.302455719291576,0.107395205428552,FALSE
"LTBR",-0.453960719689742,0.0102868004127611,-0.364920371524065,0.0662227057016032,FALSE
"KHDC1",0.526857848349418,0.0102975439860776,0.731281920298924,0.002602617088177,TRUE
"MAP3K20",0.201702164209914,0.0104242808557799,0.249286478162531,0.0072496812651828,TRUE
"SMAD4",-0.217527391989354,0.0104301697509285,-0.187730824732032,0.04534261304118,TRUE
"NMT2",0.384390857662284,0.0104505512836998,0.377724952106496,0.0168840848827034,TRUE
"PLXDC1",0.318408951855212,0.0104505512836998,0.487273098931858,0.0072496812651828,TRUE
"CPEB2",0.612472959002777,0.0104565923312643,0.227705400146847,0.117891106683513,FALSE
"ADAP2",0.230726814953825,0.0104882276192927,0.31272581638441,0.00342669960045078,TRUE
"SLC26A5",-0.394945631984343,0.0106663428102868,-0.31185323727534,0.0847349115033304,FALSE
"EFTUD2",-0.368970549700599,0.0106663428102868,-0.414092382848237,0.0127410106447142,TRUE
"MIDN",-0.779066111468836,0.0106663428102868,-0.305932061232455,0.179384865853932,FALSE
"ZNF846",0.364000479072793,0.0106663428102868,0.416332275329551,0.0100540593651902,TRUE
"CLASRP",-0.275339200317585,0.010670193548638,-0.237369793048024,0.0375798591921388,TRUE
"ACVR1B",-0.350007287921758,0.0107110381680074,-0.32037427515751,0.0483914599508305,TRUE
"RAD23A",-0.614909792582458,0.0107110381680074,-0.352878605363289,0.0805808833775069,FALSE
"LDAH",0.304163900239743,0.0107499327127545,0.469398203613532,0.00827178017920727,TRUE
"TTN",0.284954008389487,0.0107719030967663,0.0888264133787542,0.208792727877927,FALSE
"CBL",-0.230278819202451,0.0107877732188671,-0.217482668548322,0.0588921558341289,FALSE
"INPP4B",0.193852049840919,0.0107982091690809,0.257959039357928,0.0636558359262935,FALSE
"CD81-AS1",0.474910943676499,0.0108243735240635,0.614053320381975,0.00313723706411557,TRUE
"SSBP2",0.145647651347204,0.0108323082225897,0.181990177146195,0.0165807252892148,TRUE
"IQSEC1",0.336843321494026,0.0108377968070247,0.216296078327769,0.157164706040106,FALSE
"MB21D2",-0.366923644701636,0.0108677643996665,-0.462544049368925,0.010447854368083,TRUE
"DACH1",0.239576791578358,0.0108932286375596,0.491225344344121,0.00147425376318049,TRUE
"CLCN6",-0.372293764473693,0.0109331056534232,-0.285970126364435,0.0575561535155685,FALSE
"FGF2",0.646253965528979,0.0109536053531819,0.570391906809375,0.0105890727251101,TRUE
"TMEM245",0.316947474444722,0.0109861269282176,0.248552745373532,0.0091525750568031,TRUE
"NCOA7",-0.382698819642962,0.0109874779541647,-0.389100314186311,0.00540246335442516,TRUE
"MRPS25",0.370579358462624,0.0110156271937426,0.0872060259177624,0.457514337265975,FALSE
"ANXA5",-0.63201356489617,0.0110156271937426,-0.232714484378383,0.0344390920553519,TRUE
"NECAP2",0.480281656908585,0.0110163936097657,0.538060667731301,0.0117234463488842,TRUE
"CREB5",-1.00461530279817,0.0110163936097657,-0.618762608802683,0.000570128529867125,TRUE
"AC060234.1",0.405641070251564,0.0110184687773901,0.397224315729208,0.0195173696398697,TRUE
"SRSF10",-0.239557855928453,0.0110923655932481,-0.237496048485592,0.0199974000964057,TRUE
"AASDH",0.340568534626755,0.0111448888008931,0.285112483340921,0.051281798433119,FALSE
"PACSIN3",-0.671447818035025,0.0111829414618874,-0.557800758184676,0.00575221167233706,TRUE
"MFN1",0.276860282470939,0.0112257454782816,0.309766523662236,0.00412930704582912,TRUE
"GUCY1A2",-0.140329363443256,0.0112257454782816,-0.359538452953289,0.00118221612392852,TRUE
"PPFIBP1",0.287735988885882,0.0112394618008787,0.160532260729865,0.0462331570910485,TRUE
"ERCC6L2",-0.176455695741875,0.0112767186711076,-0.232840385470674,0.00535886984570327,TRUE
"PLXNB2",0.740764851625095,0.0113512803044063,0.460923156373084,0.027253353948382,TRUE
"AUP1",-0.937146510266302,0.0114187807292914,-0.274803625411117,0.310854495955019,FALSE
"SLC12A7",0.569690487074972,0.0114315066373627,0.247594981983127,0.263242146482212,FALSE
"SPAG1",-0.395349495322955,0.0114663444460548,-0.377957512419934,0.0236629939616329,TRUE
"CYSTM1",-0.206545285020123,0.0115382210343622,-0.25512694186912,0.0149376628833473,TRUE
"UBE2O",0.290868714182161,0.0115625457531767,0.384335307606966,0.00257675141002184,TRUE
"LRRC8D",0.325375731228918,0.0116441337245783,0.331166185874413,0.0262050273338653,TRUE
"GNAO1",0.811176939091676,0.0116441337245783,0.760630847563562,0.0214339196315975,TRUE
"ANKFY1",0.294020099922843,0.0116441337245783,0.104117257798154,0.384355246948272,FALSE
"RUVBL1",-0.464758427652853,0.0117500354773687,-0.448065257609682,0.0239698824031133,TRUE
"SEC22A",-0.223881730459372,0.0117516730301261,-0.249363179003517,0.0341224669856484,TRUE
"ASPSCR1",-0.567839439595051,0.0117641375596459,-0.605000173326097,0.0199401371530669,TRUE
"ATP6V1E1",-0.331503075808835,0.0117642759012096,-0.267654032847951,0.0756186113852416,FALSE
"SLC16A3",-0.46749185141486,0.0119052184110082,-0.432454714511544,0.0343156070014803,TRUE
"TAB2",0.271129153743629,0.0119696967822687,0.0994056457564716,0.363900158380301,FALSE
"TUBGCP4",-0.432764682630185,0.0119831788983763,-0.437697570104843,0.0151766190380092,TRUE
"RBM27",-0.211713599909303,0.0120394862084991,-0.148843166861854,0.115972719463071,FALSE
"TUBA1A",-0.536131738628957,0.0120430504669912,-0.35176417573179,0.0345945820501643,TRUE
"ADGRD1",-0.43332821538996,0.0120895766550509,-0.453195698797667,0.0288365644176518,TRUE
"NRIP1",-0.250032662616613,0.0121151058233357,-0.232301352886845,0.0387857692633626,TRUE
"CRIPT",0.511994640722087,0.0121180955703554,0.622412608378676,0.00629347189669119,TRUE
"AC103876.1",-0.44785560920949,0.0121180955703554,-0.473222316892125,0.00567167676909981,TRUE
"ASMTL-AS1",-0.459959640517742,0.0121180955703554,-0.370950686128237,0.0984721354417426,FALSE
"CLTA",-0.264981595855351,0.0121244862716326,-0.371712947828547,0.00298125541451104,TRUE
"INTS4",0.326682428792889,0.0121244862716326,0.335613090674927,0.0287027647274879,TRUE
"HMGB1",0.40282266027403,0.0121986742972278,0.210784791761074,0.0715819742524467,FALSE
"SCN3A",-0.543274647446676,0.0122264361931348,-0.593972655892066,0.0189975395350977,TRUE
"GNAQ",0.190949405904012,0.0122264361931348,0.134762107213007,0.0968517542262011,FALSE
"AC007319.1",-0.16992524466277,0.0122273447018052,-0.289159415577191,0.0394521346112407,TRUE
"AC008440.2",-0.283320888798107,0.0122740805959608,-0.284920596578573,0.0389533843885018,TRUE
"MRPL32",-0.782355967144928,0.0122836774339051,-0.492376949866623,0.0369907087642846,TRUE
"ANKRD28",0.747327584522596,0.0122942216756399,0.252975273640447,0.142440771707179,FALSE
"AC110760.1",-0.756346646890277,0.0122942216756399,-0.826768180573055,0.00993213466921144,TRUE
"UBR5",-0.164791396134691,0.0122942216756399,-0.186692296091135,0.00729493466384796,TRUE
"CHUK",-0.323844433984584,0.012303502102422,-0.255801471106325,0.0548642022351969,FALSE
"GNAL",0.554208153375315,0.0123054697263123,0.74247548593691,0.0060580236569237,TRUE
"EFCAB11",0.422775946796457,0.012326433376444,0.630709112900351,0.00238447976276223,TRUE
"CNOT6L",0.357514688747574,0.0123303518466205,0.111081031661082,0.345075909932548,FALSE
"AC008554.1",0.573893717560915,0.0123432310444806,0.621473827549171,0.0111973918907873,TRUE
"RNF215",0.413696397222906,0.0123432310444806,0.416246786188473,0.0260356890561968,TRUE
"EVA1C",-0.292023264212392,0.0123436672933191,-0.296998101855693,0.0611891847306502,FALSE
"WDR75",-0.376396461296163,0.0123677871553436,-0.330371517361426,0.0286510215113831,TRUE
"TSG101",-0.264790080027742,0.0123677871553436,-0.226882210895399,0.0657122053245717,FALSE
"PHF11",0.289976525629447,0.0123677871553436,0.349714490377477,0.00724315862710936,TRUE
"ARID1A",-0.192862489599677,0.0123893755501556,-0.179171091669571,0.0910339448634395,FALSE
"SLC9B1",0.544095712587172,0.0123893755501556,0.68259954062456,0.00261913326825325,TRUE
"MLLT10",0.209926494196687,0.0123893755501556,0.137417725149068,0.0794875459919301,FALSE
"PKD1",0.232849245691369,0.0123893755501556,0.264871305376578,0.0106009015638667,TRUE
"MED25",0.684151783509365,0.0123931685971173,0.259275257313212,0.248296051270509,FALSE
"LCOR",0.214963221462296,0.0124201529444002,0.120929023753139,0.217790191472204,FALSE
"C1orf56",-0.553742900017865,0.0124557510516555,-0.548038252053744,0.0208417904003561,TRUE
"CYLD",0.501668942395069,0.0124557510516555,0.223513391498954,0.111890805001977,FALSE
"DDX17",0.174393516076539,0.0124611886220284,0.13978876657785,0.0674356884354393,FALSE
"DENND2C",0.678131619943402,0.0124620892630994,0.576992999201852,0.0371345270643642,TRUE
"MIGA2",0.403310497793588,0.0125019975162524,0.504087182262967,0.00415148866393966,TRUE
"PCED1B",0.790287683180319,0.0125678264481333,0.269834232637274,0.122003011694692,FALSE
"ZNF7",-0.367023109328119,0.0125911479721772,-0.316472497117672,0.0550734043695481,FALSE
"COL1A2",-0.246976103133054,0.0127227445701362,-0.29176692992041,0.00855952984472399,TRUE
"CTDP1",-0.694699793514331,0.0127227445701362,-0.607100744975372,0.0243890869655896,TRUE
"BICRA-AS1",-0.390017924891403,0.0127227445701362,-0.390804491097363,0.0332009523378724,TRUE
"ZSCAN21",-0.551953778173126,0.0127430685385983,-0.519581389921279,0.0212795368090866,TRUE
"MSRB3",-0.266049750314944,0.0127430685385983,-0.490190188603373,4.41459572529876e-05,TRUE
"AC073592.1",0.673926663513094,0.0127430685385983,0.800059099007262,0.0106621916482189,TRUE
"NFATC3",0.2212763762061,0.0127430685385983,0.266087659358939,0.0108529902827814,TRUE
"PRKAR1A",-0.583328082824533,0.0127430685385983,-0.270602177779531,0.0464014394675654,TRUE
"C1QTNF1-AS1",-0.596215603390453,0.0127430685385983,-0.662629327548538,0.00752733091925695,TRUE
"ZNF516",0.308857112622696,0.0127430685385983,0.332029653481206,0.0231420402353085,TRUE
"MPG",-0.438163707878892,0.0127877628238488,-0.397242373263962,0.0247270660257182,TRUE
"ATG5",-0.221170301684276,0.0128494258523415,-0.213183865291748,0.0550234134247413,FALSE
"NASP",-0.253489198064235,0.0129151560767586,-0.24374626295711,0.0456142257260947,TRUE
"UBE3D",0.349923429471314,0.0129151560767586,0.434565682108277,0.0152617292312913,TRUE
"AC006001.2",-0.278935401597001,0.0129260634724918,-0.206165348606096,0.164596074586351,FALSE
"KAT6B",0.259544519604556,0.0129619827857705,0.180158133176006,0.0741899864818918,FALSE
"ACACA",-0.302518139053298,0.0129829898462758,-0.280365038974077,0.0477492780484439,TRUE
"TASOR",0.25272187111085,0.0129938835063386,0.167603749411349,0.145286486406744,FALSE
"NAA35",0.199091161290874,0.0129938835063386,0.303498153358189,0.00405716396007522,TRUE
"USP48",0.197622343819265,0.0130420147046986,0.188227558534741,0.0498957706101783,TRUE
"CCM2",-0.184039482224082,0.0130420147046986,-0.145065436572485,0.140862384416454,FALSE
"RIN2",0.491653928393423,0.0131273742714777,0.244327516161861,0.0563666222508515,FALSE
"PSMD2",-0.652672500897221,0.0131810041243973,-0.219997365324837,0.141677629141283,FALSE
"PCSK7",-0.245382896700328,0.0132024509615141,-0.296626628550416,0.0143946804208542,TRUE
"AC107884.1",0.506116391437663,0.0132126803171995,0.62184248131463,0.00383240055731509,TRUE
"TMED5",-0.683331111297971,0.0133257790214718,-0.321439091175171,0.0493465597432238,TRUE
"RAB3GAP2",-0.186633716677784,0.0133257790214718,-0.23298248985527,0.00858325762957886,TRUE
"CEP350",-0.203194370908354,0.0133361845735252,-0.195191685178766,0.0637908077060565,FALSE
"AP3B1",-0.214146145863853,0.0133361845735252,-0.222907017783945,0.0170509446562079,TRUE
"GPATCH2L",-0.202705696005715,0.013354699789196,-0.262292491326544,0.00570256645125004,TRUE
"SLC40A1",0.694548691030566,0.0133837995414034,0.562122032350144,0.00255144746289276,TRUE
"CALU",-0.455434936275613,0.0134631900059682,-0.258012747581742,0.0406327248785372,TRUE
"ZNF787",-0.592651747171484,0.0134631900059682,-0.557680399562743,0.0349935228650178,TRUE
"MAGT1",-0.323164695185747,0.0135097077240021,-0.337235221686962,0.01675784039164,TRUE
"PLEKHM2",-0.272697573398941,0.0135290830741925,-0.299594650069957,0.0157750524131743,TRUE
"TMEM248",-0.359711807284938,0.0135566837357374,-0.283036379334411,0.0509479794520927,FALSE
"TNRC6C",0.225434188676327,0.0135566837357374,0.223891238524187,0.0687933417608527,FALSE
"SRC",-0.618488321963089,0.0135566837357374,-0.555824786841537,0.0485683164252458,TRUE
"LZTS1",-0.359583845757688,0.0135871260947722,-0.442668759718045,0.023580308042568,TRUE
"HIPK1",-0.394672078184376,0.0136531357820858,-0.240816495039491,0.133529543500476,FALSE
"LMCD1",-0.505608620806356,0.0137284166059533,-0.603157318574291,0.00541273853451261,TRUE
"IPO9-AS1",0.446291892056997,0.0137468920352236,0.210019581724098,0.254864096550833,FALSE
"TRIR",-0.590321521632503,0.0137468920352236,-0.135204228010513,0.417242136269964,FALSE
"SAMD5",0.785214049341306,0.0138005065828893,0.922620092529798,0.00635577614359929,TRUE
"CCN4",-1.22310399485663,0.0138380679457502,-1.4144718955278,0.0149376628833473,TRUE
"DET1",0.387982569397046,0.0138659827083756,0.571542023599509,0.0019793309355948,TRUE
"ZNF44",0.373405387871399,0.0138951611585159,0.209679037183226,0.134754696257081,FALSE
"ACTB",-0.412436244873133,0.0138965693221185,-0.151547402497644,0.0597072673724917,FALSE
"ESF1",-0.336183788033694,0.0139346106205426,-0.332412942597721,0.0447479120026381,TRUE
"C7orf50",0.317147145385898,0.0141255092378933,0.368336376345198,0.0118063592588303,TRUE
"ULK1",-0.310011906294241,0.0142404273149158,-0.283986732129246,0.0590453892640343,FALSE
"ANO6",0.294689866556121,0.0142913420125089,0.191518312117154,0.0936171126818047,FALSE
"SRGAP1",-0.321316013306176,0.0142972370973968,-0.335805968024736,0.010635376199747,TRUE
"AC020916.1",-0.284862750390034,0.0143121843311316,-0.268075023747437,0.0619154182613302,FALSE
"ELP3",-0.298126732965099,0.0143485468124716,-0.314948177643762,0.0308547117177513,TRUE
"MYOCD",0.557730670500629,0.0143824551941004,-0.146255678138978,0.475487460090275,FALSE
"STIM1",-0.238223417682117,0.014473170782103,-0.301620561113325,0.0287701031190204,TRUE
"CASP7",0.49601023597073,0.0144987187605963,0.533099438181539,0.0127947376661234,TRUE
"SGIP1",0.285563832022206,0.0145152945827767,0.303822511193586,0.187957232529755,FALSE
"NOP2",-0.718061832634218,0.0145445149177432,-0.634727100974987,0.0338896865950107,TRUE
"NAT10",-0.386278732263624,0.0145471714775719,-0.339464540088553,0.0628364235984296,FALSE
"MAN2C1",-0.296238040175865,0.0145514760180737,-0.290080382139819,0.0464309089911677,TRUE
"ATL3",-0.264041283025689,0.0145638767254565,-0.227243166056661,0.091339583443391,FALSE
"NIPA2",-0.300667121022882,0.014589571762706,-0.214258051656384,0.141560469658546,FALSE
"FBXO34",-0.305622743437759,0.0146001112566151,-0.28911030412993,0.0172155246109238,TRUE
"GOLT1B",-0.541157882368958,0.0146102503650246,-0.494058095530172,0.00948968728834988,TRUE
"SPAG9",-0.163801336549854,0.0146163431324909,-0.185201676139427,0.027026265115074,TRUE
"PREPL",0.330791002584694,0.0146496171173336,0.229177294057566,0.0368749567010348,TRUE
"OXR1",-0.206705497632113,0.0146573879381896,-0.307703982641198,0.0160671083089338,TRUE
"SLC25A42",-0.521193244647422,0.0146573879381896,-0.553657201974534,0.0186570279136529,TRUE
"HNRNPL",-0.240210723008973,0.0146573879381896,-0.28785645422284,0.0135759192118942,TRUE
"MAP3K1",0.244955599769206,0.014667923446409,0.163355044679653,0.219689691207766,FALSE
"VPS13B-DT",0.428930582626545,0.014667923446409,0.411227085088543,0.0170136686254,TRUE
"AC127035.1",-0.325610956473181,0.0146875888038256,-0.330589197593454,0.0367760840285984,TRUE
"TUBA1C",0.332373420054531,0.0146997093354732,0.400822816710982,0.0142753685356582,TRUE
"PRKG1",0.0758238663720418,0.0147085026848908,0.275974382287015,8.21437005547709e-06,TRUE
"ME3",0.327168826589098,0.0147411926435291,0.385137587381041,0.0241302809072726,TRUE
"GON4L",-0.239850243326708,0.014766313246547,-0.288263647588363,0.0146497226844041,TRUE
"LIN52",-0.267646543355475,0.014771158451838,-0.199303358223029,0.100240673514112,FALSE
"RTF1",-0.266128808634135,0.0149016920976938,-0.242668546063655,0.0609818402982317,FALSE
"AATF",-0.334187137095152,0.0149016920976938,-0.279156910958168,0.097243788103015,FALSE
"MRPS31",0.302748580141428,0.0149142955245619,0.21568293620257,0.126805517469584,FALSE
"CLMN",-0.176134786111314,0.0149142955245619,-0.381169242789391,0.00164458006477603,TRUE
"PDSS1",-0.435354391939984,0.0150017886221344,-0.381882571862157,0.0476544383290253,TRUE
"SYF2",-0.441606794015901,0.0150647648596961,-0.242902038512574,0.126061368183786,FALSE
"RARA",-0.580893783549014,0.0151463173438714,-0.449790242466353,0.108085536747345,FALSE
"C1S",-0.844537583888654,0.0151920834676978,-0.380220659553592,0.00243189661852653,TRUE
"HERC1",0.154509272648711,0.0151920834676978,0.217672217115086,0.00781080980640562,TRUE
"IFT81",0.3853614605083,0.0151990154576759,0.405771706767742,0.0175122276856971,TRUE
"SUPT16H",-0.269998190870603,0.015251442929256,-0.263797556288596,0.0392444191520401,TRUE
"NEMP2",0.438675046805298,0.0154349708421807,0.518278333640223,0.00940519586521095,TRUE
"ITFG1",0.170517544222871,0.0154905990288949,0.138606589738899,0.113042325717938,FALSE
"DGKZ",0.36940479808499,0.0154928927781775,0.396519863109931,0.0138224517776729,TRUE
"AGAP3",0.491414946722333,0.0155056548524076,0.304519622199954,0.106218882161802,FALSE
"TOP3A",-0.341548559437691,0.0155571023971264,-0.330223577440964,0.0421612974565834,TRUE
"ELL",-0.350837989313537,0.0155654819028916,-0.387404766692892,0.0295702734459789,TRUE
"DDX10",-0.32152379775478,0.0155769172194693,-0.31891377504344,0.0551228778804663,FALSE
"HSPA4",-0.36657383358725,0.0156183210815704,-0.32388052013457,0.04091389935621,TRUE
"AC016831.7",-0.241752168247185,0.0156292573113904,-0.290479792901513,0.0318122679517792,TRUE
"RCC1",-0.625915961794867,0.0156358861660633,-0.697772458411752,0.0214339196315975,TRUE
"TBC1D8",0.419295288860816,0.0157074624367572,0.217614484575976,0.0398588424474749,TRUE
"DPY30",0.415875244742134,0.0157283345036965,0.452324965446867,0.00574116609011348,TRUE
"RC3H2",-0.191803366144714,0.0157283345036965,-0.191646120316234,0.0580377207422063,FALSE
"AL109824.1",-0.225756488830095,0.0157283345036965,-0.22898473230463,0.0199401371530669,TRUE
"MRPL33",0.54633562837408,0.0157353618342287,0.267678048818776,0.084099256488706,FALSE
"PPP3R1",0.254484892347008,0.0157353618342287,0.103388453398925,0.348509111667973,FALSE
"LINC02241",0.727370812059714,0.0157353618342287,0.396494252107983,0.0563973938050549,FALSE
"ZNF577",0.461927685382861,0.015763851792868,0.434291298278222,0.0206421561795047,TRUE
"ZSWIM8",-0.340234977153828,0.015885120922609,-0.304987379438423,0.0531542467334081,FALSE
"PLD5",0.794493617907266,0.0158903423954316,0.959240968755002,0.0248143211889143,TRUE
"CHTOP",0.466177080412502,0.0159026912812289,0.113808228806138,0.413312275008912,FALSE
"NPY1R",0.623554911818397,0.0159026912812289,0.789526807921421,0.00486262703488563,TRUE
"ADAM19",0.353306563087444,0.0159449064922185,0.246349250262031,0.138217069818326,FALSE
"OVCH1",-0.974562646935866,0.015985074507282,-0.842261533522922,0.0712290256701013,FALSE
"PALM",-0.40368576467477,0.0159854455440562,-0.387120754015712,0.0486777148210569,TRUE
"GFOD2",-0.485180097808741,0.0160288565199071,-0.370001716684632,0.0880360255057922,FALSE
"HNRNPAB",-0.612262771033057,0.0160344071727325,-0.27772107613702,0.097243788103015,FALSE
"ZNF26",-0.37106581532849,0.0160344071727325,-0.4254998677795,0.0105195990763113,TRUE
"LARP4B",-0.236456415363023,0.016039553918039,-0.342665224961463,0.000264015183827609,TRUE
"SBNO2",-0.440505945244798,0.016039553918039,-0.457591823038045,0.0229015820712426,TRUE
"IDH3G",-0.535915912477738,0.016056644044873,-0.270448560716555,0.25523855884989,FALSE
"SEC24D",-0.342595679009339,0.0161013010470156,-0.464862670958224,0.00794785735628971,TRUE
"SERBP1",-0.528160171614127,0.0161101035416053,-0.298824150597972,0.00620611052461214,TRUE
"SMC5",-0.162757931850711,0.016121711948681,-0.196481748177482,0.0174486705327455,TRUE
"GLYR1",-0.232721084923151,0.0161347649598588,-0.262995507810513,0.0186065785449657,TRUE
"ST3GAL5",0.588024329720784,0.0161556925297583,0.821300404874636,0.00670705583542257,TRUE
"CELF2",0.465233919592427,0.0162196393669372,0.141917801618384,0.224874186684267,FALSE
"AC104389.5",-0.332090094222942,0.0163044963847219,-0.306017191445973,0.0443824215318404,TRUE
"TRAPPC8",-0.206715971692264,0.0163292409140556,-0.215142536752818,0.0420654629394512,TRUE
"IQCH-AS1",0.370262157521752,0.0163837554981169,0.50144250862189,0.00320678079370794,TRUE
"FUT8",0.314373814857602,0.0164162728795964,0.196953724391155,0.196356742240027,FALSE
"DDX60",0.535618277482429,0.01642039459859,0.384148063614787,0.0711262038675955,FALSE
"NAA50",-0.268415245122154,0.0164235990208193,-0.205093526635368,0.0656637458486149,FALSE
"NACC2",-0.328419261656115,0.0164368619209926,-0.233338063184408,0.144782047180071,FALSE
"YWHAE",-0.175878106398792,0.016476311018445,-0.241094522155384,0.00323787720760602,TRUE
"TDRD3",0.295817161324185,0.0165622693435869,0.211234054681065,0.0350110777776961,TRUE
"CEMIP",0.313934463501367,0.0167581218106049,0.355847802673841,0.0176901053309892,TRUE
"RNF170",0.376562595015616,0.0167625331329136,0.322091950977757,0.0429772479266689,TRUE
"KSR1",-0.360859812716635,0.0167625331329136,-0.452567723024152,0.0126246450308042,TRUE
"MTHFD2L",-0.329018594443507,0.016821518225584,-0.360245511478122,0.0131526574910401,TRUE
"CYBRD1",0.600552842484964,0.0169165779040756,0.393830006212559,0.00399067508020376,TRUE
"DOCK5",0.631764345844337,0.0169447647943839,0.286022076782376,0.0216205174183833,TRUE
"FBRSL1",-0.289682663745538,0.0169485747483683,-0.247755714678454,0.0637495532192661,FALSE
"CDC42SE1",-0.321332567505708,0.0169509040239128,-0.349053839879912,0.0123620601607988,TRUE
"USP11",-0.39937595055145,0.0169975127265193,-0.36879458103408,0.0397613459680729,TRUE
"NCL",-0.557701589854492,0.0169980067558234,-0.198799648950195,0.145029730719834,FALSE
"TJP1",-0.191480444400206,0.0170417098348349,-0.19440842494237,0.103886519198982,FALSE
"RAB5A",-0.277626098326124,0.0170600882165581,-0.315633290666743,0.0140163147954855,TRUE
"FGF13",0.905702748383924,0.0170812074530899,0.589925674775263,0.00395528911568472,TRUE
"SOD2",-0.261849808489024,0.0170919230349027,-0.224824013107943,0.020979486513132,TRUE
"FAM49A",0.233478618072059,0.0171381036671538,0.296813357086397,0.0107376492309044,TRUE
"DIRC3",-0.394449869153199,0.0171381036671538,-0.536414019504614,0.0085828477718898,TRUE
"AC005180.1",-0.655564624563339,0.0171381036671538,-0.515696242697616,0.0715109780332017,FALSE
"EZR",-0.301214971048499,0.0171677119676493,-0.333736322582305,0.0515053947350708,FALSE
"STRN3",-0.16301103059281,0.0171981364347563,-0.200694372311818,0.0149376628833473,TRUE
"ASH1L",-0.127898258686914,0.0171994202082032,-0.146205941529114,0.0470107068207081,TRUE
"SMC6",0.232957636054915,0.0171994202082032,0.318344388739652,0.0118167468641247,TRUE
"PPIP5K2",0.36594808675754,0.0171994202082032,0.135841340543959,0.199555362515525,FALSE
"GEMIN8",0.54031542865959,0.0171994202082032,0.589586362385487,0.0118167468641247,TRUE
"ATR",-0.264917041768054,0.0172020744330399,-0.264750778867979,0.0554380659440889,FALSE
"PARP14",0.364793056919899,0.0172979423020532,0.193778799197627,0.183681233733429,FALSE
"SMARCA2",0.515031047125869,0.0173302914649201,0.321516308747789,0.0165922089197769,TRUE
"HNRNPK",-0.394479857230993,0.0173302914649201,-0.259837226008281,0.00291324625090712,TRUE
"PRMT7",0.390902587257408,0.0173302914649201,0.412765363898159,0.00822324650755222,TRUE
"GNA11",-0.352148497762252,0.0173378350335463,-0.257799090616512,0.107171603407357,FALSE
"MYADM",-0.343268140454782,0.0173378350335463,-0.297060032396395,0.0515034528239492,FALSE
"VPS16",-0.637742264028356,0.0173378350335463,-0.597840978271339,0.0376441339552802,TRUE
"MED13L",-0.156154185433008,0.0173837394709025,-0.19120075303834,0.00851319993276806,TRUE
"C5orf66",-0.386484281904489,0.0173981698531553,-0.328264072922468,0.0763659729054464,FALSE
"UBE2V2",-0.302287564510019,0.0174175404170781,-0.281167994962458,0.0438230951517736,TRUE
"ZNF385A",-0.661044484543375,0.0174549173832042,-0.537065976367987,0.0688380771467137,FALSE
"RMND5B",-0.33687793948667,0.01748933989858,-0.265743211526929,0.132618901148251,FALSE
"DDX39B",-0.206977324153727,0.01748933989858,-0.185122120899173,0.0897815459604404,FALSE
"BIRC6",-0.126670980713422,0.0175261981419071,-0.181769871862749,0.00387965657702208,TRUE
"PRRX1",-0.235270742682746,0.0175922971554305,-0.345899416558674,0.0170509446562079,TRUE
"TTBK2",0.293693290628981,0.0175922971554305,0.143060309205298,0.252673182373603,FALSE
"STS",-0.433736168061855,0.0175922971554305,-0.401088212094663,0.0810272108872098,FALSE
"AC048382.5",0.560374341392935,0.0176251365777964,0.679718479770847,0.00574116609011348,TRUE
"PRPF38B",-0.246462915368789,0.017675758256214,-0.210567747359168,0.104232172770223,FALSE
"USP36",-0.310849724254834,0.017675758256214,-0.319805644763262,0.0367692966824748,TRUE
"CALR",-0.888371873725463,0.017675758256214,-0.229322860039276,0.130431527152639,FALSE
"TMX2",-0.354410930043202,0.0176957038607308,-0.310634769366652,0.0356939077361423,TRUE
"ARL17A",-0.531450652531012,0.0178045065724381,-0.55875164065612,0.0222226815991132,TRUE
"BFAR",-0.479314451833997,0.0178126410583038,-0.537588792664308,0.0248908398958634,TRUE
"PARVB",-0.79784725732617,0.0178539207552506,-0.762651380924387,0.000273565733105575,TRUE
"LRRFIP1",-0.259724265395625,0.0178855356128204,-0.279138969014117,0.035315607214881,TRUE
"NHS",0.253370236920587,0.0179727733577571,0.297272477158434,0.0526856554599242,FALSE
"HACE1",0.368980702669425,0.0179887315806302,0.342367760310371,0.0346582088122773,TRUE
"IQCE",0.59246573113999,0.017998655304051,0.802778212515449,0.00236733393244463,TRUE
"CBR3",0.420431193227779,0.017998655304051,0.503164091052411,0.00701824603906221,TRUE
"DMXL2",0.54060352370047,0.0180014731761614,0.219275536549828,0.0824969966679127,FALSE
"CRMP1",0.316622232058474,0.0180120625894491,0.322434842151155,0.0380952192408158,TRUE
"RPTOR",-0.176762127049188,0.0180188019387238,-0.176028511499049,0.0688380771467137,FALSE
"FBXO46",-0.454587002617855,0.0180188019387238,-0.326999511311467,0.103927188768643,FALSE
"TTC14",0.320942862071382,0.0180874176861213,0.195524875931598,0.0808421511790363,FALSE
"LNPK",0.466182520126802,0.0181101862337297,0.348314341299186,0.0223375519970214,TRUE
"NAA20",-0.379747158965103,0.0181194187251044,-0.295910554479312,0.107478487242703,FALSE
"SRPX2",-0.703065438285128,0.0181324167712986,-0.519869529964772,0.00392800650480179,TRUE
"SHROOM4",0.633108016856099,0.0182600284539219,0.30857737372572,0.0265568528354993,TRUE
"CHN1",-0.286785613600234,0.0182647580853095,-0.390288538512425,0.0121276108246341,TRUE
"GGNBP2",-0.191362663447363,0.0182728354828892,-0.21136005982352,0.0231897030692452,TRUE
"MEF2C-AS2",0.330226593494875,0.0183853813705042,0.464241527078792,0.00720812155514291,TRUE
"PTPN12",-0.166761863172587,0.0184402735704274,-0.278390847487663,0.00531583511731321,TRUE
"CSRP2",-0.5858771645475,0.0184548214973328,-0.5305056963983,0.0349572124858694,TRUE
"EXOC6",0.338453191994219,0.0184989540728022,0.126979849385163,0.261273474185145,FALSE
"KDM5C",-0.292788602615628,0.018524267802941,-0.220538535316944,0.100584573042573,FALSE
"EIF2AK2",0.243313363050911,0.0185763313351573,0.332193469167381,0.0117867324930256,TRUE
"CTNND1",0.150875703570026,0.0186191295266891,0.108928823982767,0.211021493550455,FALSE
"RALY",-0.167891780139933,0.0186325926721315,-0.143746133590394,0.10642931172247,FALSE
"TRMT13",0.3298402789205,0.0186338981183777,0.205160338461234,0.152004426102486,FALSE
"BMERB1",0.497172293129557,0.0187330854915235,0.168636210523647,0.300653248910183,FALSE
"PLEKHM1",-0.299020289637363,0.0188268291940201,-0.306159184369404,0.0173898508536943,TRUE
"ADGRE5",-0.423779823791131,0.0188268291940201,-0.526081176722936,0.0147076161889889,TRUE
"TLN1",-0.224783703851802,0.018841789681824,-0.24125581619142,0.0430103508852519,TRUE
"MEIS1",0.492100219144162,0.0188539811121328,0.357457775384878,0.00971724594107845,TRUE
"ZDHHC15",0.42171563574163,0.0189778142238881,0.489336845345208,0.0165253973638148,TRUE
"WTAP",-0.229822634349528,0.0190269204845011,-0.207471107580183,0.0910339448634395,FALSE
"SPRY4-AS1",0.230443648585545,0.0190516828594075,0.308088394785533,0.0496335479564185,TRUE
"ARL6IP4",0.525746742116763,0.0190536018310953,0.390805190247427,0.00893226376437032,TRUE
"SIK3",-0.196600848506764,0.0190880032861274,-0.228581182185307,0.039378459765835,TRUE
"FXYD2",0.595298665786275,0.019116364477364,0.809136043438532,0.00533462550640465,TRUE
"AC211433.1",-0.276770578514621,0.019186356068264,-0.297925927187218,0.037939470743593,TRUE
"ZC2HC1A",0.359671243069198,0.0192028517629172,0.378108468839358,0.03334071189231,TRUE
"PDCD11",-0.516981217761532,0.0192028517629172,-0.460828545847611,0.0516416884674695,FALSE
"PON2",0.493072087686475,0.0192349148574501,0.173218610420534,0.466157074509245,FALSE
"ARHGEF10L",0.56098123395008,0.0192492434268762,0.000704248105889778,0.998063131167522,FALSE
"DDX46",-0.176096259382612,0.0192603510368004,-0.151891381358882,0.130425216098087,FALSE
"SLC7A2",-0.58518145683305,0.0192968144289856,-0.713887498612538,0.00731859647257292,TRUE
"SUSD4",0.528385934752407,0.0193102518702844,0.696307937806905,0.0074649428738824,TRUE
"SAMD4A",-0.591799210227501,0.019346527318406,-0.385960551923495,0.00522385088791647,TRUE
"AL008633.1",-0.282940824938305,0.019346527318406,-0.376095002813891,0.0321648988960732,TRUE
"GNL3",-0.356644103707199,0.0193642183504719,-0.359208010509976,0.044703103974568,TRUE
"DDX18",-0.321149350598104,0.0194185132236541,-0.246856575617643,0.103181309916478,FALSE
"SMARCA4",-0.232230002105157,0.0194185132236541,-0.236020985010226,0.0735903229172992,FALSE
"RAB4B",-0.359733265078181,0.0194185132236541,-0.392470582863047,0.0217238821379082,TRUE
"NECTIN2",-0.266478659667891,0.0194185132236541,-0.278398560577795,0.0577460379647462,FALSE
"C5AR1",0.698324531614902,0.0194185132236541,0.307010751621536,0.209563265653949,FALSE
"RALB",0.402084939540776,0.0194749528891239,0.306514206387261,0.0873144981733369,FALSE
"WDR17",0.726747816893109,0.0196190618698162,0.931694700234647,0.0103287234164191,TRUE
"RBM4B",-0.269729097408988,0.0196577101167964,-0.178678404826226,0.190111722026433,FALSE
"FAM126A",0.253721098649402,0.0197519724859011,0.237291891821403,0.0875283982926183,FALSE
"ACAD10",0.357455420741399,0.0198050040522838,0.330510153570018,0.0572414434340546,FALSE
"PSMA6",-0.308418687822469,0.0199042150365277,-0.2379692622957,0.10160397065095,FALSE
"MKLN1-AS",-0.508280229705627,0.0199273624609508,-0.395609148662612,0.11876203610083,FALSE
"MICU1",0.216217887326326,0.0199754445733424,0.139778639475598,0.199555362515525,FALSE
"AGPAT4",0.382884958796221,0.0200504672206509,0.389296468547306,0.044703103974568,TRUE
"EPB41L5",-0.257516985611386,0.0200630176847538,-0.253033098637171,0.0777992715389189,FALSE
"IP6K2",0.36331029747216,0.0200768581160332,0.180378786530553,0.253412304044548,FALSE
"DENND2A",0.159117393759959,0.0200935176796963,0.266585697286881,0.0360127443251113,TRUE
"ZBTB25",0.491144127711543,0.0200935176796963,0.246171832853049,0.141251801717527,FALSE
"CAV1",0.352226195415038,0.0201073727394946,0.259254852835093,0.03106749097638,TRUE
"WBP4",-0.297231277339725,0.020132827665741,-0.232120760783308,0.111993404710338,FALSE
"GPS2",-0.447117515656807,0.0202495086612124,-0.212968232724376,0.139491356649632,FALSE
"FMO2",-0.591799996084651,0.0202501726422452,-0.520348654905699,0.00376878579170865,TRUE
"EHMT1",-0.134776334538028,0.0202995561429133,-0.140216562926229,0.082928782179251,FALSE
"UBXN4",-0.254890089683363,0.020301923850086,-0.230238582384301,0.0350110777776961,TRUE
"PXYLP1",0.545825123578012,0.020301923850086,0.13629464624507,0.515186695880146,FALSE
"STAM2",0.29386648935983,0.0203700978411295,0.222209178423823,0.0471959043518472,TRUE
"ARCN1",-0.279035675529319,0.0203700978411295,-0.283405734088171,0.0367088817904038,TRUE
"ITGB1-DT",0.481459187624123,0.020373533730562,0.566152686146255,0.0271889570613289,TRUE
"FAM13B",0.243483503476954,0.0204596726735172,0.0933722431511215,0.306048628377369,FALSE
"SCAPER",0.222599378513474,0.0204596726735172,0.150245420763711,0.151508161794485,FALSE
"KREMEN1",0.509420096950956,0.0204596726735172,0.249608891524248,0.274548123748298,FALSE
"RARB",0.528061530620113,0.0204656466279814,0.115547663400889,0.493565194246556,FALSE
"PPP6R1",-0.502918942476454,0.0204656466279814,-0.380358971175976,0.125152990439308,FALSE
"AC011092.2",-0.238263700456719,0.0204943501041371,-0.184065594804205,0.177946093196143,FALSE
"TMEM230",-0.277514157177016,0.0204943501041371,-0.192605932022961,0.20873718040219,FALSE
"LRBA",0.264425693159915,0.0206562941089885,0.172248996697107,0.0814970467994162,FALSE
"SPIDR",-0.126450891078545,0.0206791146222645,-0.163655590786387,0.0279238257296938,TRUE
"BACH1",-0.250648258778311,0.0207428318312783,-0.404888138720509,0.00391846159682038,TRUE
"AKAP7",0.389903501421393,0.0208097472909916,0.373892056447961,0.0155722928989032,TRUE
"DDAH1",-0.654344385348872,0.0209086591733796,-0.811796213329555,0.0325462081730247,TRUE
"MIR34AHG",0.543497030106517,0.0209733675558942,0.699854703512664,0.0100158877095863,TRUE
"SASH1",0.174617014580505,0.0209733675558942,0.233033205434679,0.0874514481988756,FALSE
"ALDH1L2",-0.368446603599499,0.0210771230804992,-0.347982505579951,0.0554474843282059,FALSE
"SRSF2",-0.468235474496334,0.0210865380473841,-0.107933690066232,0.342487229735475,FALSE
"PPM1B",-0.206160831414238,0.0211080155032979,-0.294284964940714,0.00775938995388042,TRUE
"LCLAT1",0.37936022235596,0.0211428132038584,0.131006514776536,0.315217575748477,FALSE
"COQ10B",-0.375457597827796,0.0212373058123088,-0.411811604302987,0.0169161136382367,TRUE
"LRRC8C",0.257987540199386,0.0212881362927936,0.403461189164783,0.00477533568883185,TRUE
"SEC22C",-0.29261767743268,0.0212881362927936,-0.340637365777563,0.0130034015785332,TRUE
"MBNL2",0.232951865717754,0.0212881362927936,0.173912494274214,0.160285672620076,FALSE
"CANX",-0.471267493776847,0.021345848278686,-0.278303441300667,0.0588245684112424,FALSE
"CENPO",-0.574546560270675,0.021415330884011,-0.584952177775697,0.0403762970835718,TRUE
"CLK4",0.407806730591452,0.0214435631559473,0.167779707299453,0.260087658940269,FALSE
"SNHG29",-0.571645564930388,0.0214445362413833,-0.258995273235113,0.223891905202947,FALSE
"GCC2",0.227260746574333,0.0214509901537362,0.308572192047205,0.0128378769474232,TRUE
"AP001453.1",0.55863479521282,0.0214987209655609,0.694430754727911,0.0060580236569237,TRUE
"CBX6",-0.510017363660597,0.0216105227326375,-0.34027005583707,0.124727594182097,FALSE
"DHX9",-0.245691707935434,0.0217830915467005,-0.229651612715625,0.0564632449284834,FALSE
"NEK1",0.187897512760889,0.0218257343928269,0.24136451412743,0.0258031801534606,TRUE
"MYO1B",-0.122143168586695,0.0218619526593874,-0.209581698306013,0.0541404654904151,FALSE
"CUL3",-0.176450008206609,0.0218619526593874,-0.142646429915032,0.156605674925941,FALSE
"AP000442.1",-0.33504822901243,0.0218619526593874,-0.258422975343039,0.0927872356107216,FALSE
"CSNK1G2",-0.378605342397345,0.0218619526593874,-0.377597595567658,0.0406874144725093,TRUE
"NBPF26",0.574066019554819,0.021876387905994,0.649749576655784,0.0163688338094276,TRUE
"SLC43A1",0.448459959312349,0.0219936467748648,0.63461413577834,0.00339501527570391,TRUE
"TNFAIP8",0.32184610703514,0.0219974559989923,0.393322262943814,0.0174486705327455,TRUE
"RIOK1",-0.507889286510495,0.0220082517070207,-0.496578801755385,0.0376847370085202,TRUE
"TTC8",0.378781715602513,0.0220082517070207,0.481786786310556,0.00521982188115251,TRUE
"DHX8",-0.312327982055313,0.0220363122921391,-0.304897117135435,0.0447479120026381,TRUE
"AL031428.1",-0.288010193896203,0.0220424233912393,-0.232730982816187,0.102452031570078,FALSE
"APOLD1",-0.304405151703373,0.0221340209051197,-0.230462692201006,0.235301942650143,FALSE
"PSMC1",-0.326188366503615,0.0221492666852541,-0.299585179029444,0.0569950648584943,FALSE
"STT3A",-0.3723847588917,0.0221864866780752,-0.332114280348669,0.0725485387079299,FALSE
"NCK2",0.175329398277809,0.0222228948684454,0.251115341150368,0.0288365644176518,TRUE
"OLA1",-0.247045394782254,0.0224494093200317,-0.204962647331159,0.176608254564842,FALSE
"RAB11A",-0.200086582021887,0.0224974812510189,-0.226901034400331,0.0464282763434248,TRUE
"FAM227B",0.448216844216677,0.0225004517199542,0.259988696656853,0.115294182023029,FALSE
"ING5",-0.28662862157593,0.0226819208897695,-0.319224955121609,0.0362408923333699,TRUE
"EIF4A2",-0.429132146926088,0.0226850494249852,-0.174504894388004,0.0883581929225795,FALSE
"RCL1",-0.445522200298386,0.022687653029897,-0.400912641326976,0.0450804043236767,TRUE
"ALG9",-0.367133419430419,0.0226924980351656,-0.386245402938608,0.044565626921523,TRUE
"AC107021.1",-0.44026136806017,0.0227559069457316,-0.478653736704466,0.0242508461660406,TRUE
"FBXL2",0.403044284464107,0.0227808784403404,0.218057431694714,0.185319223839033,FALSE
"C9orf85",0.271175318094192,0.0228286737322408,0.310817887492125,0.0385951282059562,TRUE
"L3HYPDH",-0.542852536912884,0.0228286737322408,-0.336990496562704,0.136759107401538,FALSE
"SWT1",0.373685410914064,0.0228990193534434,0.344276714340092,0.051165511847812,FALSE
"NFE2L3",-0.535091665163186,0.0228990193534434,-0.569894993333417,0.0313824003316596,TRUE
"UBN2",0.191188740003505,0.0228990193534434,0.280116695915425,0.00922039092524745,TRUE
"CEP78",0.617342029196551,0.0229286847744669,0.430485118491101,0.0954609790184971,FALSE
"BUD13",-0.518661714394218,0.0229801570862906,-0.533780427105134,0.0372172155641877,TRUE
"FAM219A",-0.221529777570438,0.0229993525277241,-0.219267781847692,0.0743699396676031,FALSE
"PARD3",0.0998025336282111,0.0230035986941207,0.363067866242802,2.1020496683133e-05,TRUE
"ITGB1BP1",0.217000851919308,0.0230214617276244,0.314040246215738,0.00926153883909746,TRUE
"AC009126.1",0.633184853152515,0.0230356810313282,0.565935645167369,0.0533420471837802,FALSE
"VPS26B",0.402438268970009,0.0230356810313282,0.507295255056913,0.00555013840609708,TRUE
"DIP2A",0.204067750079133,0.0230442263462428,0.16179378941804,0.125917084164207,FALSE
"AP2B1",-0.164685593441361,0.0230642742097078,-0.120330507483662,0.169830587498397,FALSE
"TSIX",-0.278271559397274,0.0231103271924573,-0.257521203528649,0.119430747834549,FALSE
"HNRNPUL1",-0.283857459368257,0.0231511472791037,-0.262791854569806,0.063999605394324,FALSE
"KIAA0895L",-0.542554706503942,0.0231519591252679,-0.464024873048791,0.0915419947704052,FALSE
"AC007098.1",-0.346246520578959,0.0231543543675919,-0.180712157576666,0.348973459535871,FALSE
"SAMD8",-0.219848227553814,0.0232008504761684,-0.209387268425357,0.0769806744203361,FALSE
"CDK5RAP3",0.475529137392559,0.0232008504761684,0.232214229876826,0.192209815418216,FALSE
"ZBTB1",0.253867649830539,0.023204651152543,0.109235630884951,0.25489623635806,FALSE
"MAMDC2-AS1",0.390675095004,0.0232099208896387,0.508888937894198,0.0108820830414473,TRUE
"ZNF135",0.458681237562761,0.0233800652130339,0.49814723125344,0.0149080685045678,TRUE
"STK40",-0.330856605613361,0.023414318657463,-0.41497913625804,0.0117765045684664,TRUE
"AP000757.1",0.311249805173682,0.0234249179991581,0.35663965556108,0.0295766612977129,TRUE
"TXNRD1",-0.590927820958022,0.0235943819352576,-0.238807963982018,0.0482292816935774,TRUE
"AC005480.1",-0.290692032368482,0.023614950070403,-0.356884691104018,0.010635376199747,TRUE
"RMDN3",-0.444299429176837,0.0236996938538027,-0.443029251033498,0.0386897607632679,TRUE
"PEAR1",-0.218427034811054,0.0237140375025275,-0.23532466833397,0.0473493364727418,TRUE
"SLK",-0.207631725553902,0.0237140375025275,-0.214015260873421,0.0552738526537553,FALSE
"LENG8",0.178019684679741,0.0237516274393902,0.286415945675333,0.00244457759583744,TRUE
"ECE1",-0.289484067621526,0.0238014891375214,-0.395952568919626,0.0463103101678993,TRUE
"DNAJC13",0.202625354980924,0.0238014891375214,0.124061567752064,0.222807540072712,FALSE
"DENND6A",-0.176497247349227,0.0238199769551535,-0.182704436112532,0.0531956172729709,FALSE
"AC021851.1",-0.53731552795788,0.02383774661445,-0.508723265185685,0.050579020669432,FALSE
"SNRK",0.162950561603698,0.0238441410823098,0.334984847874243,0.000366361835346757,TRUE
"GALNT7",0.369256749536681,0.0239495511592418,0.188645509030164,0.297737362349513,FALSE
"AC105916.1",0.587424884033425,0.0239868031625671,0.742531142541616,0.0129755968499016,TRUE
"PAMR1",0.473019788851636,0.0241870773276014,0.546603476166817,0.0429772479266689,TRUE
"LSG1",-0.438219323297054,0.0242358455399088,-0.379830946257681,0.0332754035283368,TRUE
"RAI14",-0.778894121512693,0.0242358455399088,-0.85987480776235,0.00062754538218948,TRUE
"MMP24",-0.27792204714561,0.0242358455399088,-0.330599676437988,0.0280738101260692,TRUE
"POLR3H",-0.548662025186513,0.0242358455399088,-0.472267609544313,0.0682987611952496,FALSE
"KIF9-AS1",0.516036706401397,0.0242411615574915,0.251272042673539,0.154408347575558,FALSE
"UTP18",-0.582582115446232,0.0243679945749945,-0.659666401328042,0.0272788989248344,TRUE
"KLHDC1",0.228028114108415,0.0244252424028952,0.294940643903849,0.00993213466921144,TRUE
"GLT8D2",0.638668019661383,0.0244486303540621,0.304145962297348,0.188779841609067,FALSE
"UBE2N",-0.283408017836821,0.0244666423499496,-0.266541066819104,0.0637908077060565,FALSE
"NME3",0.361696706889282,0.0244666423499496,0.232378484127128,0.19546266347099,FALSE
"PSMA2",-0.537132665178769,0.0245871244568479,-0.0766589643814818,0.709030934348186,FALSE
"TH2LCRR",-0.415057029421249,0.0247057399109374,-0.344413774993894,0.0979702417136908,FALSE
"PSMD8",-0.466983150082792,0.0248515055903055,-0.225067335499096,0.115546380667113,FALSE
"FAM122B",-0.452373242230889,0.0248664877285846,-0.421123807349907,0.044703103974568,TRUE
"MTHFR",-0.402909137616611,0.0249716983073131,-0.457604260004014,0.0266201440897415,TRUE
"RAD51C",0.454522591559787,0.0249716983073131,0.422915628788988,0.0437453630279434,TRUE
"SLC2A3",-0.504558810440637,0.0251462653125078,-0.599617100302498,0.0344648590883471,TRUE
"PUM1",-0.131375594814119,0.0251611792658832,-0.174777189384777,0.0197241133018342,TRUE
"AC055733.2",-0.375629750826021,0.0251964857135079,-0.234527687896164,0.243215913802763,FALSE
"ACTL6A",-0.386391659552956,0.0251999879392122,-0.394414332816889,0.0485683164252458,TRUE
"AC254629.1",0.305325744089977,0.0251999879392122,0.373844597419321,0.02569667442062,TRUE
"TRIQK",0.489618828125628,0.0251999879392122,0.216188140475622,0.0741706983758619,FALSE
"C19orf12",0.429265058067628,0.0251999879392122,0.0714191939827287,0.75181452837252,FALSE
"RIC1",-0.156476255008108,0.0252116870656003,-0.153428684609151,0.0760412517017106,FALSE
"MBOAT2",0.477995962083999,0.0252934225234834,0.487870263500683,0.0596069870412047,FALSE
"CTDSPL",0.257995604663855,0.0253157090253738,0.354299113310259,0.00866158854162688,TRUE
"MXI1",0.225457344518564,0.0253182452918415,0.267820769655068,0.02457572056401,TRUE
"HM13",-0.268570062283413,0.0253364986297654,-0.264456537333753,0.0779341024610632,FALSE
"GRIPAP1",-0.325636824178519,0.0254415996195253,-0.409565877943889,0.00823855615468199,TRUE
"ARID4A",0.248493719191174,0.025508207543083,0.193543726422093,0.104841909335814,FALSE
"TMEFF2",0.299389267046343,0.0255589113223579,0.456719330180427,0.0132522103321863,TRUE
"UNC5C",0.143045026232573,0.0255589113223579,0.301601242862026,0.00447888839490687,TRUE
"ZSWIM6",-0.194121698371455,0.0255589113223579,-0.197259685896822,0.0482292816935774,TRUE
"CEP250",0.421307884710781,0.0256269224088639,0.49956287108051,0.012662650590507,TRUE
"AL139807.1",-0.556469542862959,0.0256812202631305,-0.734588309468228,0.0116276438514747,TRUE
"BRD1",-0.277523358253869,0.0257606501641203,-0.250518581987609,0.081840690226898,FALSE
"TPT1-AS1",0.175986990535537,0.0257699236479414,0.298739897502377,0.00165664306199706,TRUE
"CPNE8",-0.310170091407943,0.02577603816571,-0.243248276070573,0.0475216909423474,TRUE
"EMSY",-0.208109306667344,0.0258785605374239,-0.209644392766995,0.0628364235984296,FALSE
"XRN1",-0.143770283164648,0.0259115087422294,-0.124548001819541,0.130463979302914,FALSE
"BMP1",0.291688179304531,0.0259115087422294,0.374009519803574,0.00810015470933053,TRUE
"ASCC1",-0.25590257546794,0.0259115087422294,-0.274932905090458,0.0286510215113831,TRUE
"OPA1-AS1",-0.627580669348139,0.0259255046324711,-0.462561426172327,0.0844709085412109,FALSE
"AC008742.1",-0.419753524575673,0.0259320183069889,-0.38831331740247,0.10868215410575,FALSE
"AC027243.3",-0.344801528354184,0.026117525281651,-0.292694114005646,0.0765673047218266,FALSE
"ZMYND8",-0.373826676772833,0.0262668332967962,-0.437250910699574,0.0022920407043738,TRUE
"DDX42",-0.262057996242205,0.0263985638708142,-0.283199418900162,0.0362408923333699,TRUE
"ASAH1",0.340532583108189,0.0264960585504475,0.282531911301672,0.0100173277200927,TRUE
"DNAJC3",-0.311083454598223,0.0265635403683774,-0.321021729150335,0.0106516992886298,TRUE
"SETDB1",-0.230276844377372,0.0266166151285105,-0.195338791634077,0.0888899008647869,FALSE
"ZDHHC21",0.420365599022133,0.0267423933337571,0.127480223685629,0.349461638519825,FALSE
"INPP5A",0.253396543829706,0.0267423933337571,0.324643772281506,0.0172693024699264,TRUE
"ATP10D",0.227277603710517,0.02675142487481,0.276405959633028,0.034907848414036,TRUE
"BCAP29",0.345443930690998,0.02675142487481,0.205497867337935,0.0816325506411502,FALSE
"PDCD4",0.537443355812505,0.02675142487481,0.116931052099451,0.422724205597875,FALSE
"AP002336.2",-0.219505382219867,0.02675142487481,-0.225390145602688,0.0725474826878015,FALSE
"COX7A2L",-0.367054697772268,0.0267797063971235,-0.228314793844333,0.09150353902961,FALSE
"AP000787.1",0.590279691662413,0.0268081857662181,0.755348692717488,0.0207264597563674,TRUE
"LINC01184",-0.166076237223444,0.0268257448492488,-0.213998992368874,0.0419749083486386,TRUE
"MDC1",-0.324688445017909,0.0271604604993676,-0.25822741415347,0.0996004487166122,FALSE
"SEL1L",-0.208833662779525,0.0272136482663475,-0.184011883419507,0.12490371227934,FALSE
"SERPINB6",0.319318486822055,0.0272278003489973,0.0835242871559436,0.556453011351794,FALSE
"ZNF106",0.598210966791661,0.0272413240171586,0.220057362550824,0.0205708815915086,TRUE
"FGD4",-0.190981821586606,0.0272628451127417,-0.344625459213403,0.0054456551006662,TRUE
"KHDRBS1",-0.165496564178851,0.0272813253135536,-0.171366675037712,0.0897178694482186,FALSE
"DHX15",-0.216316083622172,0.0275808081175367,-0.221653598691136,0.0374665017173096,TRUE
"ABO",0.383718219002823,0.027584060530284,0.583658118182951,0.00646340686169801,TRUE
"ADAM17",-0.193763054590461,0.0276005682066121,-0.235358712275412,0.0493465597432238,TRUE
"ZNF169",-0.450517757163856,0.0276005682066121,-0.364303976363769,0.0988635188062969,FALSE
"KMT5B",0.166219172374626,0.0276005682066121,0.196913353818702,0.0265101151794324,TRUE
"MEF2B",0.401663516573571,0.0276005682066121,0.435816334365304,0.0231813576310987,TRUE
"FAR2",0.223872809807179,0.0276398514707072,0.326743326925192,0.00420106420889702,TRUE
"TIGAR",-0.436678856458626,0.0277743485379766,-0.420006169590729,0.0563365631488535,FALSE
"NOC3L",-0.41925108237684,0.0278369218049562,-0.431409109681346,0.0324054964642428,TRUE
"CTSC",-0.519116699312841,0.0279180456199505,-0.50340865011311,0.00611494022761506,TRUE
"FLCN",0.468144230548452,0.0279856285495553,0.239215345992563,0.257586200666618,FALSE
"AP3S1",0.449043542514938,0.0279868217969995,0.179920739400907,0.334070360181384,FALSE
"AL139022.1",-0.360425043396441,0.0280520018036746,-0.359794382174299,0.0430505447084646,TRUE
"ZFR",-0.129480151565307,0.0280968374417527,-0.146176319425683,0.0608851530827082,FALSE
"C11orf49",-0.221305446037934,0.0281061362604041,-0.233917383755419,0.0905145002576343,FALSE
"GBGT1",-0.33332691081421,0.0281544034577859,-0.283874408740637,0.122550783699096,FALSE
"AL158152.1",-0.216058565882742,0.0281627215810312,-0.194671207784356,0.0824162041522065,FALSE
"NRSN2",-0.652066651623276,0.0281668345023735,-0.554981719194384,0.0824162041522065,FALSE
"LRPPRC",-0.202555692417283,0.0282489682561479,-0.218759925044462,0.0704170098688237,FALSE
"ATP6V0E1",-0.382596756390715,0.0282489682561479,-0.134638224118152,0.263791748903568,FALSE
"KIAA1958",-0.290954320522587,0.0282489682561479,-0.251828655277434,0.13628128846428,FALSE
"VSIG10",0.42180966497298,0.0282489682561479,0.398132139856008,0.0399997588156504,TRUE
"TES",-0.403203414668063,0.0282873571308639,-0.289295227728123,0.122765311283117,FALSE
"WTIP",0.374537133060961,0.0283109661168928,0.489565787467704,0.0197592747254912,TRUE
"AL590006.1",0.365645827462245,0.0283327341246365,0.471625223648328,0.0287078451415631,TRUE
"AC091691.2",-0.985070171546133,0.0283336046392053,-0.863818663530419,0.0913656132581557,FALSE
"RBBP7",-0.23828749427431,0.0283742736274428,-0.166052735256794,0.167093830310593,FALSE
"VEGFB",0.459937576850159,0.0284161801333762,0.300647243309631,0.0749734057290265,FALSE
"NCOA1",0.133233814992325,0.0284591768940638,0.167525441851379,0.0421384147656915,TRUE
"SRM",-0.667384145077473,0.0285232185371182,-0.638893094014078,0.0449555335827864,TRUE
"CNST",0.196037387613831,0.0287183712902176,0.194768837242035,0.0397401786694191,TRUE
"BTBD8",0.425976493048901,0.0287192997605587,0.384967579240757,0.0543302116727716,FALSE
"DISP1",0.249644873921722,0.0287658097551527,0.363097598624927,0.00412512775118938,TRUE
"BX664615.2",0.401278028945571,0.0288985566659421,0.221476334818916,0.301237602845226,FALSE
"UBE3C",-0.132773643969913,0.0289658293350452,-0.160647528078618,0.0265568528354993,TRUE
"CNNM4",0.52212127480246,0.028978844886138,0.471522979277752,0.0293978454258883,TRUE
"CAND2",0.540956002455004,0.0293532349387683,0.281829229069914,0.20165975450058,FALSE
"TMEM8B",0.612651786868876,0.0293877155098511,0.737155100064574,0.0131086746238264,TRUE
"NAPA",-0.261762346615021,0.0293877155098511,-0.222906321960075,0.0907961715219596,FALSE
"MTREX",-0.191492457083708,0.0293911323413789,-0.18489275688373,0.114387455329555,FALSE
"PSMB5",-0.69692667934476,0.0293911323413789,-0.347234390531105,0.0601619823909544,FALSE
"ASXL3",0.452213862019835,0.0294578360164739,0.437319858298557,0.0604692182276719,FALSE
"PAN2",0.58924855273139,0.0295172182960546,0.394760221375605,0.0745681482286248,FALSE
"STAG1",-0.110986891741749,0.0295213290772717,-0.110414764692939,0.103342188328902,FALSE
"LAMP1",-0.515818476652265,0.0295213290772717,-0.191073816440915,0.153007877413289,FALSE
"WNT5B",-0.37446268153925,0.029556640117389,-0.368960866254015,0.101959277611961,FALSE
"SGK3",0.384119710505099,0.0296973024915296,0.211006973767293,0.0910324388659366,FALSE
"LIAS",0.648785683999413,0.0298126417981461,0.631249732419078,0.0199498796913605,TRUE
"CHORDC1",0.339860315838732,0.0298533482538467,0.336021577326264,0.0353978631666511,TRUE
"TM9SF4",-0.21467126659424,0.0298533482538467,-0.19420213085879,0.0962185930484163,FALSE
"CAPN3",0.373163221203175,0.0298646491793929,0.365574581182601,0.0347437617529106,TRUE
"CCDC93",0.504740418143462,0.0298693431347736,0.0702334694021627,0.674986593535121,FALSE
"ARL15",0.283127221027428,0.0298693431347736,0.288043539198759,0.0550114958589631,FALSE
"PARP12",0.571485055194771,0.0298693431347736,0.322921624937506,0.147683148716485,FALSE
"ERCC6",0.369463583624202,0.0298693431347736,0.285895047547533,0.101655041478035,FALSE
"CAPRIN2",0.526370703935073,0.0298693431347736,0.393807439259892,0.0271601142923502,TRUE
"PRKY",0.741750542301715,0.0298693431347736,0.319305925737861,0.390412322800418,FALSE
"URGCP",0.212714039192352,0.0299105170977696,0.271142615508314,0.0108080403541587,TRUE
"CHRM5",-0.431380042348372,0.0299298072921494,-0.40815810468853,0.0874733978783943,FALSE
"NADSYN1",-0.392873522495615,0.0299502962892366,-0.341135589316164,0.0736293251009193,FALSE
"ETV6",0.186437657159141,0.0300130438859437,0.120529339553739,0.331714682246875,FALSE
"ADHFE1",0.653454077953536,0.0300225530007722,0.331660973143322,0.0332318763338835,TRUE
"HPS3",0.443444252297677,0.0300499148552729,0.416942791053911,0.0207860718753187,TRUE
"MZT2A",0.409355832398752,0.0300755304957213,0.320887670534134,0.0954436211825272,FALSE
"AC005358.1",0.526055254920975,0.0301285501839861,0.042876192733902,0.902512620716483,FALSE
"LDB1",0.435033217351095,0.0303578439070211,0.435926254218574,0.0511796609678463,FALSE
"ANKS1A",-0.26966917700847,0.0304300045552875,-0.416394476313788,0.0348049492227113,TRUE
"PINK1",0.569340867472103,0.0304685096300124,0.271915080638963,0.150438857777924,FALSE
"FKRP",-0.427739922287457,0.0306707833453723,-0.392894987857121,0.064514264091526,FALSE
"PDZD2",-0.0787470722649119,0.0306967607534154,-0.223451164940003,0.00146727108994188,TRUE
"RPF2",-0.521688137957561,0.0307459945110051,-0.526897860664547,0.0449555335827864,TRUE
"AC112481.2",-0.320036459074433,0.0307889218094878,-0.274811777032256,0.0965268734216855,FALSE
"BAIAP2L2",0.504175048243351,0.0309877964026715,0.428014840087597,0.113042325717938,FALSE
"SPTAN1",0.325895521149812,0.031045118007485,0.175705400794429,0.0674356884354393,FALSE
"VDAC3",0.453694809786908,0.0310527708455658,0.205402753194666,0.093962160518224,FALSE
"MSL1",-0.235397653145954,0.0310533657072454,-0.198552779130323,0.0857366412769749,FALSE
"MFAP1",-0.48193217288562,0.0311651054771005,-0.417084943612247,0.111867814110743,FALSE
"C11orf65",0.322892693211539,0.0311725589198755,0.472391240916739,0.0054110730415915,TRUE
"AC020611.2",-0.593300266521391,0.0311780099035359,-0.695962655092285,0.0214906286706365,TRUE
"CEP170",0.215355854368498,0.0313468106741447,0.0794091244167904,0.4255003325442,FALSE
"SERINC5",0.28701126451921,0.0315954108671582,0.156438506117412,0.292721786932089,FALSE
"PTRH2",-0.290544062869221,0.0316191900923854,-0.351969528051443,0.0106305095796171,TRUE
"LRP2BP",-0.374878451948201,0.0316401314952177,-0.396468202130471,0.0558022940041346,FALSE
"IRAK1BP1",0.531246711014291,0.0318412377721144,0.16390814199766,0.380628741902186,FALSE
"PIGB",0.385450706822093,0.0319339396047612,0.358743176937368,0.0661098719132149,FALSE
"GARNL3",0.438582574942648,0.032119279772255,0.270772207342905,0.0519497929811363,FALSE
"LSM12",-0.450063504080079,0.0321246798439717,-0.322126274210593,0.164401612471754,FALSE
"FAM204A",0.355878934219166,0.0321910565456172,0.350729769366437,0.0271664759610986,TRUE
"EGFLAM",0.15874958248392,0.0322951033790565,0.3963204716126,0.00504795172489125,TRUE
"AGO1",0.452816076094551,0.0323599765196776,0.442893775449353,0.0388584313971814,TRUE
"ZNF195",-0.468489779219735,0.0323599765196776,-0.39384799425385,0.044703103974568,TRUE
"FAM53B",0.449319865349771,0.0323865874422352,0.115387295662184,0.503972792991508,FALSE
"HDX",-0.290389610002482,0.0324661784121772,-0.235513208404691,0.192126113561075,FALSE
"DR1",-0.417582167260768,0.0325957367458123,-0.427640124460774,0.0449555335827864,TRUE
"TAB1",0.344905071636231,0.0326045086088001,0.410743881363351,0.0174276282331405,TRUE
"SFXN5",0.323517875515714,0.0326134919775419,0.265169191189735,0.0732468948312848,FALSE
"PIGX",0.536694488965724,0.0326134919775419,0.000640581218188776,0.998352222013251,FALSE
"CARMIL1",-0.362374135065349,0.0326134919775419,-0.639374686623899,0.00865676097075752,TRUE
"TOMM40",-0.423143163634468,0.0326134919775419,-0.462119847608364,0.0248278845158962,TRUE
"PPIL2",-0.225141846888689,0.0326134919775419,-0.159342650571416,0.194771747977138,FALSE
"AMZ1",0.271596113357417,0.0327095017463783,0.325385928080324,0.0338896865950107,TRUE
"SKI",0.211558706655952,0.0327864791496275,0.308504464782928,0.00755401970065895,TRUE
"FBXL4",0.239783154721684,0.0329382508338471,0.267901120912753,0.0396480115044348,TRUE
"CLEC11A",0.428610819911589,0.0329382508338471,0.544053860323048,0.00869534090743435,TRUE
"WDR45",-0.41561292108056,0.0329382508338471,-0.196692805145855,0.337921125608516,FALSE
"EYS",-0.268257147075425,0.0329504436890983,-0.265158147230161,0.073415265436577,FALSE
"TTC17",-0.109042354704185,0.0329504436890983,-0.14675520955878,0.0346367339821275,TRUE
"LINC01473",0.206761737545808,0.0330068944450276,0.226992604260833,0.0830560307949789,FALSE
"AC091887.1",-0.576459114386034,0.0330396599561562,-0.629377099143189,0.0354855731620465,TRUE
"MGAT3",0.42661092050616,0.0330396599561562,0.506668658836878,0.0315420827947189,TRUE
"C3orf35",-0.545792988024856,0.0331179284444148,-0.475838036847305,0.0874514481988756,FALSE
"CUEDC1",-0.182862901508637,0.0331654867453973,-0.145696303000708,0.193046200330205,FALSE
"CDK11A",-0.445851337768256,0.0332022283693459,-0.4853504489014,0.0361317772065684,TRUE
"BTD",0.435289541599698,0.0332022283693459,0.196854937129799,0.282235944670022,FALSE
"CEP57L1",0.26225994713488,0.0332429196442261,0.309049750904011,0.0338497434064435,TRUE
"PCYOX1",0.438325901433928,0.0332605430109072,0.454118244353329,0.00118221612392852,TRUE
"PKD2L2",-0.426167126470684,0.0332605430109072,-0.479492291247099,0.0571048631883397,FALSE
"SETD5",-0.105485540001215,0.0332631894459665,-0.0911422054305688,0.193762338891969,FALSE
"ZFAND3",-0.101825373479999,0.0332949862599983,-0.124712454201397,0.08309277019712,FALSE
"GLIPR1L1",0.363836686072671,0.03329705615563,0.478245599129081,0.0109776091042292,TRUE
"AP002433.1",-0.473639484444837,0.0333824793135762,-0.479894803836676,0.037939470743593,TRUE
"TRIM65",0.54302056893853,0.0335158279638868,0.742672891372161,0.00524328665875595,TRUE
"PDE4A",-0.31895334313863,0.0336674836360937,-0.302543646894058,0.0551187722542412,FALSE
"NAGK",0.4729663113933,0.0336943180449585,0.218395863622468,0.263791748903568,FALSE
"CD151",-0.530668994023044,0.0336943180449585,-0.00386962777304492,0.984786442264929,FALSE
"HIVEP3",0.287998723548902,0.0337771066957475,0.17379838112049,0.292286954891936,FALSE
"NEB",-0.428856639726739,0.0337771066957475,-0.453999742681953,0.0242590538528251,TRUE
"WASHC1",0.21269382987655,0.0337771066957475,0.369289765399665,0.00270867199398776,TRUE
"CALHM2",-0.476564575440671,0.0337771066957475,-0.395115170145159,0.1095041186953,FALSE
"ADK",0.225755811572439,0.033827700314289,0.164852368449671,0.0895975183889124,FALSE
"HUWE1",-0.147248139540884,0.0338881644359312,-0.18889526791023,0.0190957721866697,TRUE
"AC114763.1",0.314895221180113,0.0339147193784377,0.404387665846915,0.0288919158027729,TRUE
"ATP5F1C",0.315108450309144,0.0339147193784377,0.184143617998615,0.0897708385908864,FALSE
"AC005498.3",0.493123811443423,0.0339194244915641,0.692886150143844,0.00443723231499485,TRUE
"FNIP2",0.335297251252353,0.0341013364081948,0.150737774576377,0.164338122494019,FALSE
"H2AFV",0.360747659154125,0.0341013364081948,0.0509043086779663,0.749085076935051,FALSE
"SSH1",0.247898999917427,0.0341315047569923,0.16626150734671,0.21549521488046,FALSE
"UBAP2L",-0.264976347710589,0.0341605417362499,-0.228237184231809,0.113515189684551,FALSE
"SPRY1",-0.382475105912263,0.0341605417362499,-0.201987897869886,0.297712858028194,FALSE
"FBXL3",-0.226718708738117,0.0341614327644316,-0.203857415447984,0.0868174183404959,FALSE
"SOS1",0.15629136019432,0.034489795572631,0.156144827887438,0.0683734901750989,FALSE
"INTS6L",0.307237121466271,0.0345871862639164,0.406794868987561,0.0206459626619677,TRUE
"UBAC2",-0.255230233529489,0.0345976401879183,-0.308748372771523,0.00326638211047376,TRUE
"NTRK3",0.579501259432856,0.034635124741364,0.706263802468265,0.0293083815235983,TRUE
"GDAP1",-0.367371733549133,0.0346507944309527,-0.351547831938642,0.0648262657058738,FALSE
"SPON1",-0.806488554538662,0.0346830861481287,-0.52962642046368,0.230356556501959,FALSE
"KCTD7",0.299995950463213,0.0347604192960047,0.389270446119722,0.0188600302694256,TRUE
"DNAH11",-0.595504009595391,0.0347827365138305,-0.670641681541531,0.0917090193881152,FALSE
"APBA1",0.3581311437373,0.0347827365138305,0.521582397118445,0.0223375519970214,TRUE
"F2R",-0.715083152027133,0.0347969259844489,-0.389887593760912,0.101099526784583,FALSE
"SCGN",-1.09298179596122,0.0348577609163,-1.25848543831803,0.0449555335827864,TRUE
"HEPH",0.639958759275928,0.0348591192443106,0.369218199905961,0.213208389695224,FALSE
"ZBTB7C",0.606211528388669,0.0348885323868898,0.422245520949515,0.0739957958509583,FALSE
"SDAD1",-0.400579012594396,0.0350641098886831,-0.376525718214204,0.0771421424816521,FALSE
"LRIG3",0.736605467507674,0.0351907115434191,0.39136445302733,0.127158942226927,FALSE
"NUFIP2",-0.16906140075391,0.0352516433530698,-0.195537198895466,0.0152167739752626,TRUE
"ZNF433",-0.444626277116966,0.0352516433530698,-0.357362537184523,0.124073301843246,FALSE
"KCNAB1",0.389480985106188,0.0353840313260849,0.453545667802638,0.0314398747098057,TRUE
"DPP9",-0.256926170495373,0.035421172353221,-0.212061099427552,0.134137656677206,FALSE
"TIMM23B-AGAP6",-0.348112916200643,0.0354617152536034,-0.343144451477979,0.0531542467334081,FALSE
"AC245041.2",-0.794643626130391,0.0354814127357442,-0.753034138818348,0.0820132149735426,FALSE
"MARF1",0.255634642466705,0.0354889504880051,0.248918418884145,0.0853545453204998,FALSE
"MED27",-0.206624818761882,0.035539357668805,-0.181836071455422,0.135063040650633,FALSE
"TSTD3",0.191654919919424,0.0355591087468438,0.23572458476561,0.0349170389763645,TRUE
"AC087854.1",-0.185848773476892,0.0355591087468438,-0.161497041314919,0.162990250016215,FALSE
"MOB3A",-0.306664361289687,0.0355591087468438,-0.26026304646726,0.0904374421804864,FALSE
"SEC24C",-0.331777383406556,0.0355753235134479,-0.272102501010958,0.112261689993304,FALSE
"WNT6",-0.807974367966886,0.0356524749455236,-0.808467106831949,0.040823535000319,TRUE
"BCCIP",-0.279558779670549,0.0356573717393864,-0.263526887123568,0.0760412517017106,FALSE
"STK10",0.505403025735709,0.0358206302777529,0.165525077634389,0.329860631488878,FALSE
"KMT2C",-0.114100794743601,0.0358512232897521,-0.157501155468688,0.0160660969089513,TRUE
"PPFIA1",-0.179703757250321,0.0358889375650185,-0.212297970849989,0.0470751461000242,TRUE
"ACER3",-0.208148554356595,0.0358889375650185,-0.297185116242223,0.00415513702589278,TRUE
"SLC24A1",-0.426676104258394,0.0358889375650185,-0.316077557053804,0.179234433914382,FALSE
"FABP4",-0.572572001201692,0.0358927271412125,-0.1771244903859,0.287811668126164,FALSE
"CNTN4-AS2",-0.817899027072888,0.0359015961552838,-0.840554682340065,0.0385951282059562,TRUE
"SRCAP",-0.277929064416822,0.0359974028682831,-0.240759688601945,0.115972719463071,FALSE
"ARL17B",-0.966384191297747,0.0360259717033475,-0.983370664161835,0.0724256716357393,FALSE
"ZBTB38",0.153081411835574,0.036251773966438,0.109049839362599,0.21274425078449,FALSE
"ADCYAP1R1",0.600498181205088,0.036255122694835,0.687020456226467,0.0454422196805225,TRUE
"ATL1",0.456269763752178,0.0362760872942603,0.466611199264595,0.0640816785784336,FALSE
"TXNDC16",0.619150479237645,0.0363149363019618,0.264725780908704,0.315174372854712,FALSE
"RFC3",0.386154514549531,0.0363343800119893,0.0310406634074888,0.886626154866763,FALSE
"PCGF3",-0.204715081256698,0.0363831829207768,-0.1346114073368,0.288519178106417,FALSE
"TIMP2",0.631367252250738,0.0364649400526823,0.4291281684718,0.0013353227498139,TRUE
"AC104316.1",-0.372788026874551,0.0365195776146527,-0.289106456253522,0.166597564248033,FALSE
"EPB41L4A",0.157741122443628,0.0365211402652345,0.211765896698456,0.044425831262711,TRUE
"MAPT",0.67156273119479,0.0365256060998118,0.669017936350511,0.040823535000319,TRUE
"AL110114.1",0.576816614810662,0.0365499751999998,0.629878841192538,0.0544542309093862,FALSE
"RBM14",0.362444726747905,0.0366824715647865,0.268486004552343,0.119625471683246,FALSE
"CCDC196",-0.478784800915771,0.0367426105129041,-0.397006131173083,0.0954609790184971,FALSE
"TAPBP",0.252107622580485,0.0367427978064613,0.143219975434825,0.31703160034843,FALSE
"OMD",0.504819146094106,0.0367427978064613,0.383329681086131,0.0769668351169837,FALSE
"BUD23",-0.417716776578346,0.0367434589898667,-0.327315992793903,0.117961021770312,FALSE
"SCARB2",0.310261224670835,0.0368040244570353,0.278498724361737,0.0236711074895079,TRUE
"EFCAB5",0.456567817529357,0.0368292203642223,0.550207722821021,0.0409568544199014,TRUE
"SSU72",-0.36782038650591,0.0368472661799955,-0.267439830538538,0.100266448588355,FALSE
"CHSY1",-0.215172705544417,0.0368472661799955,-0.202112357358477,0.198864426290994,FALSE
"AC079921.1",-0.286434294351309,0.0368821541945541,-0.293898916164017,0.0756310809379865,FALSE
"EHMT2",0.534456161723634,0.0368821541945541,0.578490295370338,0.0295766612977129,TRUE
"SNHG22",0.532517569143434,0.0369572192577867,0.432379495771203,0.0284174518155339,TRUE
"WDR4",-0.543130836897006,0.0369572192577867,-0.45155084181025,0.130316301218805,FALSE
"MID1",0.512143205599437,0.0369889430840379,0.208983357672701,0.253046734003008,FALSE
"APOD",-0.532589322582812,0.0371549118354796,-0.0210380372790265,0.895379226190964,FALSE
"STX7",0.356079005546042,0.0371918916664151,0.174337633203411,0.268921056324813,FALSE
"PAFAH1B1",-0.119109579480844,0.0372178077929815,-0.20105010157249,0.00644652696733253,TRUE
"COLEC11",0.619951777257765,0.0372187413808481,0.669290502927673,0.022409277826322,TRUE
"IFT74",0.277391394768276,0.0372187413808481,0.312256147962804,0.0242740221611243,TRUE
"LINC00476",0.252938166827653,0.0372187413808481,0.327870419811272,0.0388584313971814,TRUE
"MAVS",-0.208403832857575,0.0373821064731351,-0.168598952905529,0.133837357622804,FALSE
"HMGCS1",-0.543214565757296,0.0373958868343118,-0.500906313745194,0.0717941276127874,FALSE
"HEMK1",0.480945160358651,0.0374115739069481,0.531020083155176,0.0230893096892481,TRUE
"NAA15",-0.201581916201001,0.0374909137585108,-0.114116239787525,0.375667828072763,FALSE
"SARS",-0.31909836334199,0.03750805165531,-0.233921675235413,0.201419472899647,FALSE
"SF3B3",-0.212003610542992,0.0375614428069262,-0.20415220743924,0.0738995304182077,FALSE
"RGL1",0.34195682837367,0.0376069061544829,0.131060476578916,0.340161345332115,FALSE
"UPF3A",0.306227402546341,0.0376674431552735,0.116493040868948,0.383173953601936,FALSE
"AC092614.1",0.379754415982018,0.0377241617235715,0.426437794557795,0.0300097740254501,TRUE
"REV3L",-0.145391763912371,0.0377241617235715,-0.205398037750211,0.128859974616619,FALSE
"COQ4",0.519241561457519,0.0377506185918172,0.162418880882457,0.418321325058159,FALSE
"CARD8",0.448569712157151,0.0379413062905472,0.166018796793475,0.256040902949061,FALSE
"SLC2A13",0.331070547096615,0.0383550102343964,0.239715027801738,0.0439344527573375,TRUE
"COG4",0.249894200985964,0.0383550102343964,0.340784189450612,0.013376293985708,TRUE
"PPP3CB",0.14279943273546,0.0384591808715858,0.149108242189118,0.0910669145069464,FALSE
"CCNB1IP1",-0.592596333819142,0.0384699741237214,-0.450751317726968,0.011930580813578,TRUE
"NUBPL",0.207492929910945,0.0384826571792712,0.129486201933906,0.333546455488314,FALSE
"CHRFAM7A",-0.611715584799441,0.0384826571792712,-0.480768674625413,0.15659942332562,FALSE
"GLS",0.234388573760096,0.0385188913590237,0.0372348193238341,0.781869917239498,FALSE
"MKRN2OS",-0.433418975866931,0.038615133898438,-0.412067566808421,0.0738046652597572,FALSE
"HSD17B4",-0.254088719125129,0.0386606314208989,-0.262870353663299,0.0125400372890207,TRUE
"POLI",0.441238203936235,0.0386606314208989,0.309153065852891,0.128607397070454,FALSE
"CIR1",0.271824405121167,0.0386664635008956,0.268401938800942,0.0715819742524467,FALSE
"LARGE-AS1",-0.327830443806944,0.0387383308608088,-0.330918151712882,0.0702023719176155,FALSE
"MED24",-0.30953437940005,0.0387466764902641,-0.222834085424278,0.183681233733429,FALSE
"AL158055.1",0.562024768583253,0.0387466764902641,0.679843409302308,0.0224943152890422,TRUE
"AL021707.1",-0.383069785816092,0.0387640142044197,-0.352171946190093,0.0842232074673523,FALSE
"PIP4K2B",0.278298863935408,0.0387747017232425,0.287724832286018,0.0749734057290265,FALSE
"TPGS2",0.36811809414575,0.0387747017232425,0.396277040979896,0.0358432912403397,TRUE
"CCNT1",-0.320654465322193,0.0388049956445983,-0.320976609369452,0.0774171160019614,FALSE
"HEATR5B",0.341795871519586,0.0388474456224598,0.152431853052841,0.246066073949097,FALSE
"RRAS2",-0.479781203865841,0.0390126841445591,-0.314755640485079,0.0286510215113831,TRUE
"ZNFX1",-0.213930734065645,0.0391216414138146,-0.21597154658662,0.0855414011224643,FALSE
"ADD1",-0.133706764242322,0.0391328173226942,-0.18123780142948,0.029275548687695,TRUE
"ZNF565",-0.187033390554857,0.0391521825855264,-0.179512365845389,0.130431527152639,FALSE
"OTUD7A",-0.20940016039442,0.0391565226302807,-0.181423818200979,0.154150743076261,FALSE
"AGO4",0.287327847276569,0.0391851353052118,0.064854042585911,0.673704941628723,FALSE
"POLL",0.418445697751181,0.0391974692767764,0.382924329355832,0.0527239205068009,FALSE
"KLF6",-0.396610734215332,0.0393314463348794,-0.323607402186331,0.0349150003813235,TRUE
"RALA",-0.226074321696591,0.0393564180055812,-0.216922846134144,0.076013220988438,FALSE
"SRSF1",0.30728621768685,0.0394233071697087,0.108894880925562,0.314663253536547,FALSE
"MYCBP2-AS1",-0.254852242861387,0.0394342427815545,-0.284920566439066,0.0316643960317921,TRUE
"FAM13A",0.149435885695321,0.039506823146369,0.21031098005387,0.0356097159205531,TRUE
"ZFAND4",0.438978796172291,0.039506823146369,0.306431340390562,0.120819104849556,FALSE
"IQGAP1",0.174088769939416,0.039506823146369,0.034292558121359,0.745649329329326,FALSE
"GOLPH3",-0.222959270641802,0.0395155199613422,-0.231697837248123,0.0395944135691,TRUE
"NPIPB5",-0.21266428921483,0.0395707233628533,-0.139320689733325,0.312311376740759,FALSE
"UBTF",-0.319429464316849,0.0395707233628533,-0.268088241575272,0.109692465060345,FALSE
"DCLK2",0.245399459442486,0.03961884299356,0.325107664662509,0.0456142257260947,TRUE
"AC004039.1",0.467301120965913,0.0396560449826309,0.606208270276079,0.0144857831577668,TRUE
"GPER1",0.495589562592288,0.0396560449826309,0.528742588169698,0.048048627510676,TRUE
"MFSD11",0.34746359754528,0.0396560449826309,0.0335044068934032,0.837437966676917,FALSE
"CCT3",-0.368974393448115,0.0397415231709123,-0.340414584554877,0.0725474826878015,FALSE
"TADA1",-0.465802264595646,0.0397656236204006,-0.337608543378056,0.207657961710629,FALSE
"SBF2",-0.0973620119313597,0.0397658414070844,-0.0381073963053822,0.606170265016589,FALSE
"PTMS",-0.28578003954363,0.0397658414070844,-0.128982716740758,0.370523739604905,FALSE
"DOK6",0.267596544007859,0.0397980552548708,0.390360525566944,0.0432988851035821,TRUE
"ZNF394",-0.268152247353584,0.0400235654939996,-0.154961669195784,0.340562500249849,FALSE
"RNF4",-0.20513056317843,0.0400299902279901,-0.231566790803847,0.0376150169745677,TRUE
"ESRRA",-0.288825213401156,0.0400299902279901,-0.260058049759068,0.0562116030239486,FALSE
"WBP11",-0.42782807209993,0.0400299902279901,-0.406897602994895,0.0552179934727488,FALSE
"ZNF652",0.216055049520283,0.0400299902279901,0.106874892693845,0.414371456523548,FALSE
"TSNAX",0.300182479096323,0.0401118768653511,0.322706821572085,0.0355692430142988,TRUE
"GYS1",-0.2068758352789,0.040159424290831,-0.179977943991931,0.216149422129342,FALSE
"RPF1",-0.3643002776802,0.0401700193467395,-0.397980591822834,0.0417595024474351,TRUE
"AZIN1-AS1",0.562053208366305,0.0403425950221805,0.363194379289296,0.051178675202143,FALSE
"FLOT2",0.505943070864415,0.0403425950221805,0.302112017234354,0.134563727357072,FALSE
"TMX1",-0.390372486062794,0.0403698360354763,-0.178801309147777,0.38043534870696,FALSE
"UBE2A",-0.460683018011813,0.04037065438327,-0.132182632985165,0.532725151070549,FALSE
"YTHDF1",-0.498337382430838,0.0406804451763755,-0.453256076355704,0.078756865286276,FALSE
"SHARPIN",-0.423868219749077,0.0407014855221731,-0.33228534553189,0.181410905741389,FALSE
"SECISBP2L",0.183902248949465,0.0408864824552949,0.162651515718254,0.133220811205559,FALSE
"SLC10A7",-0.213088172037543,0.040893389091702,-0.163745362908668,0.175298264803884,FALSE
"ADRA2B",-0.573702833337048,0.0409282547572724,-0.5043564830053,0.130992802175103,FALSE
"ARMCX4",0.15111048288144,0.0410111545616221,0.185605648533339,0.0449555335827864,TRUE
"GABPB2",0.177635226039731,0.0410171619211665,0.276638940645546,0.00647482516071278,TRUE
"ANGEL2",0.255588093767883,0.041236101329478,0.259372706785794,0.0646207101339836,FALSE
"DNAJC1",-0.159382651755128,0.0412570956303209,-0.213295351543544,0.0251873409732183,TRUE
"BDNF-AS",0.403393642575373,0.041263758621453,0.159123927982601,0.391413318019742,FALSE
"ERP44",-0.199438076773975,0.0412644445619446,-0.174578014512967,0.133529543500476,FALSE
"AXIN1",-0.39023740361837,0.0412644445619446,-0.372709702731295,0.0564632449284834,FALSE
"PDIA3",-0.379183230520678,0.0417432265553736,-0.180170616083057,0.253915829185835,FALSE
"ITM2B",0.288380470067475,0.0417718159571972,0.253045332145666,0.00241710687047729,TRUE
"AP001831.1",0.26159281819337,0.0418500387614498,0.2947587380879,0.112098759364849,FALSE
"SPG21",-0.368785406481392,0.0418500387614498,-0.286013554839758,0.185098499519475,FALSE
"MRPL3",-0.250939803726298,0.0418665027147988,-0.234542748077502,0.106707375633216,FALSE
"A2M",0.23412700443874,0.0418665027147988,0.110306495728603,0.516538603516319,FALSE
"RAB6B",-0.391386699334718,0.0418784211761819,-0.372180738741445,0.097243788103015,FALSE
"BICD1",-0.203151428591023,0.0418791718158029,-0.194926983600649,0.156915195970714,FALSE
"FAM189A2",0.522189509716738,0.0419421621880456,0.515848470663497,0.0216946800778398,TRUE
"CPLANE1",0.188075457354916,0.0424325677789896,0.113437616943937,0.353380116864358,FALSE
"PELI2",-0.248273495685353,0.042443940641808,-0.296597738441325,0.120373414581279,FALSE
"GPC6",0.68195279572632,0.0424730954721784,0.206458689406511,0.178336404907076,FALSE
"AC092652.1",-0.321634491651889,0.0425528588904855,-0.373734026776513,0.045343178041814,TRUE
"RNF152",-0.149939689189971,0.0427000162224936,-0.327848025428602,0.0434095431409097,TRUE
"SNHG1",-0.412423841938423,0.0428811790909347,-0.356712498327411,0.0907961715219596,FALSE
"LRRC37A2",-0.415517718575022,0.0430017031040222,-0.417321855268741,0.0735903229172992,FALSE
"CLTB",-0.316816966693887,0.0431611802433528,-0.210237978251155,0.251695837902038,FALSE
"ZDHHC7",0.381652968135305,0.0431633971676682,0.165894737444018,0.292084825137689,FALSE
"PNPT1",-0.297773956489574,0.0432693174030818,-0.3575144912337,0.0317942240223153,TRUE
"DAB2IP",0.497772168003451,0.0434985806619736,0.0663317333498032,0.78683170284885,FALSE
"TTC13",0.329522246437326,0.0435263916142467,0.24802451913157,0.151545133819448,FALSE
"CALM2",0.238311564310266,0.0436234385976514,0.152748794252998,0.0913656132581557,FALSE
"ZNF727",0.460343193000202,0.0436234385976514,0.405511113061453,0.0828863415888846,FALSE
"ZNF69",0.461937599913624,0.0436234385976514,0.385114943887972,0.171961907912153,FALSE
"ESR2",0.309386096196265,0.0436326061764678,0.427320649614757,0.0130142633158371,TRUE
"MIRLET7BHG",0.180300050768716,0.0437211968845236,0.299802640571268,0.0117908280364898,TRUE
"CACUL1",0.318020865515948,0.043743920648223,0.0750003583312851,0.617345274035785,FALSE
"SENP1",-0.260222218558964,0.0437775576587114,-0.182485415420987,0.190694863700808,FALSE
"KIAA1586",0.436911151705724,0.0440241468350661,0.376212750730719,0.103755020206089,FALSE
"SLC15A4",-0.319071455825874,0.0441980801145113,-0.37629040990525,0.0267919686535621,TRUE
"NQO2",0.361109506269179,0.0442262554777677,0.348654463202379,0.081840690226898,FALSE
"TRIM13",0.203414259202132,0.0442262554777677,0.298543721479716,0.00799634653869872,TRUE
"PDPR",-0.289699928227068,0.0442262554777677,-0.204148429751828,0.217790191472204,FALSE
"UCKL1",0.395298697933945,0.0442262554777677,0.231968262629177,0.165174838783853,FALSE
"DNMT1",-0.318411865400271,0.0443826971727154,-0.327226610295949,0.0861340818637624,FALSE
"ERRFI1",-0.503381856935784,0.0445789042162863,-0.424311482668219,0.0456142257260947,TRUE
"IGF1R",0.271708267495822,0.0445789042162863,0.104960045493224,0.362075234069465,FALSE
"ARID2",-0.138526808357586,0.0446393599215935,-0.115969377817164,0.20163784971288,FALSE
"RHBDL2",0.428423426536187,0.0447827451849256,0.530324468387969,0.0287785334321146,TRUE
"FAM13A-AS1",0.439890489690368,0.0447827451849256,0.295626321610813,0.11028978609758,FALSE
"EFCAB6",0.471158245079245,0.0447827451849256,0.469963315889864,0.0963890675186986,FALSE
"KDM4B",-0.186238394560219,0.0448140914984989,-0.193630838860177,0.0852741767570574,FALSE
"TRRAP",-0.138601370917304,0.0448601604333168,-0.136739529595129,0.121858621887617,FALSE
"PAAF1",0.37205528992821,0.0448601604333168,0.308120710999095,0.105983466385685,FALSE
"ADGRL3",0.258901779455507,0.045264612193627,0.406723561828884,0.053723713225904,FALSE
"DYM",-0.142538475712944,0.045264612193627,-0.203134480114942,0.0288719395401084,TRUE
"HPF1",0.381763061940578,0.045464911407493,0.430998020461227,0.0245126698306719,TRUE
"LMAN1",-0.426155542659565,0.045648896905446,-0.314678634632439,0.0295702734459789,TRUE
"GOLGA4",-0.171548345470383,0.0456743535875964,-0.137657138355006,0.0697856025639287,FALSE
"MOGS",-0.330056790514583,0.0456915278346013,-0.276487680401326,0.123552560823717,FALSE
"AC024560.5",-0.453036072114363,0.0457728015355532,-0.412123300284117,0.0677172350165029,FALSE
"ZNF621",-0.294031110848295,0.0457744244152785,-0.303668534044649,0.0588380244544896,FALSE
"CPSF4",-0.369376809688482,0.0458427272977487,-0.312302248893124,0.134815809881828,FALSE
"MBD3",-0.245698462835062,0.0458427272977487,-0.275246218267151,0.0668887782355242,FALSE
"CREB1",0.247356013082099,0.0459048073543084,0.086999329213491,0.520754179111613,FALSE
"TMEM72-AS1",0.395239972242887,0.0459324588777225,0.546274752141431,0.0133667253891851,TRUE
"ARHGEF17",-0.162721644078497,0.0459324588777225,-0.24994875288769,0.0490298458417428,TRUE
"GALM",0.406925865930515,0.0459331962746263,0.106231736946418,0.657660782343512,FALSE
"SNRPG",-0.467574159447809,0.0459331962746263,-0.199210219668072,0.317364342240224,FALSE
"RAD21",-0.311354486214627,0.0459331962746263,-0.299643014827496,0.0211628189092669,TRUE
"SLC38A6",-0.288971316921987,0.0461076013282303,-0.334493601629851,0.017605233692844,TRUE
"UTP6",-0.315221756541943,0.0461085423631351,-0.285093357325356,0.111430745533563,FALSE
"GALNT14",0.777371995497307,0.0461559586030811,1.01004109961695,0.0271601142923502,TRUE
"RBL2",-0.193379418430984,0.0462724447783247,-0.210813849408513,0.066801309607335,FALSE
"MBOAT1",0.273769952259942,0.0463332499610263,0.320151210118715,0.0350003778376092,TRUE
"ZBTB7A",-0.277375027991936,0.0463399036300053,-0.223430417769177,0.200740799323962,FALSE
"YTHDC2",-0.190351926165341,0.0466116403957572,-0.158393204105095,0.177335958250046,FALSE
"USHBP1",-0.351329951841428,0.0466116403957572,-0.362560941962313,0.0553930180918351,FALSE
"SYTL4",-0.468714314621022,0.0466116403957572,-0.520210814107645,0.0309808650200773,TRUE
"SIRT3",0.463682662066205,0.0466358300101202,0.428583908310479,0.0682654838745181,FALSE
"EIF2A",-0.27322431918067,0.0466366027382112,-0.343959436131253,0.0170242106691156,TRUE
"ARL5A",0.407275166884058,0.0471131189344551,0.113377628585612,0.433654167703856,FALSE
"AMBRA1",-0.140096320394784,0.0471131189344551,-0.142859771302797,0.104652472686404,FALSE
"PEX13",0.330112735136627,0.0471448448732684,0.190911144552932,0.323479587106977,FALSE
"RC3H1",-0.144874471129449,0.0472179649605875,-0.144444651270312,0.086271706814395,FALSE
"DIMT1",-0.235676266667237,0.0472179649605875,-0.169853363591617,0.231322381888412,FALSE
"ZCCHC9",0.515285538228744,0.0472179649605875,0.245330542377527,0.217790191472204,FALSE
"RICTOR",-0.193455565617159,0.0472361786357647,-0.217815158251859,0.0211142711861512,TRUE
"SAP30L-AS1",0.356409806272669,0.0472361786357647,0.26827913505815,0.178456568931558,FALSE
"TOB2",0.378362129418475,0.0472361786357647,0.050969125110928,0.800687748488424,FALSE
"RBFOX2",0.136557110335559,0.0473348656560773,0.06014322942668,0.521657491927462,FALSE
"LGI4",0.45663114218983,0.0473949777779166,0.573641383035851,0.0286510215113831,TRUE
"PIK3IP1",0.597052356848984,0.0474542783823849,0.364057400523148,0.124941102355601,FALSE
"SLC30A5",-0.263382821680592,0.0476039570631326,-0.262234525793272,0.0940202522700965,FALSE
"ZFYVE16",-0.164744641506525,0.0476039570631326,-0.220191682266555,0.0105472451225006,TRUE
"NUP98",-0.164600756371944,0.0476039570631326,-0.175754691037996,0.0630642801232756,FALSE
"EXD3",0.206220215156392,0.04770828173756,0.265951732460308,0.0299975551715816,TRUE
"BRWD3",-0.157506882583146,0.0478246150403744,-0.087078854661812,0.437092179106518,FALSE
"DNAJC24",-0.308231691678567,0.0480085514261227,-0.359344132579175,0.0275058579561654,TRUE
"GATC",-0.307312918809161,0.0481447464074883,-0.276321588405001,0.0957815577382089,FALSE
"CRTC3-AS1",0.291060033068976,0.0481447464074883,0.320191371577751,0.0517394542487274,FALSE
"MARCH8",0.285798987093327,0.0481567558877961,0.199735447344213,0.34058781982128,FALSE
"CRTC3",0.143538140219334,0.0481666694849637,0.2698857598875,0.014852939262795,TRUE
"RMND1",-0.290974456842215,0.0482670269770532,-0.256797206522533,0.145465921504478,FALSE
"PDXK",0.453016910400649,0.0482670269770532,0.270842592562477,0.247507774531712,FALSE
"PIP5K1A",-0.135017324237757,0.0482873281528397,-0.182467870255761,0.0712194719592356,FALSE
"FPGS",-0.364937150862883,0.0482873281528397,-0.309772597452526,0.0962231925393792,FALSE
"HAUS4",0.548884070669847,0.0482873281528397,0.488602975978226,0.0321648988960732,TRUE
"INPP1",-0.444925048042924,0.0482927760756731,-0.267285168408502,0.199065610278222,FALSE
"PHC2",-0.277143688145345,0.0483543000811824,-0.224425756773094,0.0563666222508515,FALSE
"EIF4E3",0.316695842133492,0.0483677841013097,0.36410438247947,0.041924679696732,TRUE
"VPS8",0.31818773569306,0.0483677841013097,0.0875635626645661,0.43868687728581,FALSE
"KIF2A",-0.154271997310537,0.0483677841013097,-0.0843576866746127,0.465073171228224,FALSE
"AC007038.1",-0.221482044120652,0.0483834116932386,-0.206422081213434,0.105197089939401,FALSE
"LCA5",0.366350628311308,0.0483834116932386,0.331557741613183,0.110176737424671,FALSE
"HCFC2",-0.236186628187527,0.0484288844093372,-0.304466607417043,0.023045979387189,TRUE
"MAPK9",0.514585738443769,0.0484460512043892,0.481407189213525,0.0565301248381522,FALSE
"CLPTM1L",-0.305321589106255,0.0486262788885122,-0.22164575117448,0.260771983275555,FALSE
"CACNB2",0.197226516082907,0.0486641773447505,0.111586422753974,0.292169244118309,FALSE
"SEPTIN9",-0.172966671967152,0.048703078097043,-0.202620579751314,0.138898031793304,FALSE
"TNFSF13B",0.386887714558527,0.0487918363804845,0.381459139719814,0.0635345100183922,FALSE
"MRRF",-0.343787027483312,0.0488345282418966,-0.2319112103954,0.201909913166069,FALSE
"STPG4",-0.553131996148258,0.0490260795492659,-0.45144104828275,0.171215163434457,FALSE
"AL354733.3",-0.26668197197182,0.0490260795492659,-0.234542021021003,0.183970583051642,FALSE
"ADIPOR2",-0.229879157103936,0.0490260795492659,-0.195986619576964,0.143334624551122,FALSE
"POP1",-0.522238007555735,0.0490595351239118,-0.467561279168566,0.125016218165583,FALSE
"AL807761.4",0.508701920422505,0.049139540823774,0.689949711804872,0.0112425937719264,TRUE
"MGA",0.175892695999736,0.0493514191462984,0.00211369493448099,0.987276311723183,FALSE
"PLSCR1",-0.390965419626362,0.0494965342406335,-0.272632048687488,0.0990545796158274,FALSE
"MSANTD3",-0.583085722187093,0.0495541781903054,-0.681402415137405,0.0306692512492532,TRUE
"GLG1",0.132413727228303,0.0495541781903054,0.0850369589369179,0.368170375721145,FALSE
"HPRT1",-0.251275295391622,0.0496340518427637,-0.188766852942089,0.254278174390594,FALSE
"AL138787.2",-0.371274927003988,0.0498309138347407,-0.311232894764149,0.13082862710492,FALSE
"IARS2",0.289207758045822,0.0501289878411785,0.301125088969337,0.0315420829077684,FALSE
"CHD3",-0.311334533968183,0.0501854646166161,-0.310681856001173,0.090317886429002,FALSE
"SERPINB1",0.423695574671568,0.0502600368422446,0.178997916491898,0.343590209782092,FALSE
"STAT6",-0.206607574777626,0.0502600368422446,-0.19507252731275,0.151171760853285,FALSE
"ZNF540",0.361539693874285,0.0502600368422446,0.249533024416865,0.199749190721439,FALSE
"FBXL5",-0.157544551993856,0.0503195967951418,-0.18318833871979,0.0445842857240537,FALSE
"AC007376.2",0.586627656972807,0.0503195967951418,0.714190885891092,0.0512751527985235,FALSE
"HDAC5",0.217201507708894,0.0503195967951418,0.310944396300641,0.0216741465807724,FALSE
"NCOA6",-0.142197966093312,0.0503195967951418,-0.141133528301483,0.124502600117578,FALSE
"MAP3K8",-0.308741638575269,0.0503593479483176,-0.384011123188795,0.0386861432443633,FALSE
"FKBP9",0.323789681890758,0.0503664564029302,0.316485956124447,0.0302784613941949,FALSE
"UHRF1BP1L",-0.19137035022568,0.0503664564029302,-0.141491958685377,0.216320446340834,FALSE
"SEC31B",0.360841210192593,0.0506003300901393,0.363880760099294,0.0480638185017751,FALSE
"SNHG26",-0.429527544067193,0.0507899192519872,-0.407503519582945,0.0944875275481478,FALSE
"KIFAP3",0.259660139716095,0.0510785789778757,0.090837895261382,0.390536425473826,FALSE
"UBXN7",0.210259039581992,0.0510785789778757,0.185581553045246,0.114589900752589,FALSE
"ANO1",0.170052723697225,0.0510785789778757,0.248569405131071,0.0375518758212668,FALSE
"ZSWIM5",0.267364413489335,0.0510836442080461,0.453952887477535,0.0247169762653784,FALSE
"SPTY2D1",-0.448834069187602,0.0511532357621862,-0.414063687354272,0.0782275376177671,FALSE
"AKT1",-0.404688736312217,0.0512630942698418,-0.500768417428655,0.0122116815420382,FALSE
"FBXW8",0.205869343245158,0.0514001564673015,0.278998216787617,0.049884288651275,FALSE
"WDR82",-0.386320336570412,0.0514463133424276,-0.36381965336924,0.0265568528354993,FALSE
"LINC00882",-0.229846748645126,0.0517523017097174,-0.460049582000162,0.00500786770151419,FALSE
"TMEM33",-0.450137288279223,0.0517984834391876,-0.277389102088574,0.0931057939742211,FALSE
"MRS2",0.513285562747993,0.0517985092747226,0.180941982331266,0.339715248067462,FALSE
"AL137009.1",-0.337691480698383,0.0518157279332967,-0.269207789692177,0.195927858056687,FALSE
"IFNAR2",0.313908433722514,0.0518157279332967,0.094254553894717,0.439394833297942,FALSE
"IGHMBP2",-0.429658565831737,0.0519894188793202,-0.445610533432978,0.0991678249070804,FALSE
"FAM106A",-0.267192568883771,0.0519894188793202,-0.237474816643966,0.162814930394611,FALSE
"TTC28-AS1",0.39045340126769,0.0520517431624115,0.458320079118183,0.0168930246446065,FALSE
"LINC02018",0.393157917882944,0.0520528700821884,0.474475634827747,0.0372172155641877,FALSE
"GPBP1L1",0.165317086279727,0.0520855238458213,0.0876570896497417,0.396133730107246,FALSE
"TMEM120A",-0.388449157186636,0.0520855238458213,-0.240293142144601,0.21274425078449,FALSE
"SIK2",-0.212894338827282,0.0523516883233544,-0.212569115275733,0.186108032762152,FALSE
"SF3A1",-0.413252822747846,0.0523999261936433,-0.292141475385272,0.199555362515525,FALSE
"AAMP",-0.455159504382092,0.0524115971883248,-0.484110576465493,0.0280436825786218,FALSE
"RNGTT",-0.182580390465396,0.0524115971883248,-0.198770120411713,0.0782275376177671,FALSE
"ZNF345",0.232185432286243,0.0524115971883248,0.311466535406866,0.0320643438198299,FALSE
"MAP3K14",0.355857909157566,0.0524325919324944,0.030412559528737,0.855417658370989,FALSE
"ZNF268",-0.488933021146487,0.0525457381747233,-0.447661329125736,0.107298166980883,FALSE
"RESF1",-0.257051477024872,0.0525739749399812,-0.45206267555156,0.00175841820996102,FALSE
"OSBP",-0.259697693061516,0.0525840696910686,-0.208522064653078,0.162828393009873,FALSE
"ARPC3",-0.267745963025149,0.0525840696910686,-0.296481135069709,0.0272973735790777,FALSE
"TRIM33",-0.152805918432933,0.0526021889424423,-0.156840664138137,0.0816325506411502,FALSE
"AC022126.1",0.299357679547139,0.0526191851109597,0.390616403155118,0.0585347787496806,FALSE
"ZNF587",-0.305706599819618,0.0526580849533066,-0.233800658112643,0.201212967216127,FALSE
"ZMYM6",0.266830891791275,0.0527611575812585,0.199956841463507,0.166256052552292,FALSE
"UPB1",0.527379598375382,0.0528186202239081,0.728729032460935,0.0311837445784968,FALSE
"TXNDC12",-0.30971259830008,0.0528859140773717,-0.370770417381977,0.0478155195095876,FALSE
"TUT4",0.126815338956312,0.0529715606630556,0.0766352489314783,0.366854847851017,FALSE
"MORF4L2",-0.460293608605225,0.052972100271126,-0.307207277696683,0.0389289569523239,FALSE
"ZC3H7A",-0.184585967125189,0.0530268842072129,-0.208344328814635,0.0538439288702606,FALSE
"BAG6",-0.35246336296007,0.0532375150323657,-0.338884491119153,0.0668221104517848,FALSE
"SP1",-0.197087475547935,0.0532375150323657,-0.150479342174491,0.266921656612869,FALSE
"PHLDB3",0.44797239997861,0.0533852922608705,0.562802182604258,0.0272472518046774,FALSE
"TCEAL3",0.38711053340932,0.0534122439243107,0.406174804939292,0.070375635019642,FALSE
"AC023480.1",-0.531929938472373,0.0534938288527178,-0.395899245968832,0.229534262653504,FALSE
"ARHGEF2",-0.251254727544048,0.0535158034562269,-0.317147409213031,0.0437418550967104,FALSE
"XPOT",-0.337692233468587,0.0535158034562269,-0.253935437117687,0.231056692707216,FALSE
"SFXN1",0.335800927644942,0.0537820049769677,0.151363784652427,0.310854495955019,FALSE
"YJEFN3",0.424870929356814,0.0537820049769677,0.494920397162159,0.0231933990018122,FALSE
"MAP2K7",-0.264331504107746,0.0538058352892663,-0.206474993087369,0.210198877093863,FALSE
"CCDC30",0.393104205532094,0.0542212663070175,0.540128489776649,0.013671694629013,FALSE
"OXCT1",-0.491560147288511,0.0542212663070175,-0.225452675202764,0.13082862710492,FALSE
"AP003086.1",0.200729805536964,0.0542212663070175,0.340598846506951,0.0101148519875582,FALSE
"SCYL2",-0.198315104393036,0.0543041694049555,-0.180489764049211,0.124941102355601,FALSE
"FAM20B",-0.293516494969653,0.0543448500191099,-0.341717750430322,0.0344390920553519,FALSE
"KCNC3",-0.493775882671945,0.0544098868457289,-0.565486388442524,0.0429983912461988,FALSE
"CBR4",0.232743487139285,0.0544238302100761,0.0325705420109884,0.807339410936349,FALSE
"PLEKHA4",-0.464817524524196,0.0544238302100761,-0.443226048057515,0.11285318657994,FALSE
"DHRSX",0.198900146080389,0.0544238302100761,0.143380104120729,0.303950211337715,FALSE
"AGO3",-0.121047129133676,0.0544673394082416,-0.160459059857427,0.0535218786104647,FALSE
"S1PR3",-0.331837593649531,0.0544842735001082,-0.253042259775516,0.231841477414493,FALSE
"STAT1",0.563455083669253,0.0545040664523916,0.279699561426202,0.100266448588355,FALSE
"GLT8D1",0.5382874154501,0.0545040664523916,0.443372830352997,0.111371754873689,FALSE
"TAGLN",-0.390700247664563,0.0545040664523916,-0.600019351413306,0.00232651220042168,FALSE
"ERC1",-0.103577270884291,0.0545040664523916,-0.0966161805467348,0.276101675472812,FALSE
"RNF10",-0.161526547965067,0.0545040664523916,-0.14528967690648,0.143308880465347,FALSE
"RAB2B",-0.405401763624969,0.0545040664523916,-0.191290328425446,0.330114879890453,FALSE
"PSMC6",-0.258132007099776,0.0545040664523916,-0.228605726094317,0.0447720023389393,FALSE
"U2SURP",0.164380203557437,0.0547827083875771,0.180098386147101,0.0648958807051104,FALSE
"AOPEP",0.139335035675459,0.0547827083875771,0.0602288220217711,0.435285850853678,FALSE
"MARCH5",-0.208826028431631,0.0547827083875771,-0.176948793042193,0.152999540989795,FALSE
"AC097376.3",0.240337752432783,0.0549209846432209,0.402256710474152,0.00209254110559729,FALSE
"SPCS2",-0.328770177366572,0.0549562330446061,-0.120725478350007,0.356345098613286,FALSE
"AC068533.3",-0.368517264354683,0.0551073365738701,-0.313095509533305,0.138316368299377,FALSE
"CFAP44",0.290587815203394,0.0551923862192016,0.242418647214837,0.110176737424671,FALSE
"JAG1",-0.173264996640169,0.0551923862192016,-0.2104053548467,0.121495942056765,FALSE
"NOSTRIN",0.370216657752988,0.0552419750501607,0.116862452354661,0.56100691052473,FALSE
"NT5DC1",0.29069665215693,0.0555243184080298,0.106867450518031,0.432077894500561,FALSE
"NUP88",-0.210031763792807,0.0556705818078047,-0.20546752099772,0.105240722871567,FALSE
"NEK11",0.656406113669554,0.0557980003281327,0.18332523151592,0.483895562556167,FALSE
"COP1",-0.115156960435792,0.0558064554553767,-0.163038450015909,0.0121276108246341,FALSE
"TCP11L2",0.397653793018464,0.0558614776828389,0.336851609457448,0.0250482367038287,FALSE
"WDR27",0.226723601433,0.0559922425345134,0.210597023159774,0.165433492627653,FALSE
"PTS",-0.257650348151188,0.0560125081740772,-0.217275688057049,0.145502338355935,FALSE
"ABRAXAS1",0.404307069511137,0.0560709879360881,0.463435775877454,0.019821729415239,FALSE
"USP54",-0.278310833155614,0.0560819472447413,-0.324378794051294,0.0060580236569237,FALSE
"GTF2B",-0.268764506977204,0.0562880542898348,-0.247571516018259,0.136807270439226,FALSE
"PPA2",0.195144258435721,0.0563411430700766,0.105329175906172,0.309535111494977,FALSE
"TRAPPC11",0.221188008201426,0.0563483259781711,0.218284497765651,0.06742829444063,FALSE
"DNM3",0.197252271945249,0.0563609124186795,0.189936301513947,0.120112845795477,FALSE
"KIDINS220",0.203600909672363,0.0563609124186795,0.105429003235196,0.301219041492632,FALSE
"CCDC191",0.371169099605219,0.056458705554974,0.477789122587886,0.040823535000319,FALSE
"TBCA",-0.201693236677282,0.056458705554974,-0.146408710972883,0.20168374843778,FALSE
"CAMTA1",-0.172952989464858,0.0564905735256504,-0.164158891624374,0.212980747304513,FALSE
"RBIS",-0.589263852716969,0.0564905735256504,-0.301523996021606,0.206641624347548,FALSE
"MEAF6",0.528208291513333,0.0566558461472776,0.179901958732536,0.480599969799346,FALSE
"PHIP",0.151526046225707,0.0568586272551535,0.139578571065073,0.173014139642444,FALSE
"CPNE2",0.352824167962812,0.0572148556708926,0.414007445684098,0.0385588592047577,FALSE
"LONRF1",-0.260894405776159,0.0572252766901339,-0.287887195909699,0.094277479132056,FALSE
"OPHN1",0.239076440188364,0.0573700725669722,0.207375455193074,0.163555249811898,FALSE
"TYW1B",0.204766505511587,0.0574616008649627,0.277534094578741,0.041804953213308,FALSE
"ADSL",-0.372432147176599,0.0575405558974917,-0.335412508315788,0.115731608586498,FALSE
"TEX41",0.50684744451114,0.0575822728708707,0.561925112425763,0.0984912722878981,FALSE
"C11orf54",0.378484875200193,0.0575908037350818,0.136607847081921,0.394135628516945,FALSE
"JAM3",0.258884177762372,0.0575908037350818,0.327014637917933,0.0685847228937211,FALSE
"RAB22A",-0.267136444097627,0.0575935039521174,-0.218437019238285,0.191029437389398,FALSE
"EFCAB14-AS1",-0.338747654714231,0.0577483566183952,-0.29947178374607,0.114762293156492,FALSE
"SIPA1L3",0.194592757775302,0.0578379840809993,0.371841755974783,0.0019086174399876,FALSE
"HP1BP3",0.160984355348917,0.0578416540212124,0.121144385841596,0.265580775763713,FALSE
"PRMT9",0.383345592462745,0.0578416540212124,0.253957289662392,0.206641624347548,FALSE
"USP3-AS1",-0.207328772110905,0.0578416540212124,-0.12793340982287,0.332313625615043,FALSE
"PPIB",-0.317035396367222,0.0578416540212124,-0.154899847518803,0.345257568953989,FALSE
"ST3GAL4",0.410956540355068,0.0578451679120366,0.259422808532696,0.262546961472618,FALSE
"LMOD1",0.276585734517478,0.0579083768207663,0.26599631820152,0.254370327666399,FALSE
"HNRNPH3",-0.196256914732655,0.0579083768207663,-0.199697649917081,0.0515053947350708,FALSE
"OGFOD3",-0.478632805025902,0.0579083768207663,-0.493128605426643,0.0587754350983607,FALSE
"TBX2-AS1",-0.222078596012985,0.0580851897841768,-0.241888888393414,0.127871659620812,FALSE
"SPEF2",0.481895969597741,0.0581662747839333,0.430181782800535,0.126431178761685,FALSE
"NMNAT3",0.343267317289643,0.058297590909837,0.412545286687922,0.0465339268461079,FALSE
"AP001011.1",-0.14994740959513,0.0583104809925066,-0.14385505060769,0.0970147099520874,FALSE
"PLSCR4",0.24934946633526,0.0585585889084895,0.273282588450411,0.0407224357237238,FALSE
"SEC23B",-0.344399132195988,0.0586466454593543,-0.376958162048352,0.0855620117453354,FALSE
"PTPRA",-0.12322044894293,0.0586769113713221,-0.155339463708998,0.120112845795477,FALSE
"RELB",-0.457358581354778,0.0587879882369732,-0.369289849417999,0.201779126082611,FALSE
"TOMM20",-0.60487669437391,0.0588104985599021,-0.0687118912357977,0.71839697686578,FALSE
"CCDC180",0.409514825234025,0.0588858734103695,0.507079315660811,0.03169926123462,FALSE
"OSTC",-0.348941054690108,0.0589089391420972,-0.31735405942326,0.0541935584229293,FALSE
"ODF2",-0.321497642949605,0.0590533026423286,-0.377002650735458,0.0412539594645098,FALSE
"MYLK-AS1",0.289834628039586,0.0591048928262338,0.374915848199052,0.0306077015692023,FALSE
"AL162253.2",0.25500916294658,0.0591048928262338,0.329388753916412,0.0514138068331716,FALSE
"CDC42EP1",-0.350105287105911,0.0591048928262338,-0.276479117575617,0.240329236146484,FALSE
"BRD4",-0.129523827641056,0.0592074343681063,-0.105384777541994,0.245590748267522,FALSE
"SMU1",-0.233430916586682,0.0593049877976721,-0.25693675319196,0.0712608673854408,FALSE
"ZNF33A",0.253269629740916,0.059412278777171,0.0887140332614342,0.489750810773098,FALSE
"CERS5",-0.191355554491346,0.0594451219596727,-0.173677982792443,0.142748220029635,FALSE
"OSMR-AS1",-0.248459261479867,0.0595471784046221,-0.246003177500169,0.138834469845183,FALSE
"GOLGA2",-0.301053211853284,0.0595494330252834,-0.351635909805496,0.05157785275926,FALSE
"CCP110",0.343529840505541,0.0595705061261406,0.365369219486417,0.0526903301581078,FALSE
"AL133480.1",-0.262613607326205,0.0596141187643726,-0.221712589796146,0.137044753642198,FALSE
"METAP1D",0.376282920060105,0.0596865515986074,0.170555984530274,0.416684315559806,FALSE
"C4orf19",-0.266766605454755,0.059698316858303,-0.280905200858834,0.0860429223907347,FALSE
"ZNF423",-0.332296271502586,0.0598555022305214,-0.367251175844084,0.108673742968125,FALSE
"AL353653.1",-0.298602597610558,0.0598555022305214,-0.283483213798304,0.133525021058014,FALSE
"ZNF148",0.124217038658032,0.0601668107624245,0.11507907684675,0.120737809978627,FALSE
"EDEM3",-0.210624599072069,0.0604456162425264,-0.150909136455334,0.234174689865454,FALSE
"AC090517.5",0.30873533941382,0.0606323574483768,0.377572764465876,0.0280961103443181,FALSE
"UBA2",-0.134824545041092,0.0606323574483768,-0.102584883627724,0.354094633680942,FALSE
"CRLF3",-0.133368772595207,0.0606347687417188,-0.114528597524679,0.243497690135697,FALSE
"ZNF76",0.30780758356761,0.0607575855495658,0.0953193895575047,0.611497067959065,FALSE
"CLCN3",0.389074562184851,0.0608402444002619,0.232097380246843,0.0319534852074164,FALSE
"OGFRL1",0.330878074235087,0.0608402444002619,0.322982021624722,0.0332318763338835,FALSE
"EXOC4",0.103539392239439,0.0608447835888465,0.155349489165952,0.0425225803809908,FALSE
"GSPT1",-0.271133630059946,0.0608447835888465,-0.268289408332402,0.0857596736940572,FALSE
"TATDN3",0.488046132869485,0.0609596808096304,0.209137902612218,0.415282131957523,FALSE
"AFAP1L2",0.317566350839132,0.0610263549968972,0.395836792051869,0.0428362370673239,FALSE
"CDC27",-0.113889498366113,0.0610787017398336,-0.0889782370557336,0.321447855123376,FALSE
"TCF4",0.0972981818018255,0.0611773359723694,0.169345791025111,0.0229026650418678,FALSE
"AC021088.1",0.443740792321339,0.0613573936032324,0.521122175299498,0.0492104809566659,FALSE
"AL078459.1",-0.647725271907184,0.0613576265629473,-0.779542486096067,0.0760412517017106,FALSE
"COX10-AS1",0.30328323180591,0.0613576265629473,0.212830615172319,0.273143992258672,FALSE
"C2CD2",-0.260319977792302,0.0613576265629473,-0.216799012054784,0.281655602805367,FALSE
"AHR",-0.578254168957238,0.0613605937020712,-0.308174736723162,0.142748220029635,FALSE
"AIPL1",0.411567902274131,0.0614916378595764,0.526671963473622,0.0253132863092017,FALSE
"ZDHHC5",-0.269938531034522,0.0616295653963004,-0.232027949634508,0.208337785166536,FALSE
"USP3",-0.170477798184117,0.061750471757941,-0.187954917700714,0.0469412732301034,FALSE
"PRKACB",0.220609168127698,0.0618769862095309,0.160587432321537,0.249692152496744,FALSE
"FAM20C",0.265037293842649,0.0618957141499299,0.383028414686996,0.0165101321407824,FALSE
"POLA2",-0.326601792399979,0.061981159245162,-0.30789884502491,0.146932490897861,FALSE
"CSNK2A2",-0.319916028370545,0.061981159245162,-0.268851247899955,0.1040337682257,FALSE
"ZNF81",-0.188394410796973,0.061981159245162,-0.212605348639096,0.126944059410762,FALSE
"ZBTB21",-0.475527020158115,0.062084646267639,-0.471197536694086,0.0928419448096064,FALSE
"MICALL1",-0.328652889300775,0.0621587029707102,-0.305194735340667,0.146079667976167,FALSE
"ADGRF5",-0.218784247660787,0.062218129888312,-0.151527187069552,0.436854980392068,FALSE
"CLASP1",0.143702200457098,0.0622990627231749,0.125900159379242,0.153008285064162,FALSE
"NADK2",0.38261624076367,0.0624594874794904,0.136125325464321,0.529057466363758,FALSE
"RHBDD2",-0.522412071471828,0.0624594874794904,-0.557857142849083,0.0640816785784336,FALSE
"TK2",0.339176307975934,0.0624821209281576,0.323004278577739,0.119736715266174,FALSE
"TAPT1-AS1",0.256380911526671,0.0625234358313784,0.401045241693512,0.0129665061100378,FALSE
"LINC02603",-0.268804212914342,0.0625234358313784,-0.167621866840349,0.336169264077912,FALSE
"NDOR1",-0.337295565957118,0.0626220362596965,-0.291834255207168,0.134999248315792,FALSE
"BARD1",-0.369479288647239,0.0628696835285483,-0.452105888130044,0.0412539594645098,FALSE
"CRNKL1",-0.436561766620178,0.0628696835285483,-0.317621656655073,0.20443472835352,FALSE
"RUNX2",0.407962094885011,0.0628880431661021,0.200912133918201,0.251146479800207,FALSE
"AVPR1A",0.516496305181893,0.0629858064953517,0.519300313845753,0.106643995291963,FALSE
"OSTF1",-0.222875881318284,0.0631764021184469,-0.210308981483375,0.120112845795477,FALSE
"DMD",0.211629044726987,0.0632274926244319,0.00914699770725852,0.92311775120292,FALSE
"DOK1",-0.47079201245872,0.0632737997916253,-0.324901038078902,0.262546961472618,FALSE
"AL360091.3",-0.298944110368912,0.0632951429669101,-0.251911821028795,0.203709468255874,FALSE
"ELAVL3",-0.563577811767033,0.0634447845962183,-0.681326699753477,0.0558022940041346,FALSE
"AC053527.2",0.275436639239129,0.0635524536356008,0.273106142815536,0.0976787927439099,FALSE
"COL5A1",0.25714347645503,0.0635524536356008,0.28318699798578,0.126228115240737,FALSE
"USP15",-0.185897273519097,0.0635524536356008,-0.177107806746389,0.0398588424474749,FALSE
"BAZ2A",-0.174043641270758,0.063568421444132,-0.121545302323744,0.295679924248261,FALSE
"NDRG2",-0.216409037392365,0.0636343106716434,-0.186866650277446,0.202267856339412,FALSE
"SEPTIN1",0.424271159738806,0.0636343106716434,0.480272426766346,0.068489036570313,FALSE
"ATP2C1",-0.237579091323912,0.0637678093175416,-0.293183032372044,0.00349481857649731,FALSE
"PLEKHA5",0.320406910871162,0.0637678093175416,0.0856865326824927,0.461824870938644,FALSE
"AL157938.2",-0.195051029327889,0.0639464539502591,-0.197520712681455,0.120112845795477,FALSE
"LUC7L",-0.146112163197164,0.0639464539502591,-0.143701768581351,0.13143036459766,FALSE
"ZNF568",0.262152911669383,0.0639464539502591,0.38042403518185,0.0116044468090859,FALSE
"ITPA",-0.319488818836006,0.0639464539502591,-0.253932430380681,0.199164131341358,FALSE
"COPE",-0.292638633614373,0.0640466595604106,-0.29247519838664,0.10375589771247,FALSE
"SLC4A5",-0.277654183146494,0.0642697236719507,-0.216212814762537,0.273104063337937,FALSE
"GTF3A",-0.423989968930623,0.0644362582642307,-0.284196582044094,0.228286419139104,FALSE
"SUPT6H",-0.219388612577034,0.0644362582642307,-0.179532050652717,0.194103391825728,FALSE
"DYNC2H1",0.193228585920655,0.06445386721769,0.259619987044263,0.0438193690179333,FALSE
"AP002495.1",0.219855122605962,0.0644578019322174,0.299088144880164,0.0330379991134415,FALSE
"C21orf62-AS1",0.336072831907944,0.0644578019322174,0.391499167435125,0.0771930873753422,FALSE
"VPS29",0.273010343285207,0.0646488365785494,0.137008257775492,0.390412322800418,FALSE
"RNF149",0.271220242763538,0.0648351863508647,0.104437732940938,0.300054899019759,FALSE
"GINM1",-0.233194571025632,0.0648503682234807,-0.16141125182616,0.274041320906922,FALSE
"CUL4A",-0.217777305933571,0.0648503682234807,-0.274894850641631,0.0247452073925281,FALSE
"MFSD14C",0.163635128076607,0.0649901672190678,0.180256031512083,0.0834737836071032,FALSE
"NOP14-AS1",-0.44484041995175,0.0650551860861752,-0.328881311210226,0.21583160302086,FALSE
"TBL1XR1",0.15653041503232,0.0651113065610169,0.118656657104944,0.171889582408347,FALSE
"EEF1D",-0.70204678943639,0.065171303410799,-0.207951805640736,0.22198377390686,FALSE
"CRTC2",-0.48481914201986,0.0651915481518287,-0.405629198095578,0.173398843955228,FALSE
"PKDCC",0.313615189630182,0.0651915481518287,0.479107497432263,0.0142882688499213,FALSE
"KATNA1",-0.374516521514314,0.0651915481518287,-0.412281170618429,0.078756865286276,FALSE
"TCP1",-0.422502860505479,0.0651915481518287,-0.301233764478983,0.135086512990063,FALSE
"AP002812.2",0.220572276756494,0.0651915481518287,0.287442432294047,0.0292803785186975,FALSE
"NT5C",-0.38027468696777,0.0651915481518287,-0.245161539679797,0.289269465831075,FALSE
"ATF4",-0.479234670543117,0.0651915481518287,-0.185500783195456,0.235536233127089,FALSE
"NR2C1",0.239593095558107,0.065206680323366,0.153501396163528,0.226201334369286,FALSE
"MED29",-0.306571673788235,0.0652432924593591,-0.185998183992015,0.340562500249849,FALSE
"C2orf27A",0.302776844761174,0.0653250306117719,0.432131130741619,0.0192631657890866,FALSE
"ZC4H2",0.293500029977785,0.0655701870895142,0.349554435879499,0.0738046652597572,FALSE
"RGMA",-0.3618834171286,0.0656034121422618,-0.327828265782302,0.195927340576862,FALSE
"CRYZL1",0.172696081863206,0.0656495521351346,0.210814501275894,0.0515034528239492,FALSE
"NRDC",-0.13456356123037,0.0657449903448203,-0.17473579655548,0.0493465597432238,FALSE
"OIP5-AS1",0.411823769955303,0.0659409358604172,0.128970720990978,0.373742220896063,FALSE
"ZBTB46",0.194079341309185,0.0662637463938255,0.342141434026826,0.0756552611252551,FALSE
"TRABD2B",0.482528765463494,0.0666464953543128,0.503104953301251,0.117060939185124,FALSE
"CFLAR",0.235674714494085,0.0667176718900232,0.054260642135661,0.571426370920308,FALSE
"ACTA2",0.263575039368976,0.0667516932270776,0.229606649250384,0.254978778118321,FALSE
"AC073332.1",-0.570950789306825,0.0667666119407218,-0.447947664488486,0.245368387286986,FALSE
"PPP2CB",-0.147548430514826,0.0667907480533913,-0.125901201291485,0.230044161366857,FALSE
"XPO5",-0.357913736024031,0.0668118151097382,-0.252878297057804,0.180024120945955,FALSE
"RSL1D1",-0.505305331168015,0.0668118151097382,-0.268706817934904,0.247564847126484,FALSE
"VPS4A",-0.273638693212907,0.0669061406737759,-0.319491169962481,0.0477492780484439,FALSE
"ACADVL",-0.448420800956042,0.0669598978019923,-0.125295094786191,0.257170441445268,FALSE
"ADA2",0.37110498195353,0.0670328497588138,0.260789008241161,0.200638096904976,FALSE
"USP8",-0.172449641865615,0.0671256116960843,-0.186793779733574,0.102443053631436,FALSE
"ARHGEF25",0.330310913880838,0.0674348253516738,0.442656190097977,0.0208417904003561,FALSE
"TPM4",-0.217272238627123,0.0674348253516738,-0.251176944695397,0.10266560210384,FALSE
"SNX31",0.667838356324502,0.0674636581122158,0.74778307887457,0.10923518780465,FALSE
"HGF",0.291281098275084,0.0675342080022531,0.370638816415686,0.0763803283466278,FALSE
"CS",-0.279540471713023,0.0679078110947466,-0.347930471329385,0.0100158877095863,FALSE
"LURAP1L-AS1",-0.46908652110357,0.0682421782747349,-0.579834252511769,0.0609106485064116,FALSE
"CREBL2",0.369359183520219,0.0682521994560656,0.39406979948797,0.0344000787636674,FALSE
"RBCK1",0.339221833875465,0.0682956937589143,0.36615468527755,0.0406327248785372,FALSE
"ZC3H15",-0.33577661645238,0.0684999391330845,-0.233359877145391,0.208792727877927,FALSE
"ZNF253",0.293164943206601,0.0685014753571619,0.28520936378012,0.0984912722878981,FALSE
"UBE3A",-0.124274763816147,0.0685551942294844,-0.115766650453637,0.126284892908117,FALSE
"GTF2H2C",0.347674857226512,0.0685662962142941,0.352126448760452,0.091956801924739,FALSE
"PPP2R5E",-0.129496466831196,0.0685883709758293,-0.14606791810174,0.104835655819504,FALSE
"SLC37A3",-0.218250811280439,0.0686087670939294,-0.225902733324391,0.121311907832679,FALSE
"CORO1C",0.378380499575341,0.0686087670939294,0.0762754916998365,0.71596725920478,FALSE
"SKIL",-0.47353260322716,0.0688035737333117,-0.438361628578974,0.001256755651611,FALSE
"INTS12",-0.261803358758735,0.0688035737333117,-0.202357610716414,0.268100597329039,FALSE
"SLC13A4",0.366762550099131,0.0688035737333117,0.472820177380336,0.0420812084853747,FALSE
"AC104984.3",-0.399263282306857,0.0688035737333117,-0.337252216736871,0.134563727357072,FALSE
"ARMCX5-GPRASP2",0.251365691878348,0.0688035737333117,0.317273201093293,0.0663673659267397,FALSE
"PPM1E",0.413901764710451,0.0688850628583877,0.683849154261284,0.020665646626105,FALSE
"GPI",0.125479541243733,0.0688850628583877,0.145143008095611,0.122662792731029,FALSE
"CASC3",-0.176909365099912,0.0689807945186475,-0.133823940023913,0.262546961472618,FALSE
"AC092574.2",-0.242477931602269,0.069067792063119,-0.177310769253064,0.275018138642974,FALSE
"SPTLC1",-0.230596114101233,0.0690944411210386,-0.234428721267986,0.103342188328902,FALSE
"KIZ-AS1",0.325164554536579,0.069228444171583,0.391964378461083,0.0801903977113141,FALSE
"TTC7A",-0.353180180249171,0.0692911707306403,-0.443970332405905,0.119430747834549,FALSE
"ATP6V0D1",-0.298777539991069,0.0692911707306403,-0.270205180777571,0.105072234369731,FALSE
"BRCA1",0.210120947553375,0.0692911707306403,0.18342241034196,0.21139037167658,FALSE
"RSBN1",-0.223089247877711,0.0693128220361645,-0.139144778633071,0.366940739795854,FALSE
"SDK1",0.485862095167059,0.0693137898980711,0.0293194825518191,0.870607104926712,FALSE
"AP3M1",-0.311767336926477,0.0693137898980711,-0.252804243648979,0.162426081554457,FALSE
"ZNF569",0.324391396075995,0.0693137898980711,0.385303656867823,0.0322322465033092,FALSE
"ACTR10",-0.196994580479768,0.0695901457668689,-0.220628108900872,0.099111835220886,FALSE
"GLIPR2",0.566949455919971,0.0697384454904693,0.204974162848921,0.534506228058311,FALSE
"PLOD1",-0.256441574173583,0.0697864023208827,-0.28025335227334,0.110050851122701,FALSE
"LRRC4B",0.556467903839048,0.0698044325086657,0.548665575165882,0.0866486055170001,FALSE
"ABRAXAS2",-0.353958455222931,0.069947751050012,-0.239815865425961,0.300054899019759,FALSE
"SEC13",-0.231104311742202,0.0701912081063997,-0.205630664206307,0.152881032480552,FALSE
"PSMB3",-0.436132322607654,0.0702094751179008,-0.486171640956391,0.0396985452579373,FALSE
"CHMP3",-0.245633431063077,0.0704010511774996,-0.298496439016816,0.0332318763338835,FALSE
"POU2F1",-0.135449010073303,0.0704872227149534,-0.144626832186845,0.134918449810785,FALSE
"EIF4H",-0.471442886085299,0.070618809195824,-0.145665442455777,0.316928298397886,FALSE
"ATP6V0A2",-0.330313341963925,0.070618809195824,-0.303094481816837,0.14733591034667,FALSE
"CNTLN",0.168963999997537,0.0708819884330355,0.279176023401886,0.0116235950686045,FALSE
"NEDD4",0.195283486548102,0.0708819884330355,0.2276507895346,0.0319977466235704,FALSE
"BRMS1L",-0.345771788542979,0.0713040518747416,-0.339140910299998,0.135402517544497,FALSE
"CDC14A",0.331107654304423,0.0713932716979827,0.0794097509129519,0.697522892128016,FALSE
"PIP5K1C",-0.341545018249509,0.0713985429163929,-0.291926989255731,0.217327826125279,FALSE
"UMAD1",0.201124944833492,0.0715483430319562,0.0205126861337115,0.860644452608641,FALSE
"SLC30A7",-0.225720044300872,0.0715919472268918,-0.230871620159923,0.0770666681550321,FALSE
"LINC02614",0.239671536706504,0.071731888667479,0.419073238768465,0.0051393067169864,FALSE
"MBOAT7",0.382673320262112,0.071731888667479,0.486667460318457,0.0462553964354965,FALSE
"LTA4H",0.403313595003478,0.071841513364565,0.272107841373725,0.160175759631523,FALSE
"RAB7A",-0.129222900796027,0.0718509397863301,-0.184420451535447,0.044703103974568,FALSE
"PLEKHH3",0.265541880513718,0.0718509397863301,0.379730071474537,0.0221605176514625,FALSE
"IER3IP1",-0.323355230639481,0.0719239284005025,-0.247916052123052,0.258426218973617,FALSE
"UCHL3",-0.289233438452271,0.0722200881907433,-0.270838364834601,0.114314923357345,FALSE
"AC012184.4",-0.350240411462625,0.0722440459075421,-0.252743871877982,0.252673182373603,FALSE
"HMGN5",0.455447924683831,0.0723008051929448,0.571222836499969,0.0544512147465461,FALSE
"UBALD1",-0.436783408968916,0.0723872537230002,-0.304694139392437,0.2446021207054,FALSE
"OAZ2",0.187414303094393,0.0724973349485572,0.244033465282129,0.0555250682367385,FALSE
"GNPTAB",0.353374709925163,0.0726677292752644,-0.025457428769634,0.895097742404145,FALSE
"PLS3",0.174136794604949,0.0726792559794608,0.136460049829539,0.318735401812286,FALSE
"SLC26A11",0.546869816416699,0.0726987875523237,0.649873950627965,0.0423394564871436,FALSE
"MON2",-0.106509145347848,0.0728096167445951,-0.10124623753059,0.221345686032254,FALSE
"PPP4C",-0.327201986130313,0.0728311960868698,-0.377139180319279,0.0634452268636685,FALSE
"RAB3D",-0.363662881409493,0.0728756316819728,-0.392555546055392,0.0763650614131024,FALSE
"LINC00702",-0.668454520125777,0.0729181899132411,-0.939692270125879,0.00730458810127779,FALSE
"AHNAK",0.244178316462298,0.0729989514304266,0.132206596336668,0.167307008986794,FALSE
"NSUN4",-0.332801313957754,0.0731182476049498,-0.41858641761936,0.0356745811842792,FALSE
"ZNHIT6",-0.200820245589075,0.07322462863521,-0.200490654538513,0.0844650361079816,FALSE
"TPST1",0.278022318366757,0.0732737165327524,0.286712573885682,0.118409360710916,FALSE
"AL139353.2",0.361629797908368,0.0732942811847354,0.387005700990017,0.120112845795477,FALSE
"HAPLN2",-0.527734694299989,0.0734119333480085,-0.378304825594121,0.270656341247452,FALSE
"MCCC1",-0.270381078288307,0.0734119333480085,-0.258546466459853,0.0594024635221385,FALSE
"TRIM26",-0.307802680026847,0.0734119333480085,-0.274749458801393,0.171138999427887,FALSE
"CRACR2A",-0.278415121916692,0.0734119333480085,-0.21438539265946,0.306607175169075,FALSE
"TGFBRAP1",-0.425178434170876,0.0734277387825081,-0.41128793400051,0.0922743960129695,FALSE
"GNL3L",-0.28750711615982,0.0737731564141207,-0.227610619025722,0.20168374843778,FALSE
"RABGEF1",0.110143716989901,0.0739688330786304,0.168164783388352,0.0509479794520927,FALSE
"KHDRBS3",0.334405231638262,0.074058674787499,0.430005780050136,0.0689727264148448,FALSE
"SH3KBP1",0.140397668417448,0.0745215322744245,0.214966443060897,0.0656611756102927,FALSE
"AP4S1",-0.189902913844921,0.0745227116485578,-0.128101240751907,0.258863758664312,FALSE
"SNRPA",-0.42064088290191,0.0746931144740648,-0.351591897703782,0.173860242761071,FALSE
"KMT2E",0.107488107903595,0.0747403187290434,0.0745614531027645,0.38918172987648,FALSE
"FAM162A",0.275864702501754,0.0747585961258872,0.40135125454519,0.0290557941327578,FALSE
"CCDC90B",0.369810494486661,0.0747585961258872,0.371103183646019,0.0614979102271751,FALSE
"JAK2",0.473433224518619,0.0748744718961146,0.185314164030601,0.119374097999776,FALSE
"INO80D",-0.17810201128785,0.0749516456813473,-0.168208632990135,0.138561146377329,FALSE
"AC008731.1",-0.272222781916451,0.0750216390083292,-0.194103286175221,0.302987345723648,FALSE
"PES1",-0.452112900895229,0.0750986192777862,-0.462263902121353,0.0735903229172992,FALSE
"USP14",-0.228824510802338,0.0752672618995593,-0.253484097835192,0.0486301613840794,FALSE
"LINC02693",0.389147345254275,0.0753673754498239,0.41670689199782,0.0895440539639111,FALSE
"PHF14",0.152765504286943,0.0757370273410203,0.111116354955665,0.227000205141888,FALSE
"RAB40C",0.325399341222586,0.0757370273410203,0.357687996515957,0.0536810190269781,FALSE
"ADCY9",0.24622493571121,0.0757772341771833,0.186039706554085,0.288881023779784,FALSE
"LINC00886",0.65070693156887,0.0762105591302628,0.434745332655535,0.0218476689979355,FALSE
"KCTD20",-0.236093834480787,0.0762279086541384,-0.299796750348632,0.0498957706101783,FALSE
"ETNK1",-0.165766704375581,0.0762279086541384,-0.160565202340539,0.138217069818326,FALSE
"ZNF528",0.370157867130013,0.0762279086541384,0.426345996692858,0.0554605551102426,FALSE
"HNRNPA3",-0.191211631580023,0.076365221801791,-0.073534459754757,0.466379420477453,FALSE
"ECHDC1",0.358022620096379,0.076365221801791,0.164792807161466,0.223875416200819,FALSE
"PSMD5",-0.245970747539006,0.0766030980750099,-0.264934764378155,0.0748198902960395,FALSE
"STX18",-0.166333697540949,0.0766810164745995,-0.141983034830908,0.278989022125597,FALSE
"TUBA1B",-0.570638745090688,0.0766810164745995,-0.129965688608926,0.364578210691934,FALSE
"PRKX-AS1",-0.410481755283353,0.0766810164745995,-0.384198029483459,0.127359151381967,FALSE
"ACSL4",-0.252039911366069,0.0766810164745995,-0.346544655687704,0.0106621916482189,FALSE
"SLC35F5",0.203826106085019,0.0767740429563759,0.123583014502897,0.292219952124703,FALSE
"DCUN1D5",-0.371536157785334,0.0767740429563759,-0.244695397425076,0.248750178476661,FALSE
"DPH6",-0.200370808099644,0.0769196178440738,-0.358086822826248,0.0163850287332139,FALSE
"GSTCD",-0.304850220063828,0.0769747568497498,-0.288358946105538,0.198646961432479,FALSE
"DDX54",-0.430107218495111,0.0770376548564326,-0.45075851638696,0.0659136022419188,FALSE
"SNX24",0.324539008839955,0.0771286419313664,0.0537666590434037,0.768167862281209,FALSE
"PTPN1",-0.136105023438028,0.0772075044933807,-0.140794264186448,0.191772470479938,FALSE
"NIPBL",-0.104899484779845,0.0773793494352678,-0.0745265634115274,0.325639994404738,FALSE
"NUP205",-0.227423837912453,0.0776191553274877,-0.2221759593133,0.0922172980593366,FALSE
"RARS2",0.182261862160257,0.077732808660331,0.213842022350153,0.0563666222508515,FALSE
"STOM",-0.256057584486056,0.077732808660331,-0.199721730498676,0.0944787681757292,FALSE
"Z93930.2",-0.247627552659132,0.077732808660331,-0.283430601203687,0.121210301066519,FALSE
"KAT5",-0.317629487918869,0.0778438104135405,-0.205959723626045,0.35637044393211,FALSE
"TCF4-AS1",0.332547888615107,0.0779755574871311,0.358624796314562,0.103342188328902,FALSE
"OTULIN",-0.274173156042134,0.0783365653665319,-0.374429738521492,0.0412539594645098,FALSE
"EAPP",0.21608781667833,0.0783365653665319,0.290002739544207,0.03169926123462,FALSE
"CACNA2D3",0.221249975350632,0.0783604199095009,0.314075408584049,0.0887118429000765,FALSE
"FAM217A",-0.362150839342664,0.0784413110093023,-0.2986920580575,0.216595284153611,FALSE
"SMC4",-0.335556384144351,0.0784598566372947,-0.40826440691775,0.0416152026457155,FALSE
"ZNF493",0.493772802439917,0.0784598566372947,0.141095369309239,0.329614946233865,FALSE
"SYNM",0.603568083982835,0.0784816362151831,0.105395518682988,0.567455939943815,FALSE
"SH3PXD2B",0.435236493163429,0.0785546148186833,0.496226394339924,0.00195419856983765,FALSE
"SLC12A2",-0.144546863135442,0.0786563571810027,-0.181602901505001,0.213852591428115,FALSE
"KMT2A",0.142750412684249,0.0787386433903475,0.150111645703084,0.099848123626631,FALSE
"GSTO1",-0.491184941673119,0.0788943839642955,-0.00581938686431171,0.982253263237815,FALSE
"GLIS3",-0.431875935422653,0.0790095826303718,-0.392904823254984,0.0587754350983607,FALSE
"ACAP3",0.268572198471683,0.0790681877757165,0.258231288834168,0.126061368183786,FALSE
"TMEM39B",-0.408881746247703,0.0791715471509717,-0.299295878963338,0.269882232092184,FALSE
"PLEC",0.33865315292929,0.0791809357228676,0.0889160756661066,0.645979082677786,FALSE
"ZCCHC10",-0.289660639710853,0.0793832979142857,-0.366850883252184,0.0316116159869712,FALSE
"UBE2H",-0.168321991451111,0.0793832979142857,-0.1374348287305,0.102733958881676,FALSE
"AC008050.1",0.390735462057703,0.0793832979142857,0.447993533589362,0.122620069638804,FALSE
"LRRC75A",-0.44307952950827,0.0793832979142857,-0.398688100176066,0.204299826415154,FALSE
"HNRNPM",-0.126762723890515,0.0793832979142857,-0.125929245386506,0.151572741547149,FALSE
"TNIP2",-0.48377479075096,0.0795276506688777,-0.487679833691222,0.0812872443723841,FALSE
"AC109129.1",-0.359369891032919,0.0797714355425226,-0.271154108792605,0.310307917685428,FALSE
"INTS8",0.247572521406363,0.0797714355425226,0.195527771137186,0.242638736091904,FALSE
"PSMA1",-0.49709376585238,0.0799731186404407,-0.164019525874429,0.332167993921019,FALSE
"ORC2",0.190088942518388,0.080358267896151,0.117154138600295,0.453103477723572,FALSE
"NOL10",-0.221306099626965,0.0804044551244669,-0.258616331602328,0.094306383730255,FALSE
"ERVK3-1",-0.328589946159592,0.0804044551244669,-0.319337928590494,0.155953203354497,FALSE
"CAMSAP1",0.219151475181834,0.0804830700167484,0.314882868042787,0.0196336629597928,FALSE
"ANP32A",0.314887468241716,0.0804830700167484,-0.112131607796109,0.491609302636109,FALSE
"SNX19",-0.292145031346451,0.0809838852993364,-0.304788368933535,0.0954267214955909,FALSE
"ITSN2",0.186155102647994,0.0812904961337506,0.0858707604281854,0.430962125125097,FALSE
"ACTR3",-0.200300387884557,0.0814721820857535,-0.31033851131807,0.0231516755700903,FALSE
"IMMP1L",0.297246636239808,0.0816744060689317,0.200045770041926,0.216807076401126,FALSE
"NAP1L4",0.180410054676374,0.0819335329616136,0.166292262618569,0.10868215410575,FALSE
"AC018557.1",-0.349461556221121,0.0819685957711904,-0.247682298098958,0.257170441445268,FALSE
"TACR1",-0.302549906612302,0.0819812197998019,-0.30840712288265,0.156605674925941,FALSE
"LIG3",-0.40285693617799,0.0820083552057947,-0.364688986357026,0.196221372948972,FALSE
"OLFML1",0.362167775407714,0.0824965379747023,0.491394702777325,0.0389533843885018,FALSE
"AC100803.4",-0.54936087229338,0.0827219407725589,-0.589569633033184,0.149837356175986,FALSE
"CBX7",0.306418533059273,0.0827620664781332,0.43149075166009,0.023580308042568,FALSE
"PRKX",-0.194130926153907,0.0828796314743342,-0.203207359179197,0.164401612471754,FALSE
"POLR3E",-0.249496432392766,0.0831359864069911,-0.208251762300336,0.188230319446722,FALSE
"GDF11",0.369769607062759,0.0832439938738784,0.391715105412392,0.0931057939742211,FALSE
"SKA2",0.214015128426711,0.0833768265400288,0.293416312769555,0.0554605551102426,FALSE
"COPB1",-0.179138733394528,0.0834024366816004,-0.128294219922893,0.295222311576334,FALSE
"SLC25A26",-0.189248347497751,0.0836512210503438,-0.186558637368704,0.146932547370761,FALSE
"APIP",-0.272552897335348,0.083838064866351,-0.22911931979073,0.247382427521753,FALSE
"KCTD3",0.220433590494733,0.084090598168578,0.189391762090392,0.152881032480552,FALSE
"AC012459.1",0.225600933016008,0.084090598168578,0.280261517398455,0.0488195743370048,FALSE
"SEC63",-0.128740966838246,0.084090598168578,-0.117520900740172,0.20850976102613,FALSE
"AC008250.1",0.140570292855552,0.0842822063221218,0.309398040421654,0.0188061255198164,FALSE
"ABHD18",0.357024884375212,0.0842898329389474,0.0888318418699867,0.437552227386786,FALSE
"FAM185A",0.182809741843676,0.0844583411246154,0.277480696158276,0.0231897030692452,FALSE
"PPM1L",0.163292849926634,0.0845633628604995,0.0707252161372561,0.596987282965573,FALSE
"RWDD1",-0.285014668784707,0.0848087399583516,-0.211107733496152,0.254191164894562,FALSE
"MRVI1",0.207243760566894,0.08495455598379,0.217985041210313,0.188208839360093,FALSE
"FAM157C",0.379666162849738,0.0849821378537183,0.298326701225091,0.148887763434921,FALSE
"GLRX3",-0.186512210081508,0.0850592737032184,-0.170182367690353,0.165077145708205,FALSE
"DEGS1",-0.301307089707431,0.0850748819843097,-0.164529023525282,0.290410764086792,FALSE
"ZBED4",-0.258907811110878,0.0850748819843097,-0.283669379934906,0.105197089939401,FALSE
"AC123912.1",0.534621918505046,0.0851665612133892,0.621774311542559,0.089047192909925,FALSE
"TOM1L2",0.154417734367606,0.0852853495064466,0.155810004012105,0.0870172595561718,FALSE
"PCBD2",0.253333833575327,0.0852879819395828,0.115647018562796,0.49429001337548,FALSE
"TATDN1",-0.232656350437973,0.0852879819395828,-0.213386905851942,0.193948156552236,FALSE
"POU6F1",0.278109718977955,0.0853992733840685,0.318473164261808,0.0606869418428596,FALSE
"DLGAP4-AS1",-0.181990951453802,0.0859451037573817,-0.144521415216318,0.282121582005844,FALSE
"MARCH7",-0.115098148700497,0.0859896555687196,-0.121921954266966,0.123619450386612,FALSE
"PSMD4",-0.290791261844394,0.0860930157866396,-0.154578783549837,0.434405733224595,FALSE
"C20orf27",-0.32980998112384,0.0860930157866396,-0.305989297749712,0.124786715371258,FALSE
"LUC7L2",-0.134105146230939,0.086110490165407,-0.129220704437321,0.165174838783853,FALSE
"FAM135A",0.161030929474717,0.0863105332541757,0.138694061455928,0.20434076549403,FALSE
"JMJD6",-0.319616188077733,0.0863105332541757,-0.233421563959502,0.288881023779784,FALSE
"GOPC",0.199483527611054,0.0863283802430047,0.276421151343882,0.0468614397192045,FALSE
"GRB2",0.247038630706365,0.0866802323304751,0.0343137122695232,0.82771555538417,FALSE
"TIPIN",0.393076833328197,0.0867161432552266,0.510920204304736,0.0325361967867494,FALSE
"RWDD3",0.423783007859354,0.0868677498853159,0.198448438374494,0.288817294491474,FALSE
"EXOC1",0.215431640782726,0.0868677498853159,0.142584941753176,0.308763541585229,FALSE
"CD46",0.222304907519399,0.0869121676547387,0.111449362798972,0.33314989536975,FALSE
"ENSA",-0.159656317925703,0.087124779268823,-0.134476339767354,0.273033051237605,FALSE
"MFSD14A",-0.217090232819207,0.0871807192727455,-0.220403869233704,0.0949187464119892,FALSE
"ZNF282",-0.267341858956696,0.0872342843402898,-0.192336226552023,0.268921056324813,FALSE
"CUL5",-0.119006967489787,0.0872662166583508,-0.112105461517573,0.193806160759989,FALSE
"ANKRD13D",0.297045787357377,0.0872733504908061,0.34371984073531,0.0650870934748982,FALSE
"RAB35",-0.328523270495502,0.0874971551626906,-0.356645801060654,0.10160397065095,FALSE
"MPDZ",0.175250988044648,0.0875527552564782,0.11544582336267,0.324333602005688,FALSE
"TTF1",0.248794143099117,0.0875527552564782,0.236670518487929,0.151656369410622,FALSE
"SLC23A2",0.176007329579904,0.0875527552564782,0.176331184594579,0.127847528989187,FALSE
"SOGA1",-0.141434267384081,0.0876826949080516,-0.213152030807167,0.0958234720932663,FALSE
"AIMP2",-0.334526057829501,0.0879598855233224,-0.220060029718154,0.30009731205578,FALSE
"TACC3",-0.43428204946745,0.0880548398810514,-0.385477038698523,0.177107302553954,FALSE
"NUS1",-0.308469522011463,0.0880574096262543,-0.261110529826307,0.120112845795477,FALSE
"SEM1",0.159086862793793,0.088107664017052,0.272171769801022,0.0339496572065095,FALSE
"GOLGA5",-0.301617930774838,0.0882560733042349,-0.374426893199263,0.074913391942688,FALSE
"HIC1",0.36392685379867,0.0882560733042349,0.427168159855518,0.0671707625696969,FALSE
"UPF3B",-0.248899084233609,0.0884256986666903,-0.279725976180758,0.0835785948941304,FALSE
"FAM149B1",0.271120440998523,0.0887576804467695,0.28865882837323,0.126061368183786,FALSE
"IL7",0.272488795178869,0.088807938824456,0.409017222245905,0.044565626921523,FALSE
"DTD2",0.517483372656495,0.088807938824456,0.351011348992831,0.266515809574239,FALSE
"DUBR",-0.236714983221822,0.0888432638813846,-0.290809614776143,0.126811508223713,FALSE
"LRRC28",0.206537531562644,0.088916567859006,0.146978353539658,0.337659416732822,FALSE
"CISD2",0.514594537937431,0.0894225144274986,0.426213358300328,0.0741131925724907,FALSE
"AC009060.1",-0.181895115222635,0.0894767938772294,-0.130630071903293,0.314663253536547,FALSE
"SEPTIN7",0.0812130036090483,0.0894847474015898,0.190483871269926,0.0060580236569237,FALSE
"KCNQ3",-0.319094118730345,0.0896427973956922,-0.311623028378603,0.190223015948164,FALSE
"SERINC3",-0.191710208266369,0.0896772466191288,-0.0466153221390524,0.759120097949898,FALSE
"C11orf80",0.24337920201675,0.0898355422849761,0.324753414447511,0.0361317772065684,FALSE
"CA5B",-0.198840249388396,0.0900732365224449,-0.240426920590558,0.0665545876329272,FALSE
"PTAR1",0.212129615723268,0.0900747920775343,0.0566158572897768,0.655771747909679,FALSE
"KCNJ8",0.164291853509,0.090259288233898,0.236742298090495,0.0547744194389057,FALSE
"STK11",-0.256920453628386,0.090259288233898,-0.172060800660346,0.345747170219508,FALSE
"LDLRAD3",0.214519336886153,0.0903149293286008,0.311387170799549,0.0745631983999038,FALSE
"KAT8",-0.293042401254354,0.0903149293286008,-0.321176223934104,0.0630009673249605,FALSE
"ARL8A",-0.370857044843798,0.0906123228554513,-0.349875424207291,0.0837375336516885,FALSE
"ZNF264",-0.26505003830011,0.090616375306097,-0.268574367912664,0.0704170098688237,FALSE
"BRD2",-0.204465030078609,0.090719774815826,-0.193223163706728,0.11876203610083,FALSE
"ZNF709",-0.280876682567902,0.0908130512368056,-0.272685653449142,0.159384452708375,FALSE
"SMNDC1",-0.283194970821812,0.0909478197135202,-0.234144626655035,0.272006964280035,FALSE
"RER1",-0.237976367018247,0.0913730239697074,-0.238991060880132,0.135974506136795,FALSE
"DECR1",0.214196782369801,0.0913730239697074,0.160509392879934,0.142748220029635,FALSE
"RFX3",-0.122394515949919,0.0913967997151523,-0.123466662980931,0.213996046941684,FALSE
"NUMA1",0.172495930236205,0.0914229902536973,0.169722139528584,0.190443206751506,FALSE
"PANK2",-0.162716886453849,0.0915239357248801,-0.173331663356978,0.12443961702078,FALSE
"MESD",0.281081164564518,0.0915256702228992,0.359330696259101,0.0302347911120221,FALSE
"ARHGAP6",0.0735263645296423,0.0916270371764106,0.133401644817166,0.107531937762241,FALSE
"NFIB",-0.117067891599389,0.0917035472213684,-0.164371514333289,0.0768346448155707,FALSE
"SYNRG",0.155855246406068,0.0920581950361032,0.189191540583481,0.0940202522700965,FALSE
"YPEL2",-0.162778815796639,0.0920581950361032,-0.159480912684344,0.198828900957036,FALSE
"PXN",0.408838424220916,0.0921485328355106,0.216284545651819,0.165817354899439,FALSE
"AC005037.1",0.312917396205222,0.0923454041385029,-0.0305968562793168,0.880292758083964,FALSE
"SMC1A",-0.18421688231054,0.0923732575979489,-0.134610745547551,0.296305924023232,FALSE
"SPTBN1",-0.087893225624783,0.0923907883120876,-0.115296829837617,0.219727083024386,FALSE
"TANGO2",0.383082595670881,0.0925997343384222,-0.247752056296926,0.129047205339584,FALSE
"WWTR1",0.188872180907769,0.0927664418849141,0.192883077697338,0.0291973604229129,FALSE
"KMT2B",-0.243949581480675,0.0928771547113284,-0.185023776977406,0.261374543402913,FALSE
"PRDM15",-0.386054465543793,0.0928887537654612,-0.440105052857861,0.0725474826878015,FALSE
"NT5C2",-0.151249774944782,0.0929306185616493,-0.104513584963378,0.37315493839741,FALSE
"AL354696.2",0.242792831462122,0.0929470253602049,0.319395589436593,0.0769126520637352,FALSE
"POLD3",0.380281834941494,0.093093751398547,-0.0546675192839464,0.820394480632758,FALSE
"AK6",-0.411831931793655,0.0932757207157857,-0.299306516406528,0.218573269118851,FALSE
"ATPAF1",0.194539723608606,0.0934434715989819,0.270453529061033,0.0266727527955225,FALSE
"TUBD1",0.274881106957057,0.0934909982503405,0.305508931843112,0.088676528032954,FALSE
"CAMLG",-0.356308034854734,0.0934939786226372,-0.353915004342482,0.11597894849366,FALSE
"TRIM44",-0.10667367214567,0.0935398745681512,-0.0981576389041483,0.275171909605887,FALSE
"PBLD",-0.397739732433239,0.0935434349344072,-0.269721896148253,0.300054899019759,FALSE
"POMZP3",-0.300385640021363,0.0939646032159251,-0.269162144094502,0.234174689865454,FALSE
"AC008269.1",0.47082651798269,0.094003135784629,0.245157469491676,0.450727446913864,FALSE
"AL592295.3",-0.351761214414849,0.0940591989123483,-0.309007369572846,0.201212967216127,FALSE
"FAM168A",0.118401395301162,0.0943883904311983,0.144641801308895,0.101891071347786,FALSE
"CCNI",-0.1360000038183,0.0944216092439814,-0.14881910179697,0.148915426782191,FALSE
"PRKAA1",-0.293241973548346,0.0944216092439814,-0.254110077835758,0.0964709691595147,FALSE
"DUS2",-0.280868173476943,0.0944216092439814,-0.208442313181396,0.319075752471916,FALSE
"COL25A1",0.694235235623814,0.0949239535011449,0.804936341579829,0.190320155935401,FALSE
"CCNL2",0.15251129482369,0.0951397849073345,0.117234399218902,0.231481259643761,FALSE
"CD44",0.285028359895832,0.0951856926207412,0.411775867132076,0.117961021770312,FALSE
"ESD",0.262857389871467,0.0951856926207412,0.202551422562467,0.221305789953826,FALSE
"STK35",-0.276804224307005,0.0951856926207412,-0.339499482107227,0.0805220001797204,FALSE
"ARL6",0.313827607580582,0.0953975525927008,0.421487113647132,0.0544432581668076,FALSE
"NME9",-0.262211771432232,0.0956500796447878,-0.229146268900913,0.219777393228912,FALSE
"SERP1",-0.200061669641005,0.0959017268527996,-0.203848616849947,0.0820132149735426,FALSE
"PTP4A2",-0.265420467732624,0.0960795396592851,-0.217652692913634,0.315146279902979,FALSE
"TMEM131",0.170333082946095,0.0963280428155515,0.0482948817985778,0.698085668588533,FALSE
"HMGXB3",-0.229665500668968,0.0963280428155515,-0.101136677153494,0.585843604539582,FALSE
"AMFR",-0.235191156241724,0.0963280428155515,-0.192066657693512,0.218970188298135,FALSE
"ALOX12-AS1",0.2498724332558,0.0963295792898654,0.365297843276902,0.0528299769252202,FALSE
"MMP16",0.297127576852907,0.0963574778483321,0.410881831610411,0.105072234369731,FALSE
"LINC01376",0.252942407254727,0.0963707684653879,0.413305672074629,0.00670705583542257,FALSE
"SNX29",-0.106502007710728,0.0964319331031231,-0.158673985295519,0.0735903229172992,FALSE
"KEAP1",-0.353939652889236,0.0965269427502734,-0.364010685964487,0.0739052512744386,FALSE
"ALG14",-0.204633760181945,0.0967774558803553,-0.140363082881784,0.378530072556291,FALSE
"CBY1",0.307982378274626,0.0969219241024494,0.291367517257204,0.148915426782191,FALSE
"VHL",-0.393344612458703,0.0972370833488793,-0.278615842881455,0.199751683171944,FALSE
"CRBN",0.205226169737777,0.0972719291518278,0.196185655910505,0.121210301066519,FALSE
"TAFA1",0.426630736904163,0.0973501462919231,0.510004242737039,0.0973016321532329,FALSE
"AP1B1",0.330709932188921,0.0974192392616694,-0.00782503303710335,0.969769550493856,FALSE
"METTL7A",-0.547396712499316,0.0975067549048821,-0.156135425305234,0.433081642641344,FALSE
"TAB3",0.326138923981626,0.0975067549048821,0.191285011936602,0.359706577418244,FALSE
"TRAF5",0.260734671325344,0.0976737833956905,0.387398653690517,0.044703103974568,FALSE
"FBXW4",0.169054274134088,0.0976737833956905,0.239679871252922,0.0434989562652635,FALSE
"TTC19",-0.143797004760299,0.0977908367278208,-0.133967869547648,0.249765932067196,FALSE
"SFSWAP",-0.139225117995485,0.0980323748676349,-0.114641312854183,0.251022402364703,FALSE
"RBX1",-0.193948421135681,0.0980323748676349,-0.176133341869075,0.118476412241632,FALSE
"UBR2",0.0982081635060657,0.0980988480394904,0.106269252238052,0.126534987480885,FALSE
"CLIP4",-0.370566282026392,0.0981942075251378,-0.0253735912872631,0.893768498261588,FALSE
"RRP12",-0.508371501398698,0.0981942075251378,-0.440591543454431,0.114762293156492,FALSE
"AC006064.2",-0.282659132066314,0.0981942075251378,-0.274668223469714,0.170876289328043,FALSE
"BICRAL",0.12685661337621,0.0982623509290268,0.19436954575547,0.0391298239346591,FALSE
"C3orf38",0.374417900647155,0.0984638818369823,0.20207263405836,0.249161529068684,FALSE
"PRMT3",-0.170270206530615,0.0986145913197205,-0.117579915591964,0.340108428068591,FALSE
"ANKRD6",0.215470998075415,0.0987030946718534,0.17818515503651,0.264317324747048,FALSE
"RBM45",0.361649232759655,0.0988808168331394,0.22032009292465,0.33649990597105,FALSE
"AL359546.1",0.490382213245781,0.0988808168331394,0.511052704839987,0.171428833615137,FALSE
"CAB39L",0.431184182925339,0.0988808168331394,0.230338028351787,0.235301942650143,FALSE
"CHD8",-0.164489905583863,0.0988808168331394,-0.203256470332841,0.119141640606726,FALSE
"EIF5",-0.299533718899586,0.0988808168331394,-0.173256694272539,0.192126113561075,FALSE
"SETBP1",-0.113640973725216,0.0988808168331394,-0.0880370357191603,0.392005017639349,FALSE
"TTYH1",-0.424341327607999,0.0989377746364595,-0.406953205407912,0.176608254564842,FALSE
"MRPS10",-0.410530093828618,0.0991631773938678,-0.176802131462883,0.547978303678456,FALSE
"IFNAR1",-0.192586693090176,0.0995106611082433,-0.163168818067604,0.228778556902647,FALSE
"SH3RF3",0.441747377753786,0.0995707131104133,-0.11877859589491,0.570627252615888,FALSE
"DONSON",-0.287793225048881,0.0997272165477846,-0.272898162227611,0.188299273926744,FALSE
"PRMT1",-0.470866429572458,0.0997776769001149,-0.137809044907454,0.58579547337441,FALSE
"EIF4E",-0.238575625253086,0.0999395796729706,-0.323748323245681,0.0735903229172992,FALSE
"MCPH1",-0.127532693495515,0.0999395796729706,-0.157936689098431,0.154360440229962,FALSE
"SF1",0.157827301886515,0.0999395796729706,0.203620343600132,0.0545133854355742,FALSE
"DHRS4-AS1",0.287976571121048,0.0999395796729706,0.356436299113763,0.0910339448634395,FALSE
"PAFAH1B2",-0.245708025822388,0.100179038576062,-0.31309439865176,0.0386652865090222,FALSE
"COL6A2",0.142971456788741,0.100179038576062,0.199937197925472,0.0716241346437959,FALSE
"UQCC1",-0.161406445427554,0.100199012286174,-0.166184426957104,0.0873169445200987,FALSE
"TRIM25",0.415743514967632,0.100324018427543,0.288811655261436,0.109248521360811,FALSE
"DCN",-0.303180773070993,0.100627347101879,-0.0797879095193677,0.37584638068883,FALSE
"AL031846.2",0.31273205935732,0.100627347101879,0.378815807456666,0.0664022526710557,FALSE
"CCT2",-0.370316333550021,0.100764920545612,-0.400223002587673,0.0652624077655436,FALSE
"SEC11A",-0.238889654469181,0.100764920545612,-0.238724116178618,0.0812872443723841,FALSE
"ETS1",-0.111523658609497,0.100800571143375,-0.136894589748415,0.179098659683417,FALSE
"SNRPD1",-0.374700476431322,0.101214761009108,-0.164918835454645,0.55566193539207,FALSE
"CCND3",0.205413503561679,0.101259831876264,0.22938668294557,0.213668908476963,FALSE
"LARP4",-0.235954786175345,0.101468594353244,-0.189040220926293,0.0961212623885805,FALSE
"CUL1",-0.10496086051767,0.101504500808347,-0.0490165837579386,0.564001233935928,FALSE
"NR2C2",-0.140438127052796,0.101540383044844,-0.0785120542959453,0.513879724209159,FALSE
"AC009269.2",-0.309463714596952,0.101543991736893,-0.358564555120961,0.0955268819576017,FALSE
"BDP1",-0.120654621761256,0.101581276678678,-0.125813429763199,0.193546820549321,FALSE
"DHX16",-0.322572682407336,0.101595444144066,-0.341538280211885,0.102634511844161,FALSE
"CSNK1A1",-0.148977397958304,0.101694713351495,-0.12098963604085,0.18954598716676,FALSE
"ASPHD1",-0.396175281728503,0.101694713351495,-0.295841782505948,0.240329236146484,FALSE
"PXK",0.210018115318973,0.101777694756634,0.33109300830938,0.0285096315981123,FALSE
"PPP6C",-0.174262484314207,0.101777694756634,-0.136748683347467,0.349056647365689,FALSE
"RRAGB",-0.208375121896993,0.101926329477517,-0.206723990459625,0.14134064710368,FALSE
"ABCE1",-0.272507768371798,0.102114208953985,-0.195556614647151,0.319404679413352,FALSE
"KAT7",-0.259584100749532,0.10242198141252,-0.251666292545961,0.17709919794873,FALSE
"NDUFB9",-0.388723262857548,0.102468736562092,-0.3722908067619,0.016506293983135,FALSE
"RETREG3",0.167871746219188,0.102622568182412,0.210383920279092,0.0815760562150848,FALSE
"SPEN",-0.131369615853447,0.102705063621532,-0.133116779716138,0.147551549542801,FALSE
"TBC1D13",0.330647471794739,0.102931941580099,0.340697289538014,0.112865923193777,FALSE
"METTL17",-0.238312960239514,0.103321338990141,-0.16828794330962,0.310850170874473,FALSE
"PGAP1",0.228317218299666,0.103347338697435,0.113745635864819,0.565034675948707,FALSE
"VPS26A",-0.25284797703861,0.103347338697435,-0.219756415051771,0.195858419753743,FALSE
"DERL2",-0.416485518059257,0.103353849488518,-0.0954370449790224,0.760041725882022,FALSE
"ACER2",0.220095194068078,0.103403328568399,0.235039377190229,0.202449019053843,FALSE
"DLG4",-0.329099709344819,0.103611533791148,-0.285041209146961,0.211329451495628,FALSE
"AC100830.1",0.210574287938793,0.103885993863285,0.336713156461751,0.0216316256935754,FALSE
"CLEC2D",0.460866887386235,0.104028383639666,0.193047222568754,0.191478771123441,FALSE
"CHP1",-0.321580713916763,0.104028383639666,-0.274527914859517,0.154027226329327,FALSE
"SPOCK1",-0.47007182168781,0.104069559038323,-0.339535653945886,0.0872209802946205,FALSE
"MOSPD2",0.366229067118048,0.104098037062089,0.135124571260222,0.586701346932949,FALSE
"CSPP1",-0.134831394385595,0.104190908519813,-0.145165409468986,0.194775549004661,FALSE
"DENR",0.202582564923768,0.104269944225612,0.230620489205497,0.110047679247471,FALSE
"AC119396.1",0.393744183854914,0.104269944225612,0.488155672604754,0.0629589113323644,FALSE
"USP49",0.240815824645649,0.104675195380934,0.263825537575708,0.125732394199782,FALSE
"GARS",-0.307824091827038,0.104675195380934,-0.322634601389573,0.109086137555944,FALSE
"AC027601.6",0.415324413729734,0.104675195380934,0.410349080323495,0.142440771707179,FALSE
"FGFR1OP2",0.21640971931462,0.104785860386738,0.162942823638149,0.215229067943569,FALSE
"MYH9",-0.0938854851266302,0.104840779312034,-0.103089333709349,0.354749771336288,FALSE
"POC1B-AS1",0.315352005997693,0.104843148909231,0.359751947548321,0.0797174285098867,FALSE
"CREBZF",-0.166021166220775,0.104920721627568,-0.171733046890421,0.187383796783964,FALSE
"SGPP1",-0.208484563245491,0.104920721627568,-0.160154100211027,0.278917401678866,FALSE
"RHBDF1",-0.318010895078191,0.104920721627568,-0.260461665117752,0.208220356073892,FALSE
"ZNF317",-0.369280253730741,0.105194333473718,-0.299328617395086,0.285625354721675,FALSE
"LAMA5",0.22923133188407,0.105194333473718,0.325226182516486,0.0288919158027729,FALSE
"PPME1",-0.210589188881157,0.105198437832013,-0.293935885560253,0.0628492764053996,FALSE
"KIAA0586",0.223758522092965,0.105198437832013,0.143607706209492,0.43868687728581,FALSE
"CSNK2A1",-0.115645343467063,0.105198437832013,-0.088342471123321,0.367102045397793,FALSE
"ZNF407",-0.125501506810261,0.105262343773404,-0.120696033130471,0.160701889059199,FALSE
"IVD",-0.223424004432236,0.105355385305133,-0.164992200479501,0.298045921007816,FALSE
"FRG1-DT",0.333570485607142,0.105386701757315,0.375394538647989,0.110047679247471,FALSE
"MTOR",-0.143617499473416,0.105404630613124,-0.112132799429137,0.307052895668171,FALSE
"SLC7A6OS",-0.358036778792296,0.105436247283527,-0.314316427145483,0.00971485695547561,FALSE
"AL591002.1",-0.381701507118527,0.105441161574413,-0.266566098916732,0.347212857845827,FALSE
"TSC22D3",-0.388649106888349,0.105441161574413,-0.132816524344948,0.443961003007535,FALSE
"RECK",0.167194999031549,0.105675952384809,0.234925844529475,0.0356939077361423,FALSE
"MAN2B1",0.399011224093844,0.105955957654906,0.263974201929155,0.312636061446018,FALSE
"AMY2B",0.281365226337705,0.106046583362057,0.0458072866419185,0.8074932973921,FALSE
"LINC01578",-0.140878154016138,0.106222219692371,-0.176760065754171,0.0607252173911843,FALSE
"PCYT1A",-0.213076179984697,0.106373015656048,-0.227317290764312,0.120112845795477,FALSE
"NOM1",-0.265784980993357,0.106430809686306,-0.181680037875599,0.374098310571624,FALSE
"SCIMP",0.504182989338106,0.106430809686306,0.323301286215403,0.342696140314032,FALSE
"MYH10",0.471043943081449,0.1068454636746,-0.138404740861036,0.471957217523663,FALSE
"AC087190.1",-0.332083874119245,0.106944696416714,-0.313760243212192,0.173240669011087,FALSE
"RRP36",-0.215107260163235,0.107029487041168,-0.225354077010057,0.151545133819448,FALSE
"SUPV3L1",-0.278990137535124,0.107029487041168,-0.364020576379373,0.0253773516832236,FALSE
"HSCB",-0.22599700124778,0.107089887716162,-0.209655100622692,0.211329451495628,FALSE
"ICK",0.342863420316797,0.107144653258382,0.271054337022742,0.217896366318054,FALSE
"MAPKAP1",-0.121296758878145,0.107230347345539,-0.0910537743975047,0.351628705857164,FALSE
"MAGI1",0.397152099004525,0.107301998950118,0.0635868168205869,0.610163008980147,FALSE
"DCAF5",0.131023626737433,0.107411747126922,0.116173173467182,0.312653939795473,FALSE
"CCDC66",0.149529536273701,0.107467686258378,0.164387217988263,0.158515922410085,FALSE
"MAP3K6",-0.321165768549957,0.107487629397919,-0.264552980268268,0.223980404620195,FALSE
"PHLDB1",0.135975257811301,0.107619280995941,0.232546542167995,0.0524127551692156,FALSE
"LINC02284",-0.442830371493554,0.107619280995941,-0.375381231760077,0.236916214584483,FALSE
"FBXO10",-0.310183018434538,0.107658687822815,-0.283624636382624,0.210667620227185,FALSE
"OTUD7B",-0.160478047805668,0.107679223611144,-0.0967714185021524,0.500922672844297,FALSE
"RHOJ",0.149537692781802,0.107686153677548,0.236626721073953,0.0649928596797102,FALSE
"PITRM1",-0.27977854466224,0.107849932683102,-0.263934448368882,0.167775431218801,FALSE
"FKBP3",-0.299040642645092,0.107936199023049,-0.180514195278527,0.323479587106977,FALSE
"WIPF1",0.133235244482553,0.108016181254408,0.0127535416525541,0.924365922170788,FALSE
"ZCCHC7",-0.0992301722648936,0.108106385363769,-0.0936198207963217,0.295487494071221,FALSE
"CAT",0.470847607081245,0.108344861790055,0.321169745704927,0.0358432912403397,FALSE
"TBRG1",-0.255416568859076,0.108344861790055,-0.307619373292945,0.0702023719176155,FALSE
"ANKRD13C",-0.152095444848908,0.108582226685845,-0.201954481480537,0.0647807832040388,FALSE
"NR1D2",0.227990323098034,0.108749432332399,0.3616378343983,0.0355338213539721,FALSE
"ABAT",0.405165060152147,0.108922812542397,0.189658645849687,0.596879318493978,FALSE
"PANK3",-0.236167098472175,0.109159439941496,-0.205557063646812,0.127158942226927,FALSE
"CCAR1",-0.139266462160773,0.109159439941496,-0.114512597005695,0.265879621978947,FALSE
"PRKAB2",0.44446433577802,0.109419166227177,0.397179528033402,0.101419829610479,FALSE
"TCTEX1D2",0.499203212963819,0.1094490037661,0.383791992594434,0.273533376514724,FALSE
"RSRC2",-0.127867923302058,0.109524596987678,-0.0945189106540989,0.344468443514818,FALSE
"MBD2",-0.143286762119118,0.109653022204432,-0.0782638219799141,0.479312215354886,FALSE
"NECTIN3",0.228021721810345,0.109954536120785,0.251941405755332,0.0931650266881883,FALSE
"ARL6IP6",0.281977971714724,0.110112330137261,0.194355939349823,0.272975724492443,FALSE
"RBM26",0.100771536760392,0.110282472134947,0.0419651405068908,0.643511870426309,FALSE
"AC016821.1",0.38272690472068,0.110291817450352,0.362484903209652,0.242555088103402,FALSE
"AC074032.1",-0.117214186651717,0.110485684564757,-0.110948392010753,0.293684282395828,FALSE
"ZRANB3",-0.180012415537079,0.110577608161254,-0.0816012866812558,0.588326640248347,FALSE
"PRKRA",0.203099603437999,0.110577608161254,0.302067929569436,0.0332482562813605,FALSE
"MINDY4",-0.26166464899187,0.110577608161254,-0.241155255722175,0.254826910299837,FALSE
"ECD",-0.198507030102766,0.110577608161254,-0.184762841190013,0.217146832094523,FALSE
"KLHL13",0.255128932343394,0.110577608161254,0.178213451185106,0.422462650039981,FALSE
"NFX1",-0.160531566090057,0.110712841657408,-0.161407400399584,0.253450894080475,FALSE
"SCART1",-0.393301919041046,0.111073342655715,-0.360328048832593,0.170739405551566,FALSE
"AL359915.1",-0.416681916193153,0.111242809158869,-0.391551309687907,0.210667620227185,FALSE
"TIMM17A",-0.279642379035657,0.111495788490513,-0.247664910058891,0.161635485266264,FALSE
"AC022395.1",0.355028776061695,0.111495788490513,0.449365532570509,0.054193195894732,FALSE
"PRKG1-AS1",0.240549237089743,0.112130039069621,0.303683835632805,0.0747907101917205,FALSE
"MRTFA-AS1",-0.370509789263389,0.112130039069621,-0.326497578796376,0.187957232529755,FALSE
"ADH5",0.387965748262482,0.11227733842944,0.209453073338432,0.290410764086792,FALSE
"ANTXR2",0.404624360031797,0.112655054548801,0.227546238943892,0.0544512147465461,FALSE
"KPNA6",-0.192488834457899,0.112764166923659,-0.233816077865813,0.116284934713469,FALSE
"EDDM13",-0.206164252642925,0.112764166923659,-0.171833826617392,0.289268048792034,FALSE
"ACTG1",-0.356370620187984,0.112969899748944,-0.180453820197807,0.149698366131496,FALSE
"OPA1",-0.119473318406271,0.113119558072256,-0.124849358298676,0.190223015948164,FALSE
"LINC01355",0.289599487350643,0.113683129599186,0.266453265207922,0.17664712783662,FALSE
"CPSF2",-0.206261499763777,0.113683129599186,-0.253110096301501,0.110552062608319,FALSE
"THOC5",0.290191275087083,0.113784205701046,0.36072994082581,0.0579697739911709,FALSE
"NSMCE1",0.337894604138048,0.113849173514148,0.506756533148032,0.0378864085519426,FALSE
"DLGAP1",-0.41462267788265,0.113849173514148,-0.669991204577768,0.102447339300564,FALSE
"CEP162",0.239831280808946,0.113974890260125,0.176728641043852,0.396417004793252,FALSE
"BECN1",-0.30329777984896,0.113974890260125,-0.275585065092248,0.179319222165407,FALSE
"STK4",0.327426799722767,0.113983415258837,-0.0143302023632082,0.954536845620432,FALSE
"RILPL2",0.459992881359595,0.114180176045778,0.472604474058285,0.0991678249070804,FALSE
"FMNL3",0.22292373758216,0.114196642477665,0.272536829522878,0.133462001260846,FALSE
"NUDCD1",-0.322500180020582,0.114348422341953,-0.244294829558147,0.311695955806341,FALSE
"PRPF39",-0.214885055975203,0.114419586701814,-0.165302247975011,0.320862468387399,FALSE
"RILPL1",0.184986741520996,0.114485629269942,0.063316072858668,0.634817175552069,FALSE
"PUS10",0.41897404370424,0.114520030350934,0.0783074357441589,0.801160164254877,FALSE
"TSEN15",-0.232151567541602,0.114683728060051,-0.278247963751851,0.0857596736940572,FALSE
"RTRAF",-0.246135624257692,0.114683728060051,-0.0548858171176511,0.777336396128674,FALSE
"POGLUT1",-0.318067777801453,0.114764043314138,-0.288974214373128,0.190571540792622,FALSE
"COL5A2",0.165642515397915,0.114787252449998,0.233335964196522,0.115048484924636,FALSE
"SCLY",-0.281345898937307,0.114787252449998,-0.250221703905354,0.193762338891969,FALSE
"ARHGAP1",-0.178661591279154,0.115054366882889,-0.158523918571997,0.27356784856841,FALSE
"ANAPC7",-0.197614325994081,0.115054366882889,-0.178519077561893,0.25771614535767,FALSE
"RTTN",0.211257580635176,0.115602884213049,0.140768706654364,0.386166720596428,FALSE
"RCOR3",0.224825617164839,0.115617186672988,0.14099428099447,0.203284912002007,FALSE
"ZKSCAN1",-0.132457278882129,0.115617186672988,-0.125231386201064,0.238622095177169,FALSE
"AAAS",0.377442359152365,0.115617186672988,0.334526904251639,0.189371235863615,FALSE
"AC091078.1",-0.423412254366077,0.115617186672988,-0.454070690188804,0.0996476999124036,FALSE
"ASMTL",-0.187651425911562,0.115751253883491,-0.154588448282291,0.288984884884229,FALSE
"INSYN2A",-0.170038885533493,0.115807853689359,-0.158510291693603,0.235536233127089,FALSE
"LINC00342",-0.214743500021088,0.115840114767505,-0.435904210051141,0.0271889570613289,FALSE
"BBOF1",0.31092375014468,0.115840114767505,0.37271777435704,0.098118074575767,FALSE
"RP2",-0.356308118498132,0.115840114767505,-0.302372371553972,0.264456979687048,FALSE
"WLS",0.317963613243412,0.11586706450746,0.0933018389397142,0.525303260016373,FALSE
"ATAT1",-0.408166260572691,0.11586706450746,-0.242821844150377,0.438346569796277,FALSE
"RNF34",-0.208619399212156,0.11586706450746,-0.228058644509091,0.102769296060664,FALSE
"YAE1",0.348495461894943,0.115984053502106,0.299113292917616,0.168285927527186,FALSE
"ABHD15-AS1",0.188324678129198,0.116046242621253,0.312000032146047,0.019821729415239,FALSE
"PCDH1",0.220334012056682,0.116127508010354,0.221614224358446,0.164703303223598,FALSE
"SIPA1",-0.303715521300849,0.116159936494391,-0.209395089919691,0.370523739604905,FALSE
"GATD1",-0.322254762433906,0.11618588747538,-0.278579420032322,0.308130838018484,FALSE
"CRY2",0.396727802443758,0.116283958175528,0.0624604337957344,0.745422946778967,FALSE
"SPART",-0.147313352020297,0.116437111751163,-0.0985973763860133,0.399174770555299,FALSE
"AC022098.1",-0.249812526456391,0.116565276785235,-0.176510550165772,0.321968935705593,FALSE
"UST",0.353329813328401,0.117050802611306,-0.0274691040460395,0.88502748711331,FALSE
"SERPINH1",-0.288959967774695,0.117050802611306,-0.16199718697014,0.461080065270853,FALSE
"COMMD1",0.118394150843861,0.117268875570316,0.0905655407498279,0.361265543158722,FALSE
"OSGEPL1",0.260308950909058,0.117268875570316,0.35006688717583,0.0283826398107144,FALSE
"PLEKHA3",-0.341914971413821,0.117306838505235,-0.208113653375491,0.299593195867462,FALSE
"AC011933.4",-0.240501424606865,0.117434968130224,-0.287032894355323,0.106643995291963,FALSE
"AC087477.2",-0.253031644003012,0.117574035746443,-0.174936582464721,0.402141390217637,FALSE
"RAB11FIP2",0.280553737365313,0.117676459836872,0.198445817670851,0.214444762026655,FALSE
"PICALM",-0.112489068828949,0.117676459836872,-0.18224015923251,0.0201119335562196,FALSE
"TRAF6",0.315938266293446,0.117713053399764,0.25609836882773,0.275556564745399,FALSE
"TXNDC9",-0.337941499140701,0.11852091690658,-0.336773963344285,0.146974744664223,FALSE
"CAPN7",0.146015092880575,0.118627910290976,0.0663502382416088,0.556852000850774,FALSE
"MYO1F",0.530087142160975,0.118704867105274,0.192151216361347,0.306558965208657,FALSE
"NSA2",-0.377649258707348,0.118727967251267,-0.15909931570561,0.451829302434652,FALSE
"AL365356.1",-0.292474274062174,0.118727967251267,-0.270909342909231,0.184506483050071,FALSE
"ADCY6",0.116081082552006,0.118727967251267,0.2147270426959,0.0520070043106923,FALSE
"AL391840.1",0.418708499957881,0.1188732145661,0.483666814688464,0.13628128846428,FALSE
"ACOX3",0.282960518611018,0.118948035441519,0.135786628588826,0.499244957453943,FALSE
"ELMSAN1",0.194770224654148,0.119304829987117,0.286099871561845,0.053936083460852,FALSE
"BNIP2",-0.346231966884171,0.119304829987117,-0.352499097637893,0.169240382660279,FALSE
"PHF20L1",0.188108498930479,0.119453010601005,0.0268035332845169,0.856477875906645,FALSE
"DNAJC16",-0.222935063083675,0.119646775652625,-0.177603261864288,0.285510216300032,FALSE
"PARD6B",-0.427110194513542,0.119681732270381,-0.36833587410643,0.268079179131357,FALSE
"SLC35A5",0.267787508091792,0.119732402470884,0.193670269442681,0.337337898326641,FALSE
"EHBP1",0.139868585812421,0.119766256063484,-0.0130416470062887,0.908781304598093,FALSE
"TLCD5",-0.303537390721323,0.119775591625267,-0.279349802372787,0.223935041384696,FALSE
"FGGY",0.30261375603304,0.120173675692061,0.170837628531135,0.48263091099207,FALSE
"PLA2R1",0.415580524936467,0.120173675692061,0.356929055553641,0.19099999310002,FALSE
"AL049869.3",0.233746614417937,0.120173675692061,0.270458417925672,0.120737809978627,FALSE
"CDK11B",-0.275655298561263,0.120181220484004,-0.191666640534481,0.354126668528077,FALSE
"PRKACA",-0.182686683231845,0.120231101077151,-0.231348863733215,0.0922037292160504,FALSE
"ZNF567",-0.281968743843169,0.120299739068728,-0.193174548441314,0.353195241843005,FALSE
"NUDT5",-0.219461026628921,0.120353905600877,-0.158510442900807,0.34992130879904,FALSE
"ODR4",-0.205214815562786,0.120538307664435,-0.138386297698097,0.379729121019686,FALSE
"IL4R",0.421069022849865,0.120538307664435,0.157600290337366,0.656507518102362,FALSE
"TIAL1",-0.170928889206554,0.120752437442137,-0.20680702962637,0.0450790191232021,FALSE
"MAP3K3",0.153289102656994,0.120806775736079,0.188759613950516,0.0841406652433096,FALSE
"AL356599.1",0.13986399955055,0.120836102051768,0.203420539978576,0.0468614397192045,FALSE
"CABLES1",0.450082147752955,0.120836102051768,0.336656931161824,0.310251480607969,FALSE
"EXT2",0.179195230025041,0.121010067281088,0.256473691796249,0.064573709915194,FALSE
"AC105339.3",0.508391328284083,0.121100506330317,0.63023702118076,0.0734433793014182,FALSE
"AC046134.2",0.177023727644257,0.121246639088881,0.295929553172248,0.030739849249601,FALSE
"DHX36",-0.155242793148286,0.121265845800031,-0.160617665303532,0.170754763047987,FALSE
"ACSL3",-0.15474546436568,0.121400425873744,-0.135611944602187,0.274105704507418,FALSE
"SON",-0.104025736621773,0.121424751211124,-0.0687174397952989,0.391413318019742,FALSE
"PPP1R10",-0.254696498267002,0.121547068117238,-0.175838849536757,0.29601225057871,FALSE
"LINC00963",0.287105440358916,0.121604175029461,0.407972492102743,0.0317174949060994,FALSE
"RABEP1",-0.118710494747869,0.12177983819822,-0.1261908594594,0.195858419753743,FALSE
"KIRREL1",0.131481618003921,0.121817282406123,0.236639103318528,0.0321359849992322,FALSE
"GPHN",-0.073699692302733,0.121994457594589,0.00503289160762309,0.968046684992775,FALSE
"ZNF483",0.320281458772976,0.122802983667752,0.41650995865335,0.0801239909288392,FALSE
"UHRF1BP1",-0.155972394942271,0.12289728764642,-0.221830447438533,0.04091389935621,FALSE
"NCBP1",-0.211409102883382,0.123006960005987,-0.177307005939796,0.261184038986817,FALSE
"RBM28",-0.180654851307341,0.12312179438894,-0.229047430484294,0.102950534827096,FALSE
"DENND10",0.44241228480443,0.12312179438894,0.243011565844945,0.438166210551571,FALSE
"ZNF263",-0.228042490414113,0.12312179438894,-0.208154486252396,0.254815604126882,FALSE
"THUMPD3-AS1",-0.133208046138485,0.123695891747115,-0.0639889231560887,0.658188917991674,FALSE
"DHX38",-0.289826544722923,0.123695891747115,-0.27202607488508,0.214444762026655,FALSE
"BBIP1",0.21051162401324,0.123792463517991,0.208348714334469,0.202687727184167,FALSE
"UBE2I",-0.15363216884893,0.12384669957255,-0.0581500507928769,0.674637287073747,FALSE
"DENND6A-AS1",-0.170494359300987,0.123870864752694,-0.113971566927174,0.424495631430349,FALSE
"CAPNS1",-0.372903267790116,0.123995783179034,-0.226448926378588,0.125101830632702,FALSE
"POM121C",-0.155440291022665,0.124048947324802,-0.161800099833193,0.175138929356839,FALSE
"REC114",-0.400941715359856,0.124048947324802,-0.284921753946891,0.305676867801887,FALSE
"RHD",0.564733835198509,0.12428275169799,0.570841258763174,0.225396133158154,FALSE
"ALG13",-0.13232876808104,0.12428275169799,-0.149946168766561,0.160097134562681,FALSE
"MOK",0.480215783164175,0.124405198919202,0.151609097927066,0.615485359202831,FALSE
"DCAF10",-0.110917165351209,0.12455740965752,-0.136333997157084,0.183681233733429,FALSE
"NSFL1C",0.398760024492014,0.12455740965752,0.101147126699869,0.645979082677786,FALSE
"FIG4",0.191507591190853,0.124588480033898,0.160873584554257,0.236916214584483,FALSE
"AKAP9",0.107594741637935,0.125472197126072,0.0395149477458317,0.659809050572883,FALSE
"HCP5",0.380576956797071,0.125663536878154,0.108697390541082,0.718226855143545,FALSE
"NES",-0.207738414603817,0.125917555901669,-0.244647506168931,0.124525546742556,FALSE
"HLA-C",-0.35286224983697,0.125982681174293,-0.0368012691368328,0.832494078115392,FALSE
"NFXL1",0.474127653106943,0.125991643905224,0.0611383360790871,0.795382456977371,FALSE
"ATP13A2",-0.330363144480765,0.126085451465727,-0.247307494003198,0.368843665137293,FALSE
"NCAPD2",-0.285037775284724,0.126567935671097,-0.174380281545479,0.459233060170838,FALSE
"PCNP",0.213917905769722,0.12663120321894,0.0102309994907158,0.949022288491948,FALSE
"AGAP4",0.232011027794412,0.12663120321894,0.22855773428705,0.15179689630648,FALSE
"IQCG",-0.204399546998268,0.126638062705261,-0.183129743610549,0.205117214548206,FALSE
"AP002954.1",-0.31676350307603,0.126646016667722,-0.167869323583115,0.535842579107483,FALSE
"ZNF12",-0.29995456652433,0.127060174487296,-0.300030545217617,0.126061368183786,FALSE
"CTNNBL1",0.185203903255602,0.127302982373712,0.0644008416990517,0.67526607487901,FALSE
"GNA12",0.162594464748615,0.127643987470766,0.187985382444266,0.172811104738352,FALSE
"AC080162.1",-0.281278613146733,0.127933048872658,-0.281994494050651,0.185294675457159,FALSE
"TMEM263",-0.275005434811381,0.127933048872658,-0.168538306323481,0.376764440216125,FALSE
"DGUOK",-0.177502088471986,0.128041647285209,-0.134110675566989,0.361640698280592,FALSE
"PJA2",0.205814017654624,0.128041647285209,0.105667738946642,0.452036203840616,FALSE
"LINC02202",0.25331719249548,0.128041647285209,0.325684806085578,0.0738046652597572,FALSE
"GLUD1",-0.133363737164752,0.128041647285209,-0.082508040937858,0.483730546061428,FALSE
"KCNS3",0.465622797892533,0.128161697012689,0.0908130689331458,0.765119731497684,FALSE
"KARS",-0.3239431784514,0.128319423365047,-0.244457228199173,0.300054899019759,FALSE
"INO80E",0.292015027834347,0.128321323505004,0.333832264310115,0.108902210638585,FALSE
"OGT",0.183330095335291,0.12842265371305,0.0530243206856547,0.643377113794033,FALSE
"ERO1B",0.249588133156683,0.128500319487583,0.203544681611296,0.262440136753845,FALSE
"PIP4K2C",0.355360671546818,0.129569898497891,0.420875017537812,0.120124621415899,FALSE
"GFM1",-0.219753583448217,0.129771770597322,-0.137362985653634,0.413312275008912,FALSE
"IP6K1",-0.155896718579995,0.129848665817122,-0.128143531912116,0.32210201731308,FALSE
"LRCH4",-0.332960356742735,0.129848665817122,-0.335655203325209,0.162866173747994,FALSE
"MEAK7",0.302970369263622,0.129848665817122,0.425541311214855,0.0376150169745677,FALSE
"NOL11",-0.3019313593123,0.129848665817122,-0.255421873097571,0.283025845135522,FALSE
"MCEE",0.375393973242332,0.129981473284515,0.24855871730771,0.16039052489259,FALSE
"CCDC138",0.26774139740134,0.129981473284515,0.381568928516289,0.0656611756102927,FALSE
"BAX",-0.28270398729956,0.129981473284515,-0.136910254683878,0.547504147738014,FALSE
"TEX2",0.295989344829111,0.130089014831204,0.0836716148926815,0.596879318493978,FALSE
"ZBTB48",-0.277643856155774,0.130142258878395,-0.180164402073257,0.426999239451882,FALSE
"ZBTB20-AS5",-0.146337657235367,0.13014777671007,-0.144151143332156,0.21281948057081,FALSE
"AC021752.1",0.321977857962381,0.130273979883896,0.591821050296105,0.00369115670771488,FALSE
"KIAA0825",0.274502125943545,0.130294457995104,0.140494983113552,0.270392821598984,FALSE
"SOX5",-0.0746343625812769,0.130651155447387,-0.13877285967877,0.181088075557796,FALSE
"TRAM2",-0.351670080947347,0.13077406315535,-0.2881449405599,0.197483286116759,FALSE
"ZNF564",0.318020338658822,0.130868305544388,0.288621937924427,0.133945657241957,FALSE
"MAP3K4",0.163380723670194,0.131003129738812,0.176490603782506,0.183014197317804,FALSE
"P4HTM",0.374346555749785,0.131295719797311,0.39489680976042,0.122662792731029,FALSE
"CD302",-0.12788948150441,0.132124698773629,-0.122888413508764,0.254978778118321,FALSE
"FAM133B",-0.151840919160787,0.132124698773629,-0.0924928247857799,0.479739882066027,FALSE
"FAS",0.248703880991552,0.132124698773629,0.389079846983944,0.044703103974568,FALSE
"NOP14",-0.347230463342823,0.132300591556222,-0.274477796271434,0.296429940372149,FALSE
"CWC27",0.147157571099612,0.132588490179319,0.178166689078186,0.179704324442252,FALSE
"UBTD2",0.15739182876855,0.132588490179319,0.169858708720089,0.193378398472116,FALSE
"ARHGAP18",0.486542643642162,0.132588490179319,0.314564422962478,0.0609106485064116,FALSE
"POGLUT3",0.396512125951499,0.132588490179319,0.367486032275829,0.0940202522700965,FALSE
"ZNF611",-0.155553337916804,0.132588490179319,-0.173810080048103,0.139491356649632,FALSE
"MIS18BP1",0.298088134111162,0.132802624608667,0.233225020842634,0.097243788103015,FALSE
"ZNF766",-0.253306455152456,0.132880193413139,-0.180845095347596,0.372754818516834,FALSE
"PI4KA",-0.104970372807242,0.132952748857808,-0.105244969821137,0.248281883268064,FALSE
"NPAT",-0.222359712112378,0.133104839969113,-0.249570598676907,0.0880271111118991,FALSE
"PMS1",0.266286042902498,0.133152774028774,0.176177974966186,0.274035828136635,FALSE
"PRRC2A",-0.193542759883297,0.133155373214817,-0.172678095188616,0.279639413700195,FALSE
"GRB10",-0.311580309434345,0.133173057105716,-0.306902691679402,0.0242740221611243,FALSE
"HEATR1",-0.244252833648972,0.133255648162795,-0.163161323480454,0.377678823904518,FALSE
"DZIP1L",0.34546166598012,0.133255648162795,0.41159454841729,0.106954012518762,FALSE
"ZFAT",-0.270019153805405,0.133255648162795,-0.212153583489693,0.27799368710522,FALSE
"ZNF506",-0.153516389107931,0.133255648162795,-0.139594761755189,0.227140717490351,FALSE
"AC016590.1",0.383829985873052,0.133255648162795,0.209189190564392,0.443104385475438,FALSE
"AL122035.1",-0.29167252246806,0.133289347381273,-0.223592366066276,0.339660996403991,FALSE
"URI1",-0.150649757121306,0.133289347381273,-0.12399511320682,0.268341051127813,FALSE
"CAMK2N1",0.309048720763468,0.133348850875957,0.443297870196767,0.0447720023389393,FALSE
"USP40",0.141626340213614,0.133348850875957,0.115188877505698,0.300803490013644,FALSE
"HSPD1",-0.296742033525833,0.13360032471899,-0.260620389076097,0.132910209742832,FALSE
"MICU3",0.112987756861298,0.133750967436144,0.154843496036158,0.0763401629077016,FALSE
"TSPAN31",-0.15742757199803,0.133795594456893,-0.0862217936443385,0.520927557859981,FALSE
"FGFR1OP",0.249602628639516,0.133828668250116,0.208497000479952,0.222050699691975,FALSE
"NFU1",0.224718823352999,0.13384320022133,0.199990487589557,0.216149422129342,FALSE
"WDR48",0.220867143300309,0.13384320022133,0.269081362164055,0.0944291592795634,FALSE
"AC093019.2",-0.281093054385603,0.134042652001672,-0.268160953264556,0.188835704116189,FALSE
"RASA3",0.446751677003121,0.134042652001672,0.0628935779242954,0.848746821799145,FALSE
"SYNGR1",0.264299404831,0.134078784266627,0.377532928469771,0.0320955419853046,FALSE
"POC1B",-0.270910722986602,0.134224390639613,-0.382416858027878,0.0712290256701013,FALSE
"SEMA6A-AS1",-0.395560408502928,0.134412674385148,-0.418611185690588,0.0220836502299161,FALSE
"GAREM1",0.13109159480296,0.13499346362952,0.127877881828743,0.268522358666306,FALSE
"GALT",0.42892343922692,0.135386838363529,0.363030306464318,0.137759047802658,FALSE
"PRXL2C",-0.46446544745479,0.135452667669438,-0.290297387883155,0.224051583879383,FALSE
"LIMD1",0.272566347463518,0.135743503142454,0.338360688511999,0.136752256414983,FALSE
"LYRM4",-0.185746815681359,0.135980404040076,-0.124513786487088,0.458800514186496,FALSE
"STAU2",0.182966891287551,0.135980404040076,0.0805353820303098,0.489174557469939,FALSE
"SGPL1",-0.213410276458002,0.135980404040076,-0.243052035812017,0.117060939185124,FALSE
"ITGB5",0.317898097827417,0.136237479094896,0.231491319767733,0.386577572787254,FALSE
"CXorf38",0.385455753382627,0.136458687932157,0.29890394382929,0.217227807863207,FALSE
"DCTN5",-0.234106478678912,0.136474588761241,-0.229989341358944,0.195927340576862,FALSE
"TIAM2",-0.124005870884602,0.136723501650419,-0.159890953615787,0.112706277896551,FALSE
"COL5A3",-0.12360622422699,0.136936972222855,-0.1617639274292,0.379689460712675,FALSE
"AGBL3",-0.211657793782666,0.136999401605389,-0.270350670847751,0.107406518137037,FALSE
"FADS1",-0.253516349096946,0.136999401605389,-0.179423883218637,0.37584638068883,FALSE
"DPF2",0.222433165365846,0.136999401605389,0.265104480723007,0.111364639664125,FALSE
"FBXO30",-0.388378021603996,0.137034102338787,-0.281316840552841,0.151545133819448,FALSE
"PIGF",-0.191969286316247,0.137395338119098,-0.230626410779156,0.144425955315359,FALSE
"COPS2",-0.23742775459448,0.137643441163915,-0.13506432522806,0.4097736334637,FALSE
"SMG7",0.136377344881734,0.137655719862315,0.202903183106498,0.0470199292590316,FALSE
"HDLBP",-0.164935629850955,0.137687242474116,-0.175229134283791,0.105197089939401,FALSE
"MKNK1",0.268426172400114,0.137903740040708,-0.0437314838432126,0.82948865276642,FALSE
"PLBD2",0.342037745050999,0.138034810161954,0.252010137331432,0.257733035969514,FALSE
"CEP128",0.20720395395405,0.138254060032266,0.237564782313777,0.186438252672917,FALSE
"IWS1",0.125440305602997,0.138301887928651,0.154757593062087,0.104371944653898,FALSE
"SNF8",-0.280521231130998,0.138403777786415,-0.218296900610789,0.226792037841481,FALSE
"SAMM50",0.380733401087151,0.138403777786415,0.359606146512102,0.10921509622046,FALSE
"ENTPD3-AS1",0.289426217276893,0.138695141463114,0.124216319864507,0.594052736817375,FALSE
"PRPF3",0.189420641870123,0.138761228907623,0.26597409627678,0.0695410129070752,FALSE
"VIPR1",0.460340516308529,0.138962869617897,0.547547092582485,0.183580597509495,FALSE
"C6orf89",0.175058376052878,0.139516971131438,0.18277003748001,0.134754696257081,FALSE
"AP3D1",-0.164525245817492,0.139516971131438,-0.141898443967415,0.276416874592149,FALSE
"UBE2E3",-0.121451117266282,0.139528512981829,-0.0828361180963483,0.446235959486856,FALSE
"ZNF586",0.142997714582028,0.139792084900488,0.195318220570599,0.0770666681550321,FALSE
"AL139317.5",-0.0939923152618553,0.139866382748296,-0.107363151752706,0.354360819284415,FALSE
"AC117834.1",0.274697436428932,0.140076452243837,0.35715543552706,0.0831041156413429,FALSE
"ACTR1A",-0.256062627049323,0.140269731101953,-0.242870958945988,0.189340302575224,FALSE
"CTNNB1",-0.152467358912246,0.140297363974958,-0.168519553721742,0.0770666681550321,FALSE
"AC010201.3",0.345662436140441,0.140553030779135,0.240977477007461,0.350052043871706,FALSE
"RNASEH2C",0.332986037481938,0.140686847364144,0.320151848024509,0.122550783699096,FALSE
"WNT2B",-0.30983256934717,0.140967313085607,-0.476413454246552,0.030422733242556,FALSE
"PITPNA",-0.161758735109827,0.140981996589021,-0.185097166868807,0.169930031710014,FALSE
"ZMYM1",0.21836148794488,0.141464586147029,0.231992685625601,0.15179689630648,FALSE
"ZNF213-AS1",0.247357060855597,0.141464586147029,0.305013454485287,0.0673553674873798,FALSE
"AC091153.2",-0.327841202852019,0.141519068229888,-0.209879197294094,0.408335413476719,FALSE
"NUDC",-0.299090083531886,0.141546090678133,-0.231584127784793,0.246733824879399,FALSE
"CEP95",0.141867877928075,0.141659781120855,0.233575449746436,0.0123114037996555,FALSE
"RMC1",-0.245535321646384,0.141712926188905,-0.200425984297853,0.326883698802616,FALSE
"AC026202.2",-0.237062116525007,0.141938460392246,-0.118083233213786,0.57755514241135,FALSE
"EIPR1",-0.31143559701059,0.142047559460895,-0.19311103868025,0.445912183110828,FALSE
"LRTOMT",-0.408306051281815,0.142048933409642,-0.334881241512117,0.263242146482212,FALSE
"TEX10",-0.209366289734451,0.142102136908754,-0.206274303107136,0.237176607652055,FALSE
"ADCY4",-0.437489367793467,0.142102136908754,-0.440065641410972,0.114808790854709,FALSE
"DCAF7",-0.144071621438144,0.142102136908754,-0.110526865818375,0.376401104220377,FALSE
"UBAP2",-0.150635797510223,0.142130869128054,-0.12269345262823,0.323043203319834,FALSE
"LMBR1L",-0.177363095424263,0.142656137905229,-0.200021186760226,0.133793348608805,FALSE
"MDN1",-0.198701797844409,0.14280067648726,-0.24854334710278,0.106707375633216,FALSE
"PEX26",-0.230829823133571,0.142834070384401,-0.235290571608729,0.194799405733704,FALSE
"NUCB1",-0.32889975840718,0.14304648975229,-0.00603291712754907,0.976907173578808,FALSE
"TUBGCP2",-0.19131423782627,0.143257507075107,-0.128241665197014,0.392005017639349,FALSE
"AC116903.2",0.425684934853703,0.143274036654655,0.478434906700925,0.126061368183786,FALSE
"CDK5RAP2",0.142265370630294,0.143278745577774,0.166397625375474,0.139491356649632,FALSE
"TTLL11",-0.197797360941047,0.143292775368947,-0.163582515910396,0.333178827715462,FALSE
"ITGA1",0.124258682339624,0.143293979473917,0.120433523502683,0.492990768629803,FALSE
"LMBR1",-0.133371859399559,0.143293979473917,-0.122990994305471,0.286937486613516,FALSE
"PGF",0.451871977443594,0.143558579304287,0.554556888256237,0.107936096209368,FALSE
"RAD51D",0.241268164476903,0.143583155536098,0.425214071341507,0.0171937657007925,FALSE
"P2RX4",0.212081799695906,0.143651418673941,0.189402677193198,0.28788195082384,FALSE
"NUP210L",-0.373723991443413,0.143704327868486,-0.444119083405382,0.12490371227934,FALSE
"ABL2",-0.144262463577525,0.143752063409881,-0.0799602641652848,0.61087763041168,FALSE
"ACSS2",0.353995694066009,0.143752063409881,0.0527942767152854,0.774861814124158,FALSE
"NNT",0.22780546368638,0.143774456859146,0.0175476914293632,0.88502748711331,FALSE
"DYNC1I1",0.205585229050798,0.143794705849112,0.141685574088519,0.426955681751085,FALSE
"SOX2-OT",0.3718571989805,0.143807022194337,0.122709718118667,0.631463523372137,FALSE
"CNIH4",-0.305626882760078,0.143842009630786,-0.30849902754587,0.149272167549287,FALSE
"TOGARAM2",0.574840583965039,0.143842009630786,0.312990984301898,0.391294431329633,FALSE
"SHISA5",-0.281669662822045,0.143842009630786,-0.33878064488544,0.0725485387079299,FALSE
"L3MBTL1",0.244663734290566,0.143976520012051,0.335412042760863,0.0601425992965321,FALSE
"ZNF589",0.354108754709136,0.144064077682611,0.429996120136013,0.117891106683513,FALSE
"AARSD1",-0.293460893707642,0.144064077682611,-0.352698331646731,0.097243788103015,FALSE
"MAP2",0.153297237871355,0.144203408023876,0.159090725820552,0.341225984537463,FALSE
"C19orf25",-0.202454792014479,0.144203408023876,-0.0621379346575986,0.765031643009589,FALSE
"CLN8",0.367538765914866,0.144225031390673,0.238980542642612,0.236916214584483,FALSE
"LGALSL-DT",-0.252544505857389,0.144632021530965,-0.248638310751915,0.235477839806122,FALSE
"NDUFB6",-0.33410287094073,0.144632021530965,-0.0532083015870951,0.810339730281732,FALSE
"RBMS2",0.112239002688846,0.144719867002141,0.170773195584131,0.0819194067119021,FALSE
"GDI1",-0.242021985111126,0.144855458608803,-0.171654159165792,0.37584638068883,FALSE
"SCCPDH",0.399762867175534,0.144933774269016,0.461204489793805,0.066480200033917,FALSE
"SLC25A32",-0.270095925973228,0.145082764876142,-0.319928403843236,0.0525673666755873,FALSE
"CAAP1",-0.232037630064956,0.145082764876142,-0.208140889528332,0.298895789434867,FALSE
"PCMTD1",0.157754666767976,0.145092069389011,0.0664259059217678,0.535458872346191,FALSE
"AL137847.2",-0.189862427916499,0.145115934096603,-0.142754146606755,0.407232115050082,FALSE
"GRSF1",-0.220759733899216,0.145150844093168,-0.20432279169317,0.161942258303871,FALSE
"EML3",-0.428504726755909,0.145150844093168,-0.400649643750326,0.202150200201502,FALSE
"TMEM266",-0.266656761561412,0.145150844093168,-0.215511968053718,0.261323885077487,FALSE
"GTPBP2",-0.245680464409501,0.145246358603888,-0.218455332151257,0.251237186329178,FALSE
"Z82217.1",-0.397475362963605,0.145251529905924,-0.241715588592686,0.463209317078875,FALSE
"BBS4",0.237231937113606,0.145576807521887,0.0510709235864943,0.811018178089428,FALSE
"VPS13A",0.288965534770315,0.145655771659278,0.0994428619057139,0.415874624194904,FALSE
"ZNF721",-0.0961182867658487,0.145666146053235,-0.123069710306188,0.0996313982320763,FALSE
"NUDCD3",-0.162351720590108,0.145791622618034,-0.149993239494123,0.261639535119605,FALSE
"GOLGA3",-0.210107558388473,0.145819203350134,-0.220254199025398,0.169240382660279,FALSE
"DDX52",-0.236689339096165,0.145819203350134,-0.165301091542824,0.299777932997198,FALSE
"TTC26",0.392582248636822,0.145916911104868,0.474068610015818,0.0976575544699512,FALSE
"AC012358.3",0.187240127496962,0.146022436011527,0.283002352328984,0.0622659146493598,FALSE
"LINC00607",0.472438578635461,0.146035330899035,0.586251143252116,0.15179689630648,FALSE
"PCCA",0.100878576946157,0.146116138458682,0.129598586843208,0.145286486406744,FALSE
"ACADM",0.353430997128655,0.146446821466154,0.286727601003653,0.0378615567192244,FALSE
"ZNF700",-0.212761232278203,0.146446821466154,-0.221920289053889,0.216861177846078,FALSE
"AC011603.2",0.199762045353085,0.146497094827011,0.312868955292219,0.0388871488029175,FALSE
"SLC4A1AP",0.24091840086004,0.146582174857135,0.279593162289952,0.115375321461232,FALSE
"RLIM",-0.419241168194635,0.146582174857135,-0.213521412489542,0.226742627994154,FALSE
"FBXO3",0.180523963009734,0.146608635969869,0.214101624522281,0.0894816177065165,FALSE
"THUMPD3",-0.307065190773228,0.147360265525344,-0.289351704689083,0.186135719773471,FALSE
"SHPRH",0.0975850215968584,0.14748788432173,0.180574482879865,0.0253778431753365,FALSE
"LMTK2",-0.154801762647481,0.147496351235149,-0.149242013290167,0.242267853325396,FALSE
"PLEKHG3",-0.202270320266546,0.147567742923272,-0.137509334779385,0.4790442584593,FALSE
"DST",0.118342725757434,0.147571573341663,0.00126338268799279,0.990527247993144,FALSE
"SLCO1C1",0.397479453837558,0.147571573341663,0.440793116699283,0.180267500189051,FALSE
"KLC1",-0.0934553019207604,0.147736749277605,-0.0887410305052053,0.343564348814428,FALSE
"ZNF431",0.288499552863927,0.147767083144736,-0.00584261312738912,0.973454265274865,FALSE
"KIF7",0.483370040708916,0.147790172159921,0.451533523023781,0.211329754945946,FALSE
"ERCC1",-0.346731301755401,0.147862739682377,-0.425462787843916,0.045343178041814,FALSE
"TSEN2",-0.243566503179687,0.147950006548441,-0.270045627790145,0.170326277340131,FALSE
"GNL1",-0.284118103724174,0.147950006548441,-0.29144603137841,0.191029437389398,FALSE
"DENND4C",0.103548390997623,0.147950006548441,0.105001750241954,0.264455249423163,FALSE
"ZADH2",0.292224491613711,0.147950006548441,0.161458748930046,0.36165459428993,FALSE
"AIDA",-0.214410696861568,0.148034881136585,-0.146472060365834,0.451267150434447,FALSE
"TMEM120B",0.2675557531261,0.148123644652604,0.13359814187108,0.583357469843282,FALSE
"OCRL",-0.31487911876334,0.148203555089648,-0.18662485950888,0.396417004793252,FALSE
"CCNC",0.140185683352983,0.148234033352089,0.251979930119815,0.0212211782594489,FALSE
"AL117336.2",0.22419791294978,0.148243320616813,0.252707272485989,0.134176665454479,FALSE
"ERF",-0.355061895509894,0.148731231267221,-0.40477352346031,0.162426081554457,FALSE
"SNAP47",0.380215645822408,0.149047685882479,0.148540581470233,0.567362433557874,FALSE
"MAPK6",-0.173477908112416,0.149047685882479,-0.130717906638503,0.42715686620535,FALSE
"KRBOX4",0.252279157287303,0.149047685882479,0.285544652618514,0.120913435434424,FALSE
"TAC4",-0.299085739018129,0.149075920155559,-0.240413736006482,0.340436074454441,FALSE
"PUDP",-0.188592892529968,0.149075920155559,-0.316819660831049,0.0239153811434256,FALSE
"PCM1",0.0918874127901935,0.149098074242496,0.0559069621732644,0.476780037619797,FALSE
"STAT5B",0.124395349707834,0.149105782105191,0.231274497956592,0.0429772479266689,FALSE
"CNIH3",0.246454287792315,0.149137883642716,0.26864142237667,0.137413835340419,FALSE
"ELP4",0.129787420278519,0.149137883642716,0.126442554868,0.391184865463024,FALSE
"RERG",0.15659898330612,0.149570481964036,0.244949859029525,0.084430483960777,FALSE
"DNAJA3",-0.271273044238071,0.149570481964036,-0.245942120206133,0.238984248829584,FALSE
"GPBP1",-0.0910944045969238,0.149576862523187,-0.0785307003434862,0.384252700317482,FALSE
"AC123768.3",0.218393614281025,0.149576862523187,0.310198370078054,0.0786523857792081,FALSE
"CTCF",-0.120050831684778,0.149576862523187,-0.0253386052809922,0.861572083697675,FALSE
"ZC3H18",-0.212042042458669,0.149576862523187,-0.150752942434447,0.357829650904284,FALSE
"SEC24A",-0.213010279496425,0.149629079726148,-0.24969732862946,0.148671631425274,FALSE
"SS18",-0.14250558770798,0.149728373510019,-0.137661728286052,0.249041865452559,FALSE
"XPO7",0.182287359227455,0.149748064579722,0.197491719820757,0.134564274868155,FALSE
"RABGAP1L",0.135466444337443,0.150633604682594,0.00105849873276245,0.992381045116515,FALSE
"AKAP8L",-0.119570446171715,0.150735549267348,-0.115789668337398,0.345750355824766,FALSE
"AC007216.4",-0.176957458315079,0.150906789113389,-0.212054169236838,0.131138626222222,FALSE
"MMUT",0.328239097644107,0.151007450926706,0.266199725705862,0.256249845891661,FALSE
"EXOC7",0.213535794929595,0.151007450926706,0.164578724818523,0.325639994404738,FALSE
"ABHD8",0.372023255470978,0.151191480340774,0.391594852575393,0.140966377424036,FALSE
"PATL1",0.209072875141017,0.151380893246101,0.221419107549684,0.165077145708205,FALSE
"PLAA",-0.216033894090314,0.151561848579514,-0.274445569901634,0.0767193123804422,FALSE
"ING3",0.238174824594568,0.15159783006637,0.181298588330332,0.327348086616855,FALSE
"MAGED2",0.338582888026031,0.151766526514341,0.139281222294805,0.582789276828082,FALSE
"AF117829.1",0.181383649135654,0.152006983473308,-0.00133132661320242,0.99473595795147,FALSE
"KPNA4",-0.134739004094726,0.152078235026952,-0.18607894477141,0.0971023534182535,FALSE
"EFR3A",-0.112797511232116,0.152281764140717,-0.114753935108306,0.250337222247422,FALSE
"ARL8B",-0.168398249237911,0.1524664330035,-0.206587648859032,0.0538762728673193,FALSE
"POU6F2",0.465849640329575,0.1524664330035,0.715043794870441,0.0682987611952496,FALSE
"KHDC4",-0.166473689081804,0.152605930911306,-0.151628359974698,0.238393840955617,FALSE
"GLB1",0.250376288913839,0.152605930911306,0.158161357375888,0.386577572787254,FALSE
"TSNARE1",0.209603803066221,0.152605930911306,0.315497435440048,0.0651345846781913,FALSE
"CTNNA1",-0.129275258170696,0.153090047852134,-0.0747924636795099,0.376329508938801,FALSE
"PLPP1",-0.196774658916754,0.153277845014623,-0.320812263492016,0.00685429352808838,FALSE
"SNHG14",0.123543552539891,0.153277845014623,0.0258333882096057,0.776719521937812,FALSE
"CWC15",-0.281818266087266,0.15339374108077,-0.250591727223383,0.26264209881584,FALSE
"GPR153",-0.477546786830806,0.153474757395688,-0.417316507900832,0.278280754957451,FALSE
"TMEM220-AS1",0.348879764492141,0.153474757395688,0.519120733109007,0.050152382530764,FALSE
"AOC3",0.33863597798261,0.153633115304522,0.285581280230169,0.314663253536547,FALSE
"ST3GAL2",0.192446513040059,0.153691536436582,0.219022721148384,0.226201334369286,FALSE
"SAE1",-0.164417149248838,0.153894854969052,-0.134389778686487,0.308130838018484,FALSE
"ALKBH1",-0.212625012422386,0.154394364896109,-0.148684524228942,0.36420081646188,FALSE
"IKBKB",-0.184995156486585,0.154668739845911,-0.189769115312563,0.186835483879111,FALSE
"MAP4K5",0.124952937486022,0.154764524497062,0.110747218315032,0.34058781982128,FALSE
"NPC1",-0.171943790073244,0.15480305302665,-0.103520910828856,0.512200648844974,FALSE
"TEX14",-0.332736763601509,0.15520504332168,-0.283494226919492,0.322376700039989,FALSE
"RLF",-0.139757394671568,0.155327028963194,-0.138790196989779,0.279211463020578,FALSE
"ATP6V1H",0.192811862435457,0.155547415757468,0.0197466359387023,0.910703713594951,FALSE
"PARP11",-0.165208200693765,0.155847550129335,-0.0719296290117673,0.638740097719472,FALSE
"RFX2",0.324380525610662,0.155847550129335,0.291096376115048,0.171158359869619,FALSE
"TMEM189",-0.314463597122472,0.155847550129335,-0.209740048918199,0.468430834727187,FALSE
"AIMP1",-0.276587669928055,0.155866418966876,-0.00883948108311353,0.973523736736496,FALSE
"VAC14",-0.20941926324955,0.155866418966876,-0.098331144222409,0.616079264071999,FALSE
"PIK3CA",-0.12708349953705,0.155873420960593,-0.139548102746578,0.228383419869099,FALSE
"FBXO25",-0.177335344251041,0.156221722708583,-0.189311620738248,0.16075111736781,FALSE
"SUGT1",0.233828094089866,0.156221722708583,0.138373656686336,0.345750355824766,FALSE
"LINC01266",-0.545032733889619,0.156404182930339,-0.402938005692274,0.4819666820831,FALSE
"GRAMD4",-0.249494140868437,0.156404182930339,-0.135304539723185,0.555761947896469,FALSE
"IFT52",-0.24431380486603,0.156635498392414,-0.146684827671962,0.493511899974125,FALSE
"THRA",0.307912886482074,0.156729113050929,0.242484875171191,0.263023761822221,FALSE
"SLC25A13",-0.135022950394978,0.156905491556006,-0.0725127737889423,0.597561007616825,FALSE
"NSMCE2",-0.0861013531558731,0.15713823425354,-0.0379363039741973,0.724209334151783,FALSE
"SCAI",0.245159149748568,0.157566173925704,0.272078920897752,0.175426204083823,FALSE
"FRS2",0.124722814465282,0.157613876963042,0.115754678169972,0.332167993921019,FALSE
"ANKRD23",0.164181090247947,0.157680800132875,0.180967429713625,0.20165975450058,FALSE
"AC112722.1",-0.331822731176123,0.157820945230569,-0.256640764986068,0.376764440216125,FALSE
"TPR",-0.115897918348398,0.157877578515223,-0.103713800747252,0.30691775837866,FALSE
"LINC00842",-0.696821645966499,0.157877578515223,-0.71443170482602,0.206641624347548,FALSE
"ZBTB37",0.199231993289193,0.157921693011596,0.177422361798532,0.267106152080751,FALSE
"ARMH3",-0.121304730773826,0.158039366971346,-0.123448347208497,0.228198744816744,FALSE
"TMEM108",0.395043767064172,0.158047154964677,-0.0170906890431442,0.96228405017098,FALSE
"DYNC1LI2",-0.153151031456727,0.158167622542614,-0.130292215203445,0.344837374930843,FALSE
"UTRN",-0.0668044898344231,0.158379468164678,-0.0933533879834095,0.198145031793902,FALSE
"CCT7",-0.41306150074212,0.158400933822328,-0.0880187431470988,0.78456328873778,FALSE
"AL022097.1",-0.327134981707242,0.158400933822328,-0.307589938103042,0.25771614535767,FALSE
"PDZD8",-0.205841713593468,0.158400933822328,-0.255294740601008,0.0722591869815865,FALSE
"MINK1",0.178299019074646,0.158507850254538,0.167735712799251,0.234437447375783,FALSE
"AMMECR1L",-0.207770625580897,0.158825166786843,-0.108942269124693,0.565034675948707,FALSE
"ITPR2",0.21117964057678,0.158890210248108,0.0249329717559759,0.83736238918759,FALSE
"TMEM43",-0.3414268684986,0.158991759238882,-0.123469043796587,0.437092179106518,FALSE
"PCNX1",0.15522590037001,0.158991759238882,0.0440633570953875,0.645039534024632,FALSE
"AC022558.2",0.241771001968127,0.158991759238882,0.224981276750435,0.271259516858882,FALSE
"PLCG1-AS1",-0.284628598200824,0.158991759238882,-0.311223606704194,0.164163554480269,FALSE
"OSBP2",0.347021938338275,0.158997963022072,0.104168398312511,0.766917040896571,FALSE
"MTRF1L",-0.244302146857959,0.159289215421962,-0.236210196051988,0.21560165424362,FALSE
"NEDD1",0.265381962639915,0.159289215421962,0.1295935222934,0.570860630208994,FALSE
"CDON",0.276356392481873,0.15942260266049,0.3292098824012,0.200012421996106,FALSE
"CC2D1B",-0.238211452751734,0.159935320810765,-0.144809310638684,0.489174557469939,FALSE
"ZDHHC8",-0.296599325917624,0.160060344833464,-0.284422593538027,0.217896366318054,FALSE
"FMNL2",0.247301383655509,0.16025721294837,0.150022220007922,0.230592991784864,FALSE
"UBQLN1",-0.16035979525069,0.160354619974002,-0.216015364723954,0.0732068078560077,FALSE
"AC092384.1",0.425950476767634,0.160354619974002,0.459138822686919,0.224051583879383,FALSE
"ZNF276",-0.21605621053481,0.160406771240269,-0.251265392761088,0.154437532389796,FALSE
"GULP1",0.200187651353658,0.160447461608418,0.178831824580175,0.332167993921019,FALSE
"TTC21B",0.1332406731485,0.160821579411487,0.12803304158857,0.262546961472618,FALSE
"RTN4",-0.171779146782595,0.161289028973555,-0.242917208027892,0.0219033969047503,FALSE
"DDX27",-0.310892174678121,0.161289028973555,-0.269926921549483,0.324468288331817,FALSE
"HCG25",0.380239026199652,0.161437484752479,0.522886915843374,0.0509300277656301,FALSE
"TNFAIP1",-0.26640790928774,0.16150668226962,-0.194785604404224,0.377004078641571,FALSE
"AC244517.11",0.280514732223757,0.161539701383375,0.29882179492311,0.195891849835817,FALSE
"DCAF13",-0.355806919194259,0.161900673476865,-0.4853668484733,0.0656611756102927,FALSE
"COX15",0.259282439560387,0.161936144391169,0.336041787653319,0.0500433497342587,FALSE
"AC011092.3",-0.290205645679647,0.16227982001995,-0.22840405889963,0.37584638068883,FALSE
"MAP3K12",-0.207091362580201,0.16227982001995,-0.192526828713954,0.22697109357829,FALSE
"LMO4",0.226051020547631,0.162403734935625,0.154983571521383,0.382794538387184,FALSE
"IRF9",0.347299594847331,0.16242463724997,0.269029389021318,0.321559230191643,FALSE
"DGCR2",-0.145472487102956,0.162466614363286,-0.114824095785152,0.368023141183383,FALSE
"U2AF2",-0.291464926861595,0.162671804794239,-0.404212026994301,0.0634452268636685,FALSE
"TRAF2",-0.386142404690572,0.16272971255064,-0.336717382612519,0.314663253536547,FALSE
"NSUN7",-0.358241318187232,0.162822435042304,-0.344098738450777,0.246763567347272,FALSE
"ARGLU1",0.109115991658447,0.162830387376734,0.132083450395869,0.169710651140671,FALSE
"LINC02250",-0.358798271118201,0.162832071858085,-0.482695797876736,0.117961021770312,FALSE
"H3F3B",-0.445846253809819,0.162970625024284,-0.116680457144377,0.328145336548077,FALSE
"PML",-0.219348849481211,0.162993276891827,-0.294152914053619,0.128516445300364,FALSE
"CDC123",-0.202745259440461,0.163252681808279,-0.176123082256946,0.280170098137733,FALSE
"PIGZ",0.306463435713383,0.163529674759335,0.249585759923318,0.323480675088675,FALSE
"PAXBP1",-0.12314546314514,0.163639289622854,-0.116897729436319,0.243128187503927,FALSE
"COX11",0.280576159980469,0.163899124244072,0.0955600189651422,0.676402680185844,FALSE
"MYCBP2",0.118978272562211,0.164126801809021,0.0949736121455714,0.273143992258672,FALSE
"TEP1",-0.198084544825218,0.164737356236044,-0.142909220553929,0.425099787278753,FALSE
"AL589935.1",0.219150404864667,0.164798986847179,0.354005819017579,0.0462988172278645,FALSE
"NUP54",-0.160992765343631,0.164872379814557,-0.141286649840039,0.300152957609999,FALSE
"AC109927.1",-0.239225355525781,0.164965617231696,-0.222501619856748,0.300803490013644,FALSE
"DHPS",-0.364276048725338,0.165161977717442,-0.314408095050393,0.285105281570737,FALSE
"ITGB1",0.0840881353652837,0.165401567217532,0.070618753498856,0.371921346661529,FALSE
"AC104806.2",0.265483640436277,0.165463706326285,0.276830532303875,0.106381280441043,FALSE
"KLHL5",0.124714106465867,0.165501304826309,0.170702926439991,0.087232078712222,FALSE
"AC025043.1",-0.300865965835719,0.165800714758117,-0.149976154190847,0.591811460021917,FALSE
"LARS2",-0.183068908098907,0.165827168063477,-0.222245894592919,0.0962185930484163,FALSE
"TMEM87A",-0.12266813473697,0.165856338367498,-0.0911091828562046,0.463948996412691,FALSE
"AC073167.1",0.178566211353611,0.166188132823783,0.205884987251161,0.176372939235508,FALSE
"SLC16A1-AS1",0.21311812275567,0.166382778615099,0.0455211852417544,0.792419072858471,FALSE
"SUPT20H",0.171316383441296,0.166386397281825,0.161644106400222,0.275032858881366,FALSE
"IQCB1",-0.171171212306029,0.167085543688016,-0.0951814309334891,0.552699476783768,FALSE
"ARMC2",0.156283091876585,0.167085543688016,0.135694187371577,0.35447403601386,FALSE
"ASH2L",0.198859288535924,0.167253244995584,0.225473383358338,0.202749796592919,FALSE
"FANCL",0.278970669370447,0.167785127657835,0.129524872893386,0.492532252616807,FALSE
"RNF169",0.153113553663295,0.16795631057409,0.264732695859497,0.0284165477577296,FALSE
"RFLNA",0.290490302015209,0.16795631057409,0.418845433585045,0.106702074844357,FALSE
"LINC00667",0.279796534643365,0.16795631057409,0.253982768972142,0.167259422195057,FALSE
"NT5DC2",-0.292644713834446,0.168501103378815,-0.386698404900263,0.0866486055170001,FALSE
"TMOD3",0.139083670856494,0.168568902378087,0.0612209439481199,0.680943959010722,FALSE
"HLX-AS1",-0.3819112177028,0.168923967682477,-0.339181191158121,0.280170098137733,FALSE
"HSPA4L",0.32203082855289,0.168923967682477,0.311232340437256,0.24515662314396,FALSE
"ZEB1",0.0636632956379625,0.168923967682477,0.146330541087964,0.0972861349489264,FALSE
"INPP5B",-0.115801703037774,0.169187013214995,-0.059284757203456,0.635465444536552,FALSE
"AC019130.1",-0.357050362578406,0.169272757384165,-0.363304214816329,0.250884567425135,FALSE
"KIF27",0.257804612300397,0.169272757384165,0.120473572603151,0.547074644187405,FALSE
"ETS2",0.328867934276072,0.169272757384165,0.0914324720420092,0.655771747909679,FALSE
"LSM14A",-0.086684529198307,0.169368958976016,-0.130647316396047,0.112671408503774,FALSE
"CMAS",-0.248962111110449,0.169387117096573,-0.214506086110076,0.308763541585229,FALSE
"TBCD",0.164585344745485,0.169486393969539,0.118307086886606,0.437704434950702,FALSE
"RNF216",0.107680324532436,0.169619509437337,0.158598461479065,0.105197089939401,FALSE
"AC005920.2",-0.203254431934692,0.169704937821027,-0.129883793631815,0.459839314697283,FALSE
"VRK2",0.159165902948763,0.169853807972018,0.0167982455712356,0.913641880151944,FALSE
"PKD1L3",-0.359345819796949,0.169853807972018,-0.322929268039962,0.260978790540971,FALSE
"TRMT11",-0.125304579693496,0.169888328319169,-0.0826035990231757,0.535458872346191,FALSE
"SGO1-AS1",0.270008504809278,0.170052702495026,0.183570903304145,0.569775742492947,FALSE
"AC007780.1",-0.264723113020338,0.170052702495026,-0.26790142580867,0.23159439096062,FALSE
"SESTD1",-0.310242882887807,0.171061027428997,-0.0530031970405283,0.718000345664162,FALSE
"ITPRIPL2",0.197066557092665,0.171346318655964,0.290979999877101,0.052116374880654,FALSE
"WAC-AS1",0.32095527176723,0.171593104377068,0.082189318309808,0.766891824733784,FALSE
"PNKD",0.249495990972517,0.171618504111745,0.235773870384764,0.224051583879383,FALSE
"GNAI1",0.182088244299784,0.171618504111745,0.232103230146901,0.165433492627653,FALSE
"BRCC3",-0.191349980331937,0.17168390636519,-0.150097237727039,0.379689460712675,FALSE
"PIGU",0.211052118929182,0.171901535262623,0.281850018812749,0.107161264637015,FALSE
"PLXNA2",0.421786504648883,0.171974745016059,0.0603995080507868,0.784996888042453,FALSE
"RNF41",-0.271196506207258,0.171974745016059,-0.238806307139184,0.258426218973617,FALSE
"CGAS",0.390655428012417,0.172291097680375,0.414987378089672,0.165087522761758,FALSE
"DCAF12",0.275237411080174,0.172329225701217,0.160949879008464,0.432415726795527,FALSE
"ADD3",0.153925749356696,0.172424767138483,0.115530640196367,0.38604806895449,FALSE
"KLHL22",0.161299015040336,0.172609248074735,0.191711076159832,0.193540725548465,FALSE
"KDM6A",-0.102638877292909,0.172609248074735,-0.167086616876305,0.0205963531781115,FALSE
"TRIO",-0.0786763515787283,0.172744391294931,-0.098721033375605,0.246505604335974,FALSE
"PDAP1",-0.243038431910098,0.172744391294931,-0.0704218842352848,0.734297829295702,FALSE
"CCDC9",-0.291208446428656,0.172744391294931,-0.346735864028232,0.107621769472381,FALSE
"CASK",0.110535221759686,0.173234919108995,0.154460523486778,0.0808421511790363,FALSE
"PSMC4",-0.25355386267375,0.173591643671585,-0.236030594528547,0.283528118600049,FALSE
"POLR3C",-0.213968817192829,0.173618490205406,-0.171687770473818,0.397078285797976,FALSE
"HELQ",-0.1940053344957,0.173683803076856,-0.170994735965768,0.324784566054598,FALSE
"N4BP1",0.15647220385106,0.173834340690227,0.166882932557812,0.171042324456765,FALSE
"RIOK2",0.310154785138794,0.174468358656617,0.300883680950914,0.173107070441917,FALSE
"STON1-GTF2A1L",-0.401023049360671,0.174634566710726,-0.377292474168696,0.243708957177624,FALSE
"CLPX",-0.193311976001799,0.174797040182431,-0.150224945951634,0.34108961290001,FALSE
"PTBP3",0.198769526799263,0.175182819533724,0.114859278190176,0.308763541585229,FALSE
"GAPVD1",-0.116549156534749,0.175182819533724,-0.177398924849255,0.0778065347727419,FALSE
"KCNB1",0.448687793420796,0.175216384059123,0.497173446414408,0.199635439637555,FALSE
"PCCB",0.296449611459587,0.175436854216577,0.171826030696781,0.46959362067457,FALSE
"LINC01099",0.357680252729164,0.175500881370059,0.674457880165239,0.0465700150275649,FALSE
"AC004160.1",0.329382257424037,0.175608944341669,0.304629649890277,0.177898048599192,FALSE
"TTLL7",0.273751176777153,0.17576173373724,0.350580061597286,0.161460345968983,FALSE
"MAP2K5",0.0961401601723971,0.17576173373724,0.138287348552667,0.168975002531689,FALSE
"Z94721.1",0.325545810149396,0.175795710752108,0.359884086149801,0.188077188859262,FALSE
"C12orf76",0.299644621050657,0.175981774941067,0.309261687098012,0.197674257903734,FALSE
"OSBPL9",0.131005402067516,0.17613155669933,0.0529707774332276,0.650407157805639,FALSE
"ALS2",0.215348505092625,0.176179145968962,0.00911616642266282,0.959889092684352,FALSE
"ERH",-0.441841755517215,0.176179145968962,-0.33527685167224,0.178103413272693,FALSE
"ATRX",0.0823312725954708,0.176371226518412,0.0551550324461437,0.502806608902133,FALSE
"GNB5",0.332857266925989,0.176481511437051,0.347603820438082,0.183687050577372,FALSE
"ACO2",-0.197566018556911,0.176742370793697,-0.215248276204902,0.0486648901841385,FALSE
"SIAH1",-0.189977912422088,0.176743109011902,-0.174234871504187,0.247894322985916,FALSE
"DHRS12",0.346059772674076,0.177418026021385,0.442317977634533,0.112413590804459,FALSE
"ANP32B",-0.194797792280515,0.177590707268142,-0.186669568579084,0.220666443206657,FALSE
"ZNF66",0.426003394086753,0.177866026447369,0.421329280477169,0.156378619230983,FALSE
"LTV1",-0.29645177068031,0.177956456105146,-0.277367036201124,0.238815077938787,FALSE
"TBX18",0.2521760409831,0.177966492759127,0.273730623121183,0.219920270968867,FALSE
"ABHD2",-0.164295976597105,0.178337259087523,-0.224746846590276,0.0474055432886883,FALSE
"FKBP10",-0.308126896072846,0.178347178961891,-0.278737182218135,0.300054899019759,FALSE
"NDUFA6-DT",-0.336258521504711,0.178552613305409,-0.309179519594749,0.253450894080475,FALSE
"WDSUB1",0.233452033914582,0.178859300150564,0.205579907358735,0.302300437929462,FALSE
"PGK1",-0.403090508678088,0.178859300150564,0.0206209110419814,0.92633051030369,FALSE
"GUSB",-0.220219232803872,0.179002412685265,-0.215290420922393,0.252857466514952,FALSE
"KMT5A",0.319466183776801,0.179240494954322,0.197749716833963,0.433305652369856,FALSE
"STT3B",0.184889327772269,0.179401861111061,0.0350687842242448,0.76926182736437,FALSE
"ANKRD50",0.215559980828459,0.179401861111061,0.144092088020501,0.45912336624488,FALSE
"MEIS3",-0.24029192043293,0.179401861111061,-0.159881386183584,0.461877144959583,FALSE
"TP53",-0.243655199949988,0.179761416394023,-0.187001111537869,0.36420081646188,FALSE
"HMGXB4",0.22267806081681,0.179783671377316,0.211135204262811,0.232581276642658,FALSE
"AL360178.1",-0.268056998579807,0.17979395899403,-0.272523271923806,0.31147458479564,FALSE
"EMC1",-0.304076422463841,0.180267688078867,-0.257663027506829,0.336575764902916,FALSE
"JAK1",0.0974989898054819,0.180296178905617,0.154240283178978,0.143334624551122,FALSE
"ATIC",-0.304158083491592,0.180481692942664,-0.254570942472882,0.289672573449073,FALSE
"RIPOR3",-0.127265293975351,0.180481692942664,-0.209173675801322,0.234834671611062,FALSE
"HIF1AN",0.21998876324985,0.180567981511057,0.219281812568306,0.260978790540971,FALSE
"SLC25A16",-0.185139789340205,0.180593438490312,-0.192676737684518,0.171138999427887,FALSE
"SGF29",-0.256038353384242,0.180767555758573,-0.217407857480309,0.33239239107976,FALSE
"ACOT9",-0.168241688222435,0.180767555758573,-0.141183283586161,0.318040200870768,FALSE
"LARP1B",-0.171791577589136,0.180816974831342,-0.262055951250418,0.0535218786104647,FALSE
"AC026894.1",0.226185511627059,0.180820517156616,0.398582761146179,0.0293569573022472,FALSE
"NECTIN1",0.339290434184235,0.180885373593046,0.508441061622177,0.0791771561922154,FALSE
"SH3PXD2A",-0.13406495815274,0.18095056882339,-0.137004211203255,0.34992130879904,FALSE
"ZSCAN30",0.212809011616092,0.18095056882339,0.067699274337089,0.719956453612898,FALSE
"SIRT7",-0.338555819006688,0.180951891137493,-0.314952961155425,0.207974609561832,FALSE
"ZBTB46-AS1",0.225397918791862,0.180967800966735,0.312319792189887,0.120112845795477,FALSE
"VASH1",0.288843867139528,0.181208984382182,0.339063209866631,0.183014197317804,FALSE
"HOOK2",0.250679494619269,0.181208984382182,0.0142660409465226,0.933328028598896,FALSE
"COPS3",-0.235005487033615,0.18141972834097,-0.198023232760271,0.34058781982128,FALSE
"GPR176",0.230851654235535,0.181601392148213,0.303990561675773,0.165546431192238,FALSE
"GCLM",-0.282707453256194,0.181954104537428,-0.228846062944529,0.382441852023787,FALSE
"PDE5A",0.100169935012465,0.181954104537428,0.0664618640216791,0.681039475181692,FALSE
"DIS3",-0.184591668291416,0.182116060049699,-0.170307157997065,0.222572088925067,FALSE
"AC079328.2",-0.392220451892581,0.182116060049699,-0.152423423135637,0.687597466767103,FALSE
"RIOK3",-0.1576576198459,0.182116060049699,-0.203228227173323,0.0895838949895577,FALSE
"ANKUB1",-0.115675086601087,0.182131780786206,-0.195966231915609,0.135254394697163,FALSE
"SUMO2",-0.259421891606752,0.182131780786206,-0.262297689968534,0.236381138795529,FALSE
"WDR92",0.195278083506386,0.182253045335969,0.159468006110102,0.295090576838953,FALSE
"TAF1",-0.108224208738141,0.182293523113165,-0.0350315312797254,0.785968933181901,FALSE
"ZCWPW2",0.169296916122675,0.182381154719434,0.171618945601773,0.245347424473305,FALSE
"MFSD14B",-0.193398482154335,0.182381154719434,-0.196467886939033,0.237324181015592,FALSE
"NUMB",0.0808659962552133,0.182381154719434,0.0516401139507354,0.574644608068624,FALSE
"ZNF420",0.217518917156464,0.182381154719434,0.121294172747358,0.500019703444339,FALSE
"MUS81",-0.201761050469145,0.18247258796291,-0.212705758648082,0.234174689865454,FALSE
"PARP4",0.278810346262302,0.18247258796291,0.0378235330910282,0.837681647365253,FALSE
"RFXAP",0.303046767568557,0.182577035192079,0.252602518869641,0.245162290228089,FALSE
"SLC35D2",0.260133103949732,0.182674546442361,0.303739391272311,0.121956896163478,FALSE
"AC006115.2",0.241127379751084,0.182720181773326,0.218155954675125,0.375667828072763,FALSE
"ATP1A1-AS1",0.368364412779829,0.182862645799735,0.365310106791296,0.216595284153611,FALSE
"RMDN2",0.279086655845599,0.183120016970955,0.1650507220518,0.425544672720819,FALSE
"AC016722.2",-0.435856603495412,0.183126736571468,-0.371632461393921,0.318143579464301,FALSE
"PMF1",0.166268226792651,0.183127658786853,0.166584345002543,0.265452598334057,FALSE
"TDG",-0.17614386185581,0.183248338715425,-0.215710927507526,0.119076500743559,FALSE
"TFG",-0.188275740190431,0.183321131192637,-0.184450693815094,0.153645580482584,FALSE
"DCAKD",0.184062128917292,0.183321131192637,0.257747657229935,0.0954609790184971,FALSE
"MITD1",0.220884074391524,0.183502133714312,0.234964324705129,0.195402066209905,FALSE
"PPP2CA",-0.131342935116834,0.183502133714312,-0.160528819624604,0.18972732742926,FALSE
"HACD3",0.195722701266237,0.183671451609602,0.270142831799823,0.106264681920714,FALSE
"CNOT4",-0.0926688221971284,0.183753643857325,-0.0561466414579327,0.584836005024418,FALSE
"MR1",-0.324091807889952,0.183865293758525,-0.354184859211792,0.226063632998079,FALSE
"PHF7",0.350069659103538,0.183865293758525,0.399346593279763,0.156442559161423,FALSE
"GLI3",-0.173751699664919,0.184593861012069,-0.163036197286336,0.277871820288102,FALSE
"KHSRP",-0.278251811034979,0.18462629390059,-0.315477387986778,0.152219610560527,FALSE
"COL4A4",-0.327193634751678,0.184689206879013,-0.137405715050404,0.578410699231741,FALSE
"ACKR4",-0.310079977662249,0.184992258583788,-0.285352642255187,0.274105704507418,FALSE
"BAG4",0.459277287446759,0.185058572662396,0.0663872555282124,0.835243416989406,FALSE
"PRKAG1",-0.156331089536477,0.185058572662396,-0.137475658760581,0.360577848366822,FALSE
"ERCC4",-0.343023872270276,0.185058572662396,-0.347915687444039,0.20702302146633,FALSE
"HDHD5",-0.225914220684283,0.185058572662396,-0.138681435085841,0.518404241045173,FALSE
"JADE3",-0.215675321924323,0.185058572662396,-0.207098720733211,0.33649990597105,FALSE
"RBM3",-0.249769446530227,0.185058572662396,-0.178738476870406,0.36863565969088,FALSE
"PPM1F",-0.213706239847365,0.185116088894058,-0.182810135302384,0.325497641958789,FALSE
"IATPR",0.42268915263497,0.185185606841164,0.455267781463459,0.207657961710629,FALSE
"ZDHHC20",0.187192149408157,0.185505432198273,0.0585599617781618,0.685964754058563,FALSE
"YPEL1",0.238228138063598,0.185537245970767,0.245101598339051,0.258105181345984,FALSE
"TRA2B",-0.144655582487749,0.185707328606803,-0.15438584979479,0.263242146482212,FALSE
"ENC1",-0.272106199284873,0.18571734753696,-0.39464155681748,0.118049070014201,FALSE
"GCLC",-0.315197527228973,0.186007701587673,-0.30903101028888,0.0647881321638088,FALSE
"ANGEL1",0.256004719789477,0.186007701587673,0.337351331725373,0.120112845795477,FALSE
"AC018797.3",-0.303067065809739,0.186102792474991,-0.337111662974467,0.17216513757846,FALSE
"AC092944.1",0.271207034599453,0.186241989045111,0.233941797460344,0.407899699471911,FALSE
"ARIH1",-0.0945722445910614,0.186394242730669,-0.146684187075462,0.0979971067794144,FALSE
"NGDN",-0.29275352640467,0.186603930461924,-0.230647514627704,0.36420081646188,FALSE
"CCDC84",-0.125771346571261,0.186702979442616,-0.164133725562492,0.156785380008472,FALSE
"HES4",0.243292548702734,0.187083125871162,0.339517729060421,0.137212167033297,FALSE
"INPP5F",0.233101979957026,0.187373610552912,0.2108827435681,0.267081343255811,FALSE
"ZFP82",0.262040036582708,0.187556544923832,0.419715919628302,0.0511812790649557,FALSE
"UBE2W",-0.12525630227615,0.188139485946138,-0.109362860199259,0.282350733462167,FALSE
"TCOF1",-0.290740012081678,0.188153050550859,-0.221162826445142,0.354493146529591,FALSE
"GSR",-0.456544768169413,0.188225871893433,-0.310539033386608,0.188779841609067,FALSE
"RAPGEF5",-0.132050564968296,0.188619842419232,-0.146531132370944,0.351628705857164,FALSE
"MYCBP",0.318006154591034,0.188656724419409,0.446306200991624,0.0391906217835127,FALSE
"AC026470.2",-0.266829650626213,0.188656724419409,-0.209614401712974,0.397078285797976,FALSE
"DCBLD1",0.11786769558319,0.188657282391237,0.2486248499658,0.101572119317706,FALSE
"AC006460.1",0.21555682909743,0.188762411308759,0.259646697482318,0.171138999427887,FALSE
"ANKDD1A",-0.272181170549101,0.189003754136347,-0.256431676392199,0.243182576925572,FALSE
"CENPV",-0.319078625261896,0.189062825492655,-0.24752783341499,0.363900158380301,FALSE
"RNF115",-0.11603389217014,0.189091896177325,-0.143013466188387,0.149758298868924,FALSE
"ECSIT",-0.196903925781218,0.189162185125119,-0.212795214558358,0.202720242645618,FALSE
"SF3B2",-0.193344934225037,0.189449517005446,-0.158307794487829,0.308130838018484,FALSE
"MSRA",-0.137615026764472,0.1896112369588,-0.13559226027348,0.315326141309376,FALSE
"AC073569.2",0.247126219975519,0.189885752899456,0.332119890035757,0.0997343527597192,FALSE
"MTFR1",0.210398199370982,0.190003396894985,-0.0123839693743907,0.940446366290721,FALSE
"COLQ",0.335074637140759,0.190465452240552,0.00402790214698024,0.989580468570263,FALSE
"CYB5D2",0.206405925091248,0.190465452240552,0.241455708879488,0.169269519235761,FALSE
"AC092902.4",0.303012182993822,0.190510244751296,0.397348088574296,0.131538200830769,FALSE
"ITGA11",-0.484004764416247,0.190547351567327,-0.376182411998367,0.205417094368469,FALSE
"DOCK4",0.512636249462488,0.190551038541283,0.140294426332387,0.3347449018505,FALSE
"PBX3",0.110929731947035,0.190551038541283,0.100463081952373,0.295274401615702,FALSE
"RBPMS2",0.146565494819416,0.190598368158137,0.242598965109958,0.0498957706101783,FALSE
"CPNE1",-0.150079670742744,0.190598368158137,-0.110278689017156,0.442166870867641,FALSE
"EIF3D",-0.268724173538848,0.190598368158137,-0.316094545898538,0.120737809978627,FALSE
"NSL1",0.17582027271815,0.190949956614096,0.148212834156921,0.409005388285741,FALSE
"FSD1L",0.198137163764384,0.190949956614096,0.125787869197095,0.507236461406021,FALSE
"ZNF670",-0.358026540188957,0.19114889144853,-0.34788410045226,0.235526436008037,FALSE
"AC119868.2",0.270451303351738,0.191496476917852,0.218981393963693,0.466703254010284,FALSE
"FBXO17",0.219148368856581,0.191530208445462,0.305581136412508,0.124672674638207,FALSE
"MOB2",0.242623298858595,0.192170248724986,0.143831649450704,0.545345147590708,FALSE
"EIF3J",-0.203657715240229,0.192170248724986,-0.168595719496353,0.373715130651077,FALSE
"MAP2K4",-0.127682367143253,0.192235386228431,-0.112764866097212,0.308472494211969,FALSE
"AC007679.1",-0.253332648902739,0.192723203186837,-0.107427209133571,0.660057807961013,FALSE
"CTDSP2",0.209309865041135,0.192863633861259,0.254809407095836,0.137413835340419,FALSE
"AC106845.1",-0.073895330696274,0.192892146819563,-0.0140578150054078,0.90445243559972,FALSE
"NUP188",-0.230606789007728,0.193060503073784,-0.171154314998253,0.4283193976553,FALSE
"ZNF891",0.305893064646959,0.19311569314834,0.494827212707791,0.0607497778358277,FALSE
"FUT10",0.230931538602291,0.193489298821954,0.240350951088094,0.203284912002007,FALSE
"ZNF606",0.276545520454014,0.193489298821954,0.392147085039085,0.0830560307949789,FALSE
"PCF11",-0.143770705598033,0.193630977335947,-0.132692152550959,0.349891559471234,FALSE
"EMC8",-0.316782852350389,0.193630977335947,-0.309976588991194,0.258072247077854,FALSE
"CKMT2-AS1",0.2196526790216,0.19367860643382,0.0805986007351262,0.660577094926884,FALSE
"TLK1",0.168295998430103,0.193780630755801,-0.019200740116562,0.893768498261588,FALSE
"CAMK1",-0.188480431674011,0.193780630755801,-0.11092644472577,0.563050375439209,FALSE
"PAM16",-0.220281945641815,0.193780630755801,-0.131765989490933,0.543832046839954,FALSE
"SLC12A9",0.304154289311835,0.193941619519959,0.165362293415948,0.500955261343491,FALSE
"ALG8",-0.196304050836864,0.194029009646414,-0.187990255962267,0.27865909724534,FALSE
"C1orf43",0.163190782741724,0.194076844808332,0.21943101096469,0.0883581929225795,FALSE
"C8orf37-AS1",0.272803731110773,0.194134753982168,0.33933516064006,0.183085343068582,FALSE
"SART3",-0.196854933477716,0.194134753982168,-0.117919592742834,0.52901806612095,FALSE
"FAM98B",-0.240670140945577,0.194246759369548,-0.217824476673785,0.315523050160152,FALSE
"PI4KB",-0.172887403333093,0.194567801340928,-0.0548690217951427,0.770368888681578,FALSE
"FAM228B",0.12732802079688,0.194567801340928,0.197099630171787,0.0693782098313759,FALSE
"QSOX2",-0.303615886126042,0.194771812601059,-0.171678122274806,0.52901806612095,FALSE
"RAD50",-0.138812368996424,0.194888940761896,-0.0924906165548365,0.516430265616578,FALSE
"AL031768.2",0.293711356943754,0.19495267047312,0.364724534821268,0.107699528594325,FALSE
"AKR1A1",-0.35822295713094,0.195484813829756,-0.433641698830305,0.0875283982926183,FALSE
"CHCHD6",0.261377306446184,0.195484813829756,0.277188145196902,0.226201334369286,FALSE
"ZFHX3",-0.0769086296998038,0.196011706337412,-0.0459610690750722,0.76227819704038,FALSE
"TLE4",-0.119591784181946,0.196038389130473,-0.178582132809188,0.114814924593334,FALSE
"POLA1",0.141752847394618,0.196390249362543,0.0866389442132701,0.564001233935928,FALSE
"AL139147.1",0.297452173156786,0.196908355921859,0.293563219478072,0.301219041492632,FALSE
"QKI",-0.145492875380796,0.197079301535853,-0.127470443046449,0.0399134121915983,FALSE
"SRRM2",-0.0686818282546754,0.197465679891918,-0.101198424071306,0.162814930394611,FALSE
"CKLF",0.218603124006639,0.197518858641306,0.185354144114004,0.328202452236858,FALSE
"AC022146.2",0.213946864273703,0.197568856498992,0.338576779126761,0.0652624077655436,FALSE
"BACE2",0.146636016934598,0.197661555276686,0.174600251394273,0.191772470479938,FALSE
"SLC26A10",0.242936270555858,0.197990339401099,0.298601711591329,0.126284892908117,FALSE
"POLR1D",0.221554312476326,0.197990339401099,0.235976546472846,0.183058460116878,FALSE
"SNX9",0.177638754029344,0.198007005097067,0.0440289304447878,0.756902115536106,FALSE
"AC108047.1",0.255824989929114,0.198153506944328,0.45562942534842,0.0288919158027729,FALSE
"AC036108.1",0.358150708710555,0.198269132058908,0.615797922222724,0.0429772479266689,FALSE
"MTF2",-0.141451749919279,0.198324578583821,-0.125582304039553,0.34113036300455,FALSE
"ARL14EP",0.373475120491597,0.198491422452323,0.0274302870713135,0.931166657941395,FALSE
"NEMP1",0.221974874874452,0.19850452810651,0.182557690511966,0.361873521046324,FALSE
"DDX19A",-0.184770265766565,0.19850452810651,-0.169904364964928,0.30598595222614,FALSE
"COPS8",-0.435117199727455,0.198550957254598,-0.292682358749429,0.248582003974727,FALSE
"AC019205.1",0.275025306193885,0.198550957254598,0.318691794719906,0.212473146487998,FALSE
"DNAJC25",-0.308878068923978,0.198550957254598,-0.370563077494129,0.130779333544203,FALSE
"FBXL12",-0.253538514189358,0.198550957254598,-0.164784490085285,0.466843532535418,FALSE
"AC007364.1",0.187774349606529,0.198794554162041,0.281966310817688,0.171977085059767,FALSE
"PGAP2",0.314565139625486,0.198798499865932,0.148097540182173,0.666515605693637,FALSE
"IFT140",-0.162683187145825,0.198798499865932,-0.138992761433888,0.450105134265065,FALSE
"LMNA",0.234003727822279,0.199020028115053,0.0111734407794548,0.955428739865864,FALSE
"AC004797.1",-0.218819495682123,0.199068843062038,-0.126008814408818,0.606208155129299,FALSE
"SNRPA1",-0.182890400106465,0.19938791833367,-0.108630859643602,0.526193268372804,FALSE
"ATXN2L",-0.184507136167587,0.19938791833367,-0.206150654808224,0.21938617668054,FALSE
"SYDE1",-0.429028499453953,0.199602346126701,-0.381981673361132,0.29815161000206,FALSE
"BLMH",-0.229285079092025,0.199786012829973,-0.124702781969914,0.571109922645738,FALSE
"LMAN2L",0.243652332638357,0.200410466547886,0.276352285765312,0.197483286116759,FALSE
"MCM3AP",-0.12313177018382,0.200410466547886,-0.0791966840589527,0.471957217523663,FALSE
"SHPK",0.294259372415562,0.200484796171183,0.30144766742275,0.274105704507418,FALSE
"AL355612.1",-0.366718526575594,0.200540255636282,-0.581754347304259,0.12063368829851,FALSE
"AL392172.1",0.245536871612471,0.200672789846522,0.231524208857681,0.252925011428139,FALSE
"SNX1",0.128093764313486,0.200733543663022,0.0796668960516727,0.532946445615586,FALSE
"RALGAPA1",0.0738209407407014,0.200750559847008,0.0866610014276217,0.274963892028751,FALSE
"TCTA",0.318360540717302,0.200820125364238,0.406075606437271,0.114814924593334,FALSE
"BAZ1B",-0.0960727326085446,0.200889621455751,-0.0630862759918753,0.511848431786685,FALSE
"MRPL42",-0.226467352614822,0.200889621455751,-0.109813465223212,0.57709459859579,FALSE
"OVCH1-AS1",-0.633485481420794,0.202092276841155,-0.498220053607048,0.436854980392068,FALSE
"DDX24",-0.244404591756278,0.202937171254743,-0.127921830189545,0.387844026810139,FALSE
"BRD7",-0.193329558569871,0.202937171254743,-0.182904390309512,0.289672573449073,FALSE
"STAG3",-0.265120422433229,0.203387236026598,-0.270823768414158,0.294541424481111,FALSE
"CAPZA2",-0.254711118516292,0.203387236026598,-0.175862727265277,0.134711674408228,FALSE
"MAP2K3",0.288929722354059,0.203983016502507,0.210032010410601,0.374107920023934,FALSE
"IMPA2",0.148515012700248,0.20453610335454,0.206063216834581,0.222050699691975,FALSE
"AP2A2",-0.123185054215614,0.204694017176677,-0.239242393272182,0.00504995769734591,FALSE
"OTUD3",0.271545002261839,0.204777837789302,0.311855497675578,0.153645580482584,FALSE
"NIFK-AS1",0.194131077242051,0.205054431979133,0.177915938327884,0.360577848366822,FALSE
"SENP3",-0.249321434857754,0.205054431979133,-0.28281281766004,0.244067107494579,FALSE
"CRLF1",-0.508285354616911,0.205075570064145,-0.204279674946092,0.479150789694782,FALSE
"MRPS6",0.261010647962309,0.205628509935747,0.38275595390881,0.0807073168758013,FALSE
"EIF3L",-0.222419035004767,0.205628509935747,-0.159085035047228,0.466843532535418,FALSE
"APAF1",0.328425409404452,0.205826477014893,0.14938360729526,0.456266110195879,FALSE
"CBX5",-0.196352443099686,0.205969118165507,-0.12218304781627,0.349892434810332,FALSE
"SDHB",0.200716163548565,0.206339709263931,0.133115250833404,0.401754808248404,FALSE
"STRADB",0.16765508661802,0.206587200541324,0.164879370760375,0.274483911545858,FALSE
"SIMC1",0.158294354664631,0.206691465788363,0.215125677431107,0.156702241849963,FALSE
"MSANTD2",-0.147539244721725,0.206691465788363,-0.113507419470264,0.423228794338594,FALSE
"MCF2L2",0.298610470233824,0.206734273468844,0.366596793299035,0.216149422129342,FALSE
"DESI2",0.288814060126105,0.207286763510389,0.0659928203830985,0.771704770429383,FALSE
"ANKRD46",-0.194150026818355,0.207286763510389,-0.24305081404123,0.219727083024386,FALSE
"VPS26C",0.15442532189373,0.207332284301503,0.191626536161454,0.179704324442252,FALSE
"HCG17",-0.18067613196856,0.207630235071312,-0.191380200960247,0.292640001883592,FALSE
"ZNF451-AS1",-0.166960247316903,0.207630235071312,-0.102706257798046,0.524182068262898,FALSE
"DERA",0.187251041475906,0.207837007694777,0.204793290884616,0.251030778655733,FALSE
"CFAP36",-0.165304359765518,0.208154733466016,-0.167105907823988,0.249977520175543,FALSE
"OS9",-0.176667236053421,0.208712007469167,-0.236850385091908,0.149845929974052,FALSE
"ARHGDIB",0.19584734245235,0.209293551440144,0.348218904646739,0.0535428990200786,FALSE
"AC018628.2",-0.330328028718866,0.209564044425606,-0.374603073157634,0.196585208327633,FALSE
"AC139887.2",-0.0961508380294127,0.209638587108535,-0.0714202291941076,0.492990768629803,FALSE
"PDCD6",-0.145431936829446,0.20966299209296,-0.125832300935062,0.326455763356266,FALSE
"TMEM131L",0.533650252354675,0.209914782716898,0.044082953054134,0.863341334300106,FALSE
"SYAP1",0.197297555244183,0.209914782716898,0.139983807786873,0.45662360535655,FALSE
"RNF126",-0.328116461274961,0.210007100207844,-0.331349938956985,0.244525538716574,FALSE
"WWP2",0.124861373063203,0.21011935498071,0.19759721709625,0.0857596736940572,FALSE
"RYBP",-0.17461990045619,0.210236841365271,-0.228667474699322,0.14733591034667,FALSE
"BBS5",0.228951573407459,0.210249268224126,0.243296607383979,0.207112568908604,FALSE
"SVEP1",-0.299417517101,0.210421157112558,-0.0808667463523998,0.717352305036643,FALSE
"METTL15",0.149565735784551,0.210421157112558,0.0469979327351722,0.723886475569307,FALSE
"APTR",-0.184531272434778,0.210438923801564,-0.166257558732728,0.379689460712675,FALSE
"TP53BP1",0.132830070294005,0.210438923801564,0.164309462296736,0.219444960284994,FALSE
"ZCCHC24",-0.138990874855896,0.210490707714093,-0.1261586080222,0.402095646052264,FALSE
"RNF213-AS1",0.158542124262133,0.211128958377837,0.243775130555997,0.0876011262446798,FALSE
"DIPK1C",0.442313940058045,0.211128958377837,0.64937934966168,0.101891071347786,FALSE
"ZBTB44",0.13633908115481,0.211229279046331,0.145850022807153,0.249921335269478,FALSE
"GTF3C3",0.22641131327007,0.211546515433013,0.101738187023093,0.636360336193448,FALSE
"AC100800.1",0.237697906798608,0.211546515433013,0.248841419971041,0.227000205141888,FALSE
"EGLN2",-0.36098960376701,0.211546515433013,-0.191508546474103,0.511236274360247,FALSE
"EIF4E2",0.286564211865401,0.212307378762153,0.0653575304184951,0.710527772842724,FALSE
"BIN3",-0.208628723858278,0.212645761936816,-0.154322076406489,0.462556904561548,FALSE
"PPP1R3B",0.286630443292417,0.213321571664429,0.197249568647381,0.32297098191526,FALSE
"ZFC3H1",-0.0990758639216124,0.213403072383861,-0.0391067629437087,0.703651735138453,FALSE
"ADA",-0.293133107169473,0.213738156412049,-0.281845164405671,0.283368007249055,FALSE
"AC136424.2",-0.180525234768403,0.213843864280925,-0.183919164834525,0.298221244894926,FALSE
"MORF4L1",-0.152449986701591,0.213933243463192,-0.167110686030803,0.0580128322895639,FALSE
"LHCGR",-0.5807742130607,0.214563675184693,-0.76880749679831,0.162866173747994,FALSE
"APPL1",0.231545758480244,0.214875008485864,-0.0101104899855961,0.956667882516327,FALSE
"CUTC",0.263377595852752,0.214895536819734,0.156540398642888,0.543832046839954,FALSE
"SERPING1",-0.332759019614726,0.214910389573887,-0.00984845266459257,0.959889092684352,FALSE
"LURAP1L",-0.298118740761049,0.215006880787385,-0.521699553178401,0.0805808833775069,FALSE
"DRG1",-0.161434971783884,0.215188901191973,-0.148888767433812,0.34113036300455,FALSE
"EIF3E",-0.138974681949437,0.215547152926216,-0.128107048379165,0.386485164306425,FALSE
"ORMDL1",0.203171990131816,0.215561543211666,0.0809750358233261,0.64177454695276,FALSE
"ZDHHC16",-0.350099417930542,0.216497485879717,-0.292299418497073,0.336933756307573,FALSE
"AL499616.1",0.103043983215538,0.217291506660115,0.228706853887097,0.0503780903956667,FALSE
"SPDYE21P",0.2583936805244,0.217403053698917,0.335987716063038,0.146035199409287,FALSE
"NOSIP",0.213492256202998,0.217968875731211,0.260430923906916,0.191736985263477,FALSE
"CELF1",-0.0646840976002851,0.218310986838189,-0.106599923086446,0.143334624551122,FALSE
"UNKL",0.177907728289088,0.218463629262549,0.253156335393374,0.113526239759315,FALSE
"SDHC",0.180877432528515,0.21850036395636,0.0396543112258544,0.802946617517888,FALSE
"LINC02062",0.222940771525518,0.219037081161355,0.222483089406972,0.246763567347272,FALSE
"ZER1",0.113012812243814,0.219525806519743,0.179069096896463,0.0800902009787313,FALSE
"SPNS1",-0.267890636854359,0.219525806519743,-0.264799013147754,0.272975724492443,FALSE
"FTO",0.0754436194895224,0.219767203490681,0.107880853154832,0.162106908583584,FALSE
"RAP1A",-0.0964788023832965,0.219965183184027,-0.168789526915362,0.0671119704981025,FALSE
"MOSMO",-0.120011091401892,0.219965183184027,-0.0873875510655765,0.503275731378269,FALSE
"POLDIP2",-0.328904973522391,0.219965183184027,-0.26898156878518,0.217664349496252,FALSE
"CASTOR3",0.20368431916607,0.219972409153957,0.26000829574468,0.209861881759076,FALSE
"TRPM3",-0.189302506456102,0.220124471574267,-0.141391500221966,0.451829302434652,FALSE
"C12orf4",0.221842093382363,0.220124471574267,0.122305300406442,0.507236461406021,FALSE
"RCAN3",0.280236955795942,0.220625542588466,0.301117312639087,0.238393840955617,FALSE
"RANBP17",-0.25576769276132,0.220625542588466,-0.263824455380429,0.358138636955099,FALSE
"POT1",0.227116194800497,0.220625542588466,-0.0834352272711464,0.597935941325645,FALSE
"DHX35",0.304330665955655,0.220625542588466,-0.0918745303096649,0.658897162939378,FALSE
"ITM2C",0.332675019811516,0.221288613836424,0.436904163942966,0.112486032397791,FALSE
"YWHAG",-0.277240870623038,0.221289624327626,-0.209475028592512,0.0944787681757292,FALSE
"RUFY2",0.11234242728997,0.221289624327626,0.190303264977408,0.0656955800186742,FALSE
"GABPA",0.224126466656357,0.221289624327626,0.183211394325321,0.315102871216769,FALSE
"SLC16A2",0.277074737099601,0.221304979284688,0.357857105057243,0.177822973377523,FALSE
"RUSC1",0.25603585109444,0.221356736313531,0.235645497970597,0.332335626366918,FALSE
"CATSPER2",-0.240778952935765,0.221519530255862,-0.178472266204206,0.417866501421475,FALSE
"TSPAN9",0.119877459064875,0.222500292753707,0.0793378181038492,0.537266467660567,FALSE
"MMP14",-0.411806052914752,0.222500292753707,-0.135340657056457,0.635995639169487,FALSE
"ADNP",-0.088154715933434,0.222921767047177,-0.0540481396575938,0.626956458772856,FALSE
"ZNF277",-0.153478838255521,0.223189024628926,-0.153800538408624,0.351682484670711,FALSE
"SP100",0.0981382594115664,0.223197401554149,0.0487439824541816,0.669326053587441,FALSE
"FAM92A",0.20628769270116,0.223197401554149,0.308008547515535,0.0809181074985914,FALSE
"OTUD5",-0.169686973974637,0.223197401554149,-0.180415276809421,0.260694769720072,FALSE
"COX19",0.222720814153564,0.223330653682658,0.187876497241954,0.408374455304969,FALSE
"PRPF4B",-0.089888181226494,0.223354588918139,-0.165647498903659,0.0512456296140058,FALSE
"ZNF529-AS1",-0.189363306475846,0.223384412620041,-0.128936029578141,0.516538603516319,FALSE
"AKT3",0.0710977658416198,0.223402940482605,0.136128609846785,0.0949873675665341,FALSE
"LRRC8C-DT",0.180236997349776,0.223421762809967,0.270447237260488,0.0938229324663779,FALSE
"NEURL1B",0.0994941891971301,0.223762413513972,0.131818528526157,0.314663253536547,FALSE
"CASD1",0.120137803901629,0.223941460062589,0.13029175605752,0.268921056324813,FALSE
"GPR89A",-0.31632277985609,0.224137848217084,-0.250482860392363,0.382667116598925,FALSE
"SYNJ1",0.157475182867486,0.224281972926773,0.140565180871406,0.29424411278882,FALSE
"VPS45",0.106596163822833,0.225399936383016,0.0951579789218262,0.38327154720682,FALSE
"DSTN",0.247737487024586,0.225399936383016,0.082734006156781,0.490841167942598,FALSE
"UBA6",-0.112768087547285,0.225828881370089,-0.0949561179842006,0.429894304718487,FALSE
"FRY-AS1",0.271105220188994,0.225828881370089,0.360014162850311,0.12157134906099,FALSE
"MTMR4",-0.234917973292286,0.225828881370089,-0.142313151929558,0.557104586894929,FALSE
"CIAO1",-0.182015170434902,0.225997974035881,-0.171251015710009,0.286791745067616,FALSE
"AC073343.2",-0.14894813144888,0.226619973361632,-0.142573047837053,0.36420081646188,FALSE
"TMEM47",-0.236345397589043,0.226619973361632,-0.0200384124439004,0.918660584908758,FALSE
"AL050309.1",0.0989070126798013,0.227079867786014,0.289036169160823,0.0173259240070325,FALSE
"DNMBP-AS1",-0.200462310345563,0.227518606962389,-0.120896187762079,0.56802777239746,FALSE
"AL356056.2",-0.223678522089037,0.227636911973975,-0.236292063737158,0.275032858881366,FALSE
"WASHC3",0.162845916444166,0.227694152147598,0.21547473639539,0.134194256430172,FALSE
"GET1",0.27377433441227,0.227806017371207,0.259216099367958,0.258302188488468,FALSE
"MFF",0.209112733635485,0.227979406514339,0.0691510225566902,0.69067361549046,FALSE
"ABCC9",0.0777799729476937,0.228090989136576,0.245743383399613,0.0437418550967104,FALSE
"SUCLG1",0.267930479110826,0.228132061941932,0.0735612288787356,0.645135167082225,FALSE
"AC025165.1",0.343358363080863,0.228178067105266,0.404340595460982,0.179193642164826,FALSE
"CDC42SE2",0.213387019959826,0.228277033458969,-0.0620791142526113,0.729569644856749,FALSE
"LINC01504",-0.297733050430689,0.228704357206429,-0.357819172072283,0.0722591869815865,FALSE
"RAI1",-0.167260968571256,0.228704357206429,-0.129456713571873,0.418451097660483,FALSE
"ZFYVE26",-0.214103612204906,0.228872831029057,-0.172374176291138,0.432077894500561,FALSE
"CCDC59",0.302838650387615,0.229077739275377,0.0669922063057486,0.808528230362987,FALSE
"FAM241A",-0.132304132381229,0.229169761400847,-0.17507712696205,0.210186960104026,FALSE
"BRAP",-0.139229925879189,0.229169761400847,-0.0901467307075056,0.514109389146878,FALSE
"AQR",-0.113010124309857,0.229169761400847,-0.0704702005529596,0.548831913211871,FALSE
"GTF3C2",-0.130072317951401,0.229292545820774,-0.0706400607697266,0.612177002595247,FALSE
"RARS",-0.149473689591446,0.229311400502501,-0.0797948245059072,0.627002679243532,FALSE
"FBXO31",-0.161293526371238,0.229311400502501,-0.103666782441612,0.561569186105003,FALSE
"DEAF1",-0.202920936825453,0.22941310936106,-0.193887449395726,0.330114879890453,FALSE
"HDGFL3",-0.13318385649612,0.229499433846681,-0.102723885870934,0.4819666820831,FALSE
"CLK1",0.216657836120989,0.229611846977618,0.188409152025494,0.131328539063199,FALSE
"PAXBP1-AS1",-0.250493679181543,0.229670037511968,-0.16734438230613,0.506671476952293,FALSE
"ZDHHC18",-0.273980707838122,0.229811166956176,-0.234297875107696,0.339715248067462,FALSE
"AC018816.1",0.164064461039608,0.229811166956176,0.27402626678472,0.0796763261492519,FALSE
"PHF21B",0.251610974489898,0.229811166956176,0.375002414937599,0.116216216357864,FALSE
"FIP1L1",0.131824492636666,0.230168963149206,0.111191879185076,0.31383719466523,FALSE
"PDSS2",0.109397272941974,0.230214026906958,-0.00535237949773644,0.969817279117911,FALSE
"UHMK1",-0.24977762960215,0.230362037872552,-0.0659616526736034,0.700568045789179,FALSE
"KIAA0100",-0.179439628277095,0.230740332480257,-0.149673132253013,0.397078285797976,FALSE
"YTHDC1",0.122634885120829,0.230816101189963,0.118587624951667,0.306390265377282,FALSE
"RABGAP1",0.0694866249324219,0.231221046012615,0.147652678724751,0.0505992362281056,FALSE
"ATAD1",-0.156240538354316,0.231221046012615,-0.110151762931661,0.394966877496711,FALSE
"SAAL1",-0.31661114270004,0.231221046012615,-0.219823814733396,0.416467129008278,FALSE
"HPS5",-0.24946175774636,0.231221046012615,-0.244729691457346,0.277269410101037,FALSE
"AL357153.2",0.195251601754848,0.231221046012615,0.266085644116672,0.18063458876003,FALSE
"GOSR2",-0.16674201408681,0.231221046012615,-0.0805581994408605,0.661559749053151,FALSE
"ABHD12",-0.146197176409413,0.231221046012615,-0.203845593904428,0.141677629141283,FALSE
"G2E3-AS1",-0.247665739066325,0.231664252751608,-0.126652861235516,0.624095714919671,FALSE
"MTMR1",-0.17198398462418,0.23175128680643,-0.135402284924576,0.476759416018675,FALSE
"FBXW2",-0.168721623742881,0.232051781449261,-0.0643182883026797,0.709798549761989,FALSE
"MAGOH",-0.297537132841334,0.232353187150609,-0.225069649004127,0.405726279696899,FALSE
"FHIT",0.34679906300839,0.232353187150609,0.0877539636945971,0.326237329338608,FALSE
"OTUB1",-0.371496973410309,0.232610095315268,-0.588929710991154,0.0523366605193471,FALSE
"NUMBL",-0.237380155645153,0.232610095315268,-0.141552693522173,0.56802777239746,FALSE
"CLN3",0.321879395977192,0.232692535844647,0.293359744683486,0.291070830351733,FALSE
"PRPSAP2",0.151987811685678,0.232692535844647,0.198173010073873,0.190694863700808,FALSE
"UBE2R2",-0.118446320127578,0.232715679855558,-0.194958027329057,0.0533420471837802,FALSE
"RCBTB1",0.18874980647278,0.232941263396719,0.248588215241198,0.169930031710014,FALSE
"C19orf18",0.253702774998455,0.233298625154219,0.0437351460560004,0.84792610081121,FALSE
"MAGI3",0.0824303460092591,0.233402633543577,0.146765215451829,0.113515189684551,FALSE
"DCAF8",-0.115183615262362,0.233436287646135,-0.0904657171159728,0.495514713125247,FALSE
"MTPAP",-0.222692857285807,0.233804296914037,-0.188037351362073,0.375667828072763,FALSE
"EIF2AK4",0.133650118694954,0.234041013885276,0.184239462020953,0.185643798301604,FALSE
"ZNF823",0.327772151771822,0.234065418736778,0.334904630196315,0.245606483855309,FALSE
"VPS50",0.119009991988024,0.23407348606562,0.0777404733494595,0.532942227612308,FALSE
"RMDN1",0.143108454350611,0.23407348606562,0.0635098395837205,0.636234754629032,FALSE
"SAR1B",-0.261660766381265,0.234080698256484,-0.179707631005001,0.287455109908613,FALSE
"SGMS2",0.340257232856542,0.234401319365975,0.090292489864946,0.685093787167813,FALSE
"SEC23IP",-0.15314920162583,0.234460257441605,-0.151112780648569,0.305676867801887,FALSE
"ZMYM2",0.0939916896217882,0.234554207625772,0.0759629420453431,0.432174085682028,FALSE
"P3H1",-0.273468182417707,0.234697682701278,-0.167228114784477,0.537407128724355,FALSE
"CSF1",-0.2564175938072,0.234777877623436,-0.190459626789449,0.457719607431983,FALSE
"FGD1",0.194237346274881,0.235017906209727,0.228123044752853,0.221384344384085,FALSE
"MYNN",-0.31653301306119,0.235079777995837,-0.293863163611806,0.333494533877643,FALSE
"RUBCN",-0.139876478266371,0.235125532656393,-0.234249685973809,0.0715819742524467,FALSE
"SMS",0.247559397225729,0.235125532656393,0.10138709389753,0.670295785784033,FALSE
"PITHD1",-0.304704051073758,0.235198831937326,-0.285617022089382,0.181533554734628,FALSE
"MBNL3",0.216607153588802,0.235198831937326,0.112512560050169,0.630108790242221,FALSE
"AC090825.1",0.163082889376956,0.235411032951011,0.11816866580302,0.533783393801908,FALSE
"CDC16",0.137668600162219,0.235450582443712,0.197065710250972,0.156442559161423,FALSE
"FLVCR1",-0.234814825142632,0.235540994673508,-0.237534689141898,0.289898417302239,FALSE
"PANX1",0.360438097584956,0.235697398370693,0.361806653919261,0.293224963640088,FALSE
"AC104041.1",0.47693615370372,0.235697398370693,0.502389625661305,0.40110643233619,FALSE
"ABHD6",0.259639392069879,0.235765235363322,0.141174360711787,0.530460910422586,FALSE
"HDAC7",-0.138392159352483,0.236387272205628,-0.129429858081018,0.3748323296041,FALSE
"ZNF783",-0.197170533233148,0.236649686841923,-0.225942580171445,0.257733035969514,FALSE
"HPS1",0.292591054115531,0.237488491545893,-0.00442427839351703,0.988871557779801,FALSE
"CARM1",0.243321830548757,0.2378880572105,0.276767825472494,0.246780193310672,FALSE
"COMMD10",-0.1232482461312,0.238603334504907,-0.137179456294606,0.230907217686238,FALSE
"PAK2",-0.128390992938164,0.23879120407856,-0.120151412020864,0.265381736779085,FALSE
"AC007130.1",0.291674295035155,0.239273798029848,0.339804645361362,0.198581137020915,FALSE
"POMT1",0.284869259618736,0.239273798029848,0.231222066667645,0.291177960886237,FALSE
"EVL",0.117281692095738,0.239488678321054,0.185226710691549,0.133529543500476,FALSE
"DPH7",0.276405283295014,0.239762190244314,0.168367022630832,0.454256973275908,FALSE
"PIWIL4",0.298144935260173,0.239762190244314,0.39943371450127,0.185270740450135,FALSE
"HACL1",0.196108088198851,0.239931069419256,0.206365591742241,0.287045447052163,FALSE
"GTDC1",0.0691470407109116,0.240003281697878,0.0971628149571448,0.195927340576862,FALSE
"RAB2A",-0.0843444679645149,0.240160803877834,-0.179051725762768,0.0178323612927605,FALSE
"CERT1",0.112894646986582,0.240349278256133,0.0867003197588642,0.564087642464824,FALSE
"SCAT2",-0.351206422571416,0.240429659863499,-0.183132033451829,0.618025929840306,FALSE
"TET3",-0.155160958805377,0.240760813257062,-0.229992183675441,0.193762338891969,FALSE
"RNF20",0.250865125569128,0.240899229727941,0.251955910265513,0.250337222247422,FALSE
"RAP1B",-0.0869451892650936,0.240899229727941,-0.117539258181823,0.216926128944884,FALSE
"PAQR3",-0.277480830483532,0.241130560746692,-0.251456810215057,0.310854495955019,FALSE
"ADGRE3",0.230179050261296,0.241559961113508,0.248060048593523,0.252673182373603,FALSE
"NINL",0.169763308790229,0.242122953606952,0.188055146607427,0.287538258172351,FALSE
"GNAI2",0.318956343261749,0.242211329832913,0.166366778257848,0.3557023203126,FALSE
"FUCA2",0.251569643651361,0.242211329832913,0.235361917382524,0.318745382912539,FALSE
"MECP2",-0.0992852700839099,0.242211329832913,-0.0424494624983563,0.724262928433324,FALSE
"NDUFS4",0.105459768674932,0.242671705634658,0.100552265583709,0.298221244894926,FALSE
"PSTK",0.244903808187324,0.242722741846887,0.393731471911512,0.0612503531655896,FALSE
"EPHA2",0.237429611711686,0.242724615265029,0.362146982012624,0.0905145002576343,FALSE
"RBBP5",0.248559188597069,0.242724615265029,0.353958002489921,0.105240722871567,FALSE
"PSMC2",-0.224970544141052,0.242724615265029,-0.127381473079191,0.523133927724766,FALSE
"EPN2-AS1",0.275208831053597,0.242724615265029,0.455373844900319,0.0739052512744386,FALSE
"ZNF410",-0.155070875369446,0.242748652114751,-0.155535742421125,0.333647035094778,FALSE
"C1orf159",-0.176358821666205,0.243063976019132,-0.0465335853130899,0.832107141752432,FALSE
"POLR3B",0.228177249088548,0.243415554377827,0.145372689134881,0.474247214282735,FALSE
"BCL2L2-PABPN1",-0.183484866625373,0.243440470314031,-0.194835440954048,0.265879621978947,FALSE
"ARAP1",0.234045962006626,0.24351580344847,-0.0382293896695415,0.874431464978596,FALSE
"NISCH",0.139179126445462,0.243807905790504,0.146480242079192,0.291528243740786,FALSE
"AAK1",0.116726814426235,0.243881458747091,0.0449979316428797,0.652155320336682,FALSE
"NCOR2",0.0936099534812079,0.243901642527671,0.189304013343919,0.134176665454479,FALSE
"ZDHHC2",-0.178015243811319,0.244400483162627,-0.282981027259259,0.109596817387095,FALSE
"HS3ST3B1",-0.266173468576292,0.244468375323713,-0.263099020093835,0.367353155889399,FALSE
"TP53TG5",-0.217539048055365,0.24475477714024,-0.310450046616964,0.126686411451095,FALSE
"FNBP4",-0.075914656474685,0.245023009541892,-0.139620731067877,0.0782295805700732,FALSE
"UFL1-AS1",-0.281368599347944,0.245275777809556,-0.249693903252789,0.4356119540469,FALSE
"AP006621.3",0.340230818092479,0.245567147634827,0.484265137961531,0.0978884032959906,FALSE
"SRD5A3",-0.323434747577149,0.245695857222291,-0.391664203758966,0.260978790540971,FALSE
"ATAD2",0.250845462710766,0.246010709962708,-0.0929215801418426,0.649071612552571,FALSE
"AP1G1",-0.0952871636739322,0.246103198144394,-0.110771676955777,0.252857466514952,FALSE
"UBE2J2",-0.149643970483877,0.246803474550085,-0.0767336762378294,0.645135167082225,FALSE
"WHAMM",0.185395942354289,0.246803474550085,0.119890409301009,0.511848431786685,FALSE
"RASGRP1",-0.223524582426695,0.246869703098598,-0.21999821304211,0.349288658692468,FALSE
"CDC40",0.159067194399275,0.247042370586346,0.198073820397565,0.170194412821099,FALSE
"RCC1L",-0.164810840317155,0.247095503953245,-0.081931107650955,0.651249424143274,FALSE
"PHYKPL",0.102815845620088,0.247200743504591,0.17047057140728,0.118139312631478,FALSE
"ASCC3",-0.0860112151654465,0.247587556588767,-0.0892563081952063,0.469100956675796,FALSE
"C12orf40",0.241825378387509,0.247622985797598,0.258344268838711,0.300220743999917,FALSE
"BLCAP",-0.123173710126204,0.247753128615756,-0.0933592352147208,0.510039831784161,FALSE
"FCSK",0.296602469075646,0.247877346776148,0.353950003762692,0.208792727877927,FALSE
"TSR1",-0.277044023374902,0.247877346776148,-0.224457825189117,0.422462650039981,FALSE
"AL139106.1",-0.235493058954117,0.247975498307217,-0.0799311396650967,0.787058605724611,FALSE
"XPR1",0.301987900338026,0.247979778904047,-0.0329768693995899,0.813937569571285,FALSE
"ZBTB4",-0.137868834751441,0.247979778904047,-0.0933734513219722,0.535458872346191,FALSE
"PCGF2",-0.315676102434026,0.248134671113856,-0.378396067633808,0.152219610560527,FALSE
"ATG2A",-0.217638388596708,0.248519436006812,-0.073718700773943,0.780032154009406,FALSE
"PPARD",-0.175515660342731,0.248573235455652,-0.162573282014329,0.326883698802616,FALSE
"NBPF12",0.210445260906228,0.24879961459994,0.26717751429108,0.226643492826419,FALSE
"HEXA",-0.165118835737404,0.249200929988542,-0.143920067638231,0.345155452644114,FALSE
"CALCRL",-0.231898336802156,0.249601997674817,-0.0571205652514274,0.745161915564466,FALSE
"AC005670.3",0.124560113505227,0.24998963103428,0.214554433488875,0.0855620117453354,FALSE
"AL035530.2",0.310395335573784,0.250080272890333,-0.0515243114394365,0.87847783915833,FALSE
"PRKD1",0.121014994776064,0.250261201774014,0.168081724021906,0.247917518920493,FALSE
"ANO10",0.1055953294504,0.250345072680856,0.206346609761017,0.0521237125200992,FALSE
"PTPN23",-0.274095542973291,0.252390779981161,-0.39076736692389,0.134711674408228,FALSE
"ECI1",0.327697748812135,0.252912017677655,0.170793320442953,0.46393711945835,FALSE
"FLI1",0.277151739381488,0.252919565875592,0.0370940613288208,0.795170877114035,FALSE
"AC009961.1",0.271171304649732,0.252932320566559,0.282651243781937,0.258684775813529,FALSE
"TTPAL",-0.212738467634622,0.252932320566559,-0.225989597036513,0.262902043942455,FALSE
"AC011472.1",-0.197323055370467,0.253863105166602,-0.123250337697301,0.56588916148284,FALSE
"PDE4DIP",0.367599192771253,0.25403528052649,0.194895552649589,0.00285334085386133,FALSE
"IFI16",-0.150415073383774,0.254351057477104,-0.175032025167234,0.110667125755673,FALSE
"DCP1A",-0.0977436229448756,0.254490628367604,-0.0698405930025979,0.537218465271498,FALSE
"NUP93",-0.181950031112702,0.254490628367604,-0.209563694404062,0.240124593932854,FALSE
"AC008771.1",-0.104808155513951,0.254511178705497,-0.0467360701826352,0.758069049429509,FALSE
"CHST12",0.224399216591332,0.254598334405384,0.205702304174617,0.343210095864155,FALSE
"CCDC126",-0.236514625354386,0.254737435967975,-0.226350765566952,0.340535982515432,FALSE
"SNX4",-0.115641864984095,0.255124245275754,-0.0438550380281348,0.745420304582024,FALSE
"EPS15L1",-0.123638079654176,0.255265157040191,-0.109737817885678,0.425722279730292,FALSE
"ZNF839",0.208413231399034,0.255831426886827,0.286955029772751,0.13139904794611,FALSE
"FANCM",0.229920288195537,0.256132665825077,0.156149925778674,0.534791109865358,FALSE
"CDK10",-0.227907566251684,0.256792842503832,-0.245606501719463,0.285823892327145,FALSE
"TUT7",-0.106515643581927,0.256984304972388,-0.100315604062049,0.373742220896063,FALSE
"MAIP1",0.30825550478845,0.256994108253349,0.402924308354234,0.111990773566131,FALSE
"LINC00106",-0.293753415256204,0.256994108253349,-0.158893784194819,0.629732808598325,FALSE
"SCLT1",-0.105072137874439,0.257140923685424,-0.092677013676937,0.516538603516319,FALSE
"YTHDF3",-0.174548651552045,0.257140923685424,-0.26449733772529,0.0320643438198299,FALSE
"TMEM241",0.202698555692617,0.257140923685424,0.247829643378392,0.300054899019759,FALSE
"NRBP1",0.142655822966702,0.257283090530866,0.135808615307717,0.371149944642168,FALSE
"ACO1",-0.170114615030233,0.25730804538145,-0.147164303031137,0.375714972184579,FALSE
"MYDGF",-0.178245126626897,0.257846699243468,-0.146220445084441,0.45913510785831,FALSE
"RPRD1A",-0.110346743705964,0.258103164125208,-0.0919504488414842,0.44927585935555,FALSE
"AKAP8",-0.140035313921976,0.258103164125208,-0.0631722424054593,0.697218116494434,FALSE
"MED1",-0.200027955207863,0.258388347113079,-0.22045286986415,0.237176607652055,FALSE
"ABHD16A",-0.224677547749269,0.258402526560198,-0.222203028514791,0.351929703222679,FALSE
"PRLR",0.43610237894478,0.258527257729981,0.670664635435423,0.148026479131318,FALSE
"AC005414.1",-0.237752290485067,0.258745268008517,-0.108635486553324,0.662372518566739,FALSE
"MACF1",0.0656515219178218,0.258866142688857,0.0459129977779588,0.575397548786926,FALSE
"FAM13C",-0.169916316823293,0.258866969271524,-0.214745215672591,0.295529162117024,FALSE
"BMP5",0.170615689156078,0.259000458044865,0.416259076216081,0.0526317616167591,FALSE
"LEKR1",0.30023238032036,0.259010061263267,0.303521944719894,0.329755557091182,FALSE
"SPICE1",0.208731869956202,0.259037433252323,0.0594973688593953,0.81363162808711,FALSE
"KIFC3",0.379073494824014,0.259253252113074,0.149445773466371,0.457155974336946,FALSE
"ZNF676",0.210557643602322,0.259524608510331,0.241035886700814,0.324350903259972,FALSE
"AC021231.1",-0.260904853020143,0.259696092061526,-0.213867372048786,0.457514337265975,FALSE
"UBE2Q2",-0.14393894706078,0.259807459566916,-0.0685937548298169,0.719433562199927,FALSE
"RABEP2",0.223752638270957,0.259839280855448,0.0963427316171287,0.703651735138453,FALSE
"SLC17A5",0.221234899742954,0.259872366543738,0.0380369947921323,0.868936497892065,FALSE
"NAPEPLD",0.233818974399089,0.259872366543738,0.32906728297926,0.115367032395943,FALSE
"DPYD-AS1",-0.126402110479698,0.260236897340432,-0.158148184015529,0.285277419954774,FALSE
"RFT1",-0.234164659789072,0.260236897340432,-0.0953561724775199,0.690998834519481,FALSE
"MED21",-0.228143780058049,0.260236897340432,-0.11358956843285,0.622850073660901,FALSE
"ZNF736",0.302312089178657,0.260270824766074,0.0406791083654615,0.886383800890179,FALSE
"DIAPH2-AS1",-0.108288774273462,0.260864566425575,-0.122585334341972,0.400440925080233,FALSE
"CLNS1A",0.129218690555674,0.261372562783574,0.204285479424856,0.124154985459638,FALSE
"AC073475.1",0.207627315554407,0.261497386044605,0.169775262280962,0.309535111494977,FALSE
"RNF31",-0.2378522167918,0.261497386044605,-0.209479821612161,0.395874061550632,FALSE
"LINC01588",0.321328819983921,0.261497386044605,0.269262386846375,0.436836888439114,FALSE
"MTMR2",-0.117621885747174,0.261536937468273,-0.122699067498774,0.379689460712675,FALSE
"PPM1A",-0.149191850275079,0.261751959473635,-0.187661704713686,0.112261689993304,FALSE
"LOXL3",-0.206276298541044,0.262073712611671,-0.247720800464607,0.263242146482212,FALSE
"RCN1",-0.412277111657971,0.262169497269541,-0.178209724345823,0.534886540881861,FALSE
"ZNF595",-0.257797386068287,0.262376473246526,-0.168659302242637,0.418451097660483,FALSE
"ARID3A",-0.203472764428799,0.26249303232554,-0.179733477361775,0.418332076108891,FALSE
"AL672310.1",0.413497903674271,0.262503748509964,0.513492497017246,0.235536233127089,FALSE
"SYNGAP1",-0.174647578885297,0.26273778101599,-0.147561810902462,0.412684668453108,FALSE
"PIP4K2A",0.171896537762524,0.26273778101599,-0.0195090526900542,0.911824627602697,FALSE
"ZNF10",0.16520886612836,0.26273778101599,0.276196646124418,0.0855620117453354,FALSE
"KATNBL1",-0.0999932747315474,0.26273778101599,-0.118237921682268,0.378131930648194,FALSE
"SARM1",-0.143990325406891,0.26273778101599,-0.0198118426799811,0.923370024302922,FALSE
"MXRA7",-0.200021344126951,0.26273778101599,0.0055241577547075,0.979899393915354,FALSE
"SPC25",0.247377362795604,0.26366142989067,0.358344368683231,0.156915195970714,FALSE
"SMIM8",0.194814816733901,0.26366142989067,-0.0159393129528096,0.935404079851896,FALSE
"FAN1",0.190727061545159,0.26366142989067,0.230341564591694,0.120112845795477,FALSE
"CCDC186",0.284045809823908,0.263720460005819,-0.0678421208214415,0.704823319115989,FALSE
"RCN2",0.273850336012948,0.263720460005819,0.245954520943783,0.198916469532177,FALSE
"LINC02469",-0.475327789226455,0.263821475364105,-0.457944539809516,0.354926244269278,FALSE
"BTBD3",0.191671416070197,0.263885524844096,0.0778163852450384,0.705648262810713,FALSE
"MCUB",0.250054609028956,0.264244251773228,0.047623504043194,0.844495517185099,FALSE
"AC068724.3",-0.142737666097359,0.264244251773228,-0.126984878992014,0.389414255032548,FALSE
"AC021739.2",-0.221261520052097,0.265139407656561,-0.145782711043888,0.503032663491514,FALSE
"RGS5",0.0685801638185735,0.265206878104133,0.167020117098438,0.112011416296859,FALSE
"PPP4R3A",-0.100941287631448,0.265206878104133,-0.149214388573654,0.139130265025844,FALSE
"HIF1A-AS3",-0.1407993076737,0.265330775910161,-0.19054478515483,0.401361490777955,FALSE
"AC018616.1",-0.320567910042452,0.265391604271512,-0.275369319718554,0.466751464826862,FALSE
"DDX31",-0.202176860022016,0.265391604271512,-0.183525433060566,0.378131930648194,FALSE
"ATE1",0.0926448847888142,0.265529103241652,0.0524850309910195,0.668638211122368,FALSE
"SF3B1",0.116310253360463,0.265747653748207,0.114212588839017,0.293224963640088,FALSE
"RBMX",0.0901803521880076,0.26585174803003,0.11891013132292,0.234174689865454,FALSE
"ZBTB17",-0.242765454047025,0.26616538179314,-0.179932750607679,0.472811901570097,FALSE
"NEK7",0.137103143405893,0.266169372478534,0.0818369420926577,0.462239410417621,FALSE
"GATB",0.360599377680983,0.266169372478534,0.159066873143908,0.583521702689641,FALSE
"CDK8",-0.109668055745151,0.26634337009178,-0.185300436139571,0.14250555775127,FALSE
"ABCA9",0.318598178599427,0.26634337009178,0.197250952371496,0.120737809978627,FALSE
"POLD4",-0.311273873088978,0.267299852704116,-0.123938986333098,0.638424916317144,FALSE
"SPG11",0.0857406078779499,0.267338104824645,0.0473118859375302,0.590310204651193,FALSE
"MLH1",-0.20604942133017,0.267347961457141,-0.211470285056216,0.31383719466523,FALSE
"WDPCP",0.132366698783658,0.267671619704885,0.0158408713373778,0.899624844623634,FALSE
"RBM33",-0.0913149342942313,0.267671619704885,-0.0848142329401971,0.401692414952228,FALSE
"DNAJB12",-0.179967325357434,0.26780326427792,-0.164698780757682,0.379732479688982,FALSE
"RING1",-0.223917121101945,0.268740077306957,-0.186673416122046,0.428152421015764,FALSE
"IPO11",-0.181962742754627,0.268796913415057,-0.141836811709487,0.522821799993246,FALSE
"PARG",-0.0857006054791071,0.268796913415057,-0.128704413045403,0.152106110299538,FALSE
"ZNF718",0.132289427257558,0.268849522995212,0.115523013686523,0.382445415509519,FALSE
"PROS1",0.278815118434072,0.269117900654244,0.254628394609337,0.1770541853292,FALSE
"PRKCSH",-0.185949096313521,0.269117900654244,-0.129010949106495,0.50264704088599,FALSE
"FDX1",0.302963041748261,0.26990370524296,0.363435464953794,0.0809835178274334,FALSE
"RNF24",-0.198117680012827,0.26990370524296,-0.286911184308445,0.272402466045219,FALSE
"TTI2",-0.24815677376964,0.270480692141416,-0.264137749008393,0.325639994404738,FALSE
"MARK2",0.111175938626184,0.270798349368126,0.0767924526238971,0.547074644187405,FALSE
"VANGL1",0.315388175566486,0.270854489217981,0.448739161868166,0.150655032929454,FALSE
"AC019197.1",-0.372204622514791,0.270854489217981,-0.341406290900955,0.477740040691564,FALSE
"ILKAP",-0.122263109803835,0.270854489217981,-0.067585865634661,0.646118257538334,FALSE
"RNF146",-0.251856890333386,0.270854489217981,-0.3249659008894,0.0418193793818246,FALSE
"ZNF140",-0.16432892101804,0.270854489217981,-0.0961912135216698,0.549370621512551,FALSE
"KCNAB1-AS2",-0.28583382372558,0.271146604289845,-0.339518767966844,0.270505279458953,FALSE
"BTBD10",0.134276123960816,0.272226981257234,0.139800185622703,0.321171176931553,FALSE
"LAMTOR1",-0.242828836599116,0.272300150270359,-0.101566125545739,0.656137887169064,FALSE
"SNRNP200",0.157061704102786,0.272302260821212,0.134926817722305,0.403607230964283,FALSE
"FAM156A",0.172213170785591,0.272471572084835,0.186158334698096,0.290403015006355,FALSE
"LINC00960",0.179538162097466,0.272481668950376,0.124052349367806,0.563050375439209,FALSE
"ERVK13-1",0.186543230681641,0.272481668950376,0.184315699973989,0.376764440216125,FALSE
"CSDE1",-0.196368422007477,0.273033834668878,-0.0722324014847156,0.508529810830865,FALSE
"HBP1",0.162597928098728,0.273572893312909,0.0805993392974473,0.625379304591269,FALSE
"ZNF680",-0.244891970915851,0.273773327896828,-0.0963600617215229,0.399174770555299,FALSE
"ADGRB3",0.0639994007541867,0.274158993154666,0.163805284679411,0.150438857777924,FALSE
"FKBP8",-0.190198610389628,0.274158993154666,-0.0273162670628552,0.900200915371907,FALSE
"MINDY3",0.114279234571153,0.274170216035177,0.0873243703742472,0.507388932112006,FALSE
"SRSF6",0.232298913408155,0.275274314532458,-0.066311045288467,0.683076579856005,FALSE
"NUP58",-0.139600191631668,0.275285719368777,-0.114782210702747,0.483619138172543,FALSE
"TMEM267",-0.165830654736467,0.275398538528731,-0.0708339375088558,0.709423900337218,FALSE
"REXO1",-0.209685854115052,0.275647686199397,-0.137887827004102,0.541241596662499,FALSE
"SCAF11",-0.0848170971379836,0.275760477883884,-0.0333925676194993,0.709700100430938,FALSE
"DNAJC5",-0.124049253671774,0.275760477883884,-0.178350055774522,0.184019393598774,FALSE
"CDK6",0.16571033605817,0.275925353624585,-0.118557759928162,0.50166306527176,FALSE
"AARS2",0.236652007889144,0.276210851737366,0.227292318554028,0.320556741834246,FALSE
"TRPC6",0.262354299834848,0.27649453948104,0.12465711465016,0.762845150262293,FALSE
"LINC01409",0.149936002298974,0.2767469826787,0.169510850654176,0.280170098137733,FALSE
"TATDN2",0.236171747028397,0.277203814993503,0.229984125855631,0.369609025986976,FALSE
"SNX3",0.18684149599916,0.277203814993503,0.169097706092897,0.244525538716574,FALSE
"SSBP1",-0.186612708670091,0.277203814993503,-0.117821110642698,0.560906602623362,FALSE
"IRF1",0.277951789455058,0.277245716912169,0.120339603729948,0.664340444721735,FALSE
"KDM1B",0.223290145541698,0.277694714920925,0.149706913162571,0.574572802943184,FALSE
"AC068282.1",-0.117752627918888,0.277769473034434,-0.121957317071612,0.344468443514818,FALSE
"DNMBP",-0.117893576944044,0.278144373100872,-0.105544494930732,0.433295263879947,FALSE
"PEX14",-0.137880062062361,0.278428604890742,-0.11446208696793,0.487573450133439,FALSE
"SSR2",-0.279421388863168,0.278428604890742,-0.165273693556491,0.493535308947083,FALSE
"ESCO1",0.170793189691389,0.278428604890742,0.203190613126896,0.283787640457336,FALSE
"SPIN3",0.210166252238055,0.278442624601981,0.244479033370159,0.29803906707262,FALSE
"SHF",0.354429657638156,0.278539575975616,0.316676018554869,0.41563684212022,FALSE
"CAVIN1",0.25424710387343,0.278617569397749,0.293781288929964,0.00773697718812725,FALSE
"PHACTR4",0.0771548424138754,0.27907279294794,0.056780815537719,0.630613455627313,FALSE
"ZKSCAN2-DT",-0.296728638654226,0.279080195032417,-0.35019956407372,0.240626572904929,FALSE
"COL12A1",0.402909336445793,0.279171085023819,0.120373295593609,0.689629375980395,FALSE
"TMEM184C",0.182407424662224,0.279498304457226,0.224176769513973,0.227270761202256,FALSE
"CREBRF",0.134793436936594,0.279498304457226,0.148502694242308,0.292219952124703,FALSE
"SLC43A3",0.170421811794186,0.279498304457226,0.255995931971647,0.183145836716455,FALSE
"TMX3",-0.106975668628231,0.279498304457226,-0.123086243024806,0.30849573930262,FALSE
"TMPRSS9",-0.232472660801249,0.279712172862448,-0.219185811056263,0.301739240972732,FALSE
"NSUN2",0.164525271747452,0.279848245216317,0.169810266575139,0.337058615231536,FALSE
"ZHX2",0.117364266902216,0.279848245216317,0.014160620065544,0.930182605134287,FALSE
"ATAD5",-0.158673375356055,0.280090212685215,-0.14782442023812,0.37315493839741,FALSE
"FBXL18",0.149410931158374,0.280272410551098,0.223985143838369,0.13305599737662,FALSE
"ACOX2",0.340434171785603,0.280742612231735,0.481809081433766,0.159629652964272,FALSE
"EFEMP2",0.347731333862393,0.281049474622628,0.534835573222627,0.0169518896728319,FALSE
"WSB1",-0.104989458158483,0.281049474622628,-0.0999378735151742,0.322493414343112,FALSE
"INTS11",-0.201603370127825,0.281074399759322,-0.223604908392254,0.274641146275608,FALSE
"WASHC5",0.186549784834162,0.281074399759322,0.112458589219223,0.5881447699282,FALSE
"SRGAP2",0.200301694223412,0.281368470671715,0.0129612844695432,0.950705662954408,FALSE
"RNLS",0.131227947330452,0.281866607996754,0.238388258584751,0.120737809978627,FALSE
"GTF2H1",-0.145597193311913,0.282142557682632,-0.280632548888696,0.0211628189092669,FALSE
"NEK5",-0.28533332694226,0.28226053264616,-0.114613723541278,0.751124431934376,FALSE
"ADORA2A-AS1",0.231334258737266,0.282361299768022,0.357797668558812,0.16426948277571,FALSE
"SCNM1",0.249521446464475,0.282494160271863,0.327514755978597,0.203509890473729,FALSE
"AC006504.5",-0.230586221163457,0.282494160271863,-0.145061897987213,0.600999341135688,FALSE
"TSPAN3",0.113090639401725,0.282863028774368,0.13210444857217,0.259501199184753,FALSE
"ELOC",-0.216971365008144,0.282886326621714,-0.058658978067638,0.774512248807931,FALSE
"KIF3B",-0.159723809818704,0.282886326621714,-0.192078804954339,0.254978778118321,FALSE
"POLR2F",0.173117175291944,0.282973435330584,0.203251995598706,0.292679948494446,FALSE
"TXNRD2",-0.231818152740852,0.283319199736201,-0.243570232579073,0.345687031499458,FALSE
"TMA16",-0.221882185104694,0.283723079789127,-0.14455077970815,0.539376849316065,FALSE
"HDAC4",0.111794954938747,0.284574472968594,-0.0661364709366596,0.622850073660901,FALSE
"TMEM179B",0.236543731763047,0.284679047291704,0.137869654192702,0.521657491927462,FALSE
"LATS2",-0.14416511950605,0.284811954680888,-0.206215631685164,0.15875513905174,FALSE
"MMS19",-0.122760090492444,0.284967998799908,-0.051832079902549,0.751739516805734,FALSE
"VPS11",-0.22792663147949,0.284967998799908,-0.202193437133486,0.408613917608819,FALSE
"ALKBH5",-0.172635618857813,0.285597969850728,-0.0358824627406093,0.87579073911227,FALSE
"ABCA5",-0.124176355276599,0.285684391390107,-0.141543966323768,0.344758962856692,FALSE
"RHBDD1",0.144741975495866,0.285972003459056,0.177864155286895,0.219953010091476,FALSE
"LCMT1",0.156960544258189,0.285972003459056,0.215039672164569,0.183681233733429,FALSE
"PACRGL",0.146423038596114,0.286813073169544,0.166790648941033,0.323518110847224,FALSE
"COX20",-0.134222950892482,0.286891015784766,-0.0713272834752176,0.677008554214297,FALSE
"STAM",0.206476714975751,0.286891015784766,0.0946642169649934,0.613058674656898,FALSE
"PBRM1",-0.0798246379278629,0.286978527984867,-0.0959995552073742,0.300054899019759,FALSE
"SELENOO",-0.160714514747031,0.286984256568157,-0.137364750938662,0.445083505063838,FALSE
"SPRYD7",-0.281964264974899,0.287407723638796,-0.0466005788093785,0.900200915371907,FALSE
"ORC4",0.130572309525946,0.287807805192436,0.120442354116576,0.380891668787416,FALSE
"DNAJC11",-0.124612196587868,0.288215841260929,-0.0693028142330689,0.642041519715723,FALSE
"HTT",0.0857059805561306,0.288215841260929,0.120757236662973,0.216149422129342,FALSE
"ERI1",0.255149887494549,0.288215841260929,0.336860674397287,0.222998029683669,FALSE
"CARNMT1",0.270580723092221,0.288215841260929,0.319231887009428,0.128142631412924,FALSE
"ANXA11",0.0892856864665618,0.288871813950469,0.160580789409335,0.121933401547478,FALSE
"KLHL20",-0.120165133355051,0.289171696398304,-0.0711454767930325,0.63476182982376,FALSE
"OSBPL11",0.18509429683197,0.289171696398304,0.0457962223218579,0.809482476490182,FALSE
"ANKRD52",0.184136645721863,0.28919682587013,0.224644878341248,0.213496822001942,FALSE
"CC2D2A",0.13451421506543,0.289360974106651,0.160602572771628,0.349282754761034,FALSE
"VIPAS39",0.247825861821742,0.289395299648504,0.348866707306565,0.226201334369286,FALSE
"CHD9",-0.0617996499777667,0.289801422554201,-0.109699217721454,0.238854120706682,FALSE
"WAC",-0.0755154558399698,0.29044731434991,-0.1009923851363,0.264895963863064,FALSE
"KANSL1L",-0.069234508552497,0.290630144397884,-0.0826155761795983,0.38306376893574,FALSE
"DAAM1",0.161638609596223,0.290630144397884,0.163852193150337,0.173890719477777,FALSE
"KAZN",-0.406220938900867,0.291101033635613,0.0717735016077442,0.64861096280981,FALSE
"RNF13",0.139560439043537,0.291778421662003,-0.0227684168183472,0.880021363912937,FALSE
"ZMIZ1",-0.124300289562455,0.291910715514723,-0.1548902608382,0.293224963640088,FALSE
"EML5",0.285325367792989,0.292112291879461,0.20393489840725,0.584597511034774,FALSE
"BCAS3",0.0624877101199127,0.292779295854603,0.166686747423068,0.110356576277456,FALSE
"LACTB",-0.253264256238832,0.293053257849571,-0.129336113689302,0.630473692830288,FALSE
"TCF7L2",0.0649726992537883,0.293166020860883,0.173077682770436,0.0869147456591873,FALSE
"AC093535.1",-0.17274153870252,0.293307642256331,-0.19517769708082,0.333458821008039,FALSE
"STRN",0.115013754488706,0.293447062339242,0.108158644680004,0.225023792062704,FALSE
"ARHGAP26",-0.0672392521089726,0.293447062339242,-0.109662145136298,0.437618747568444,FALSE
"TSPAN14",-0.10165661334029,0.294593556593282,-0.0815209176045106,0.516430265616578,FALSE
"TAX1BP1",-0.113028225135257,0.294683563418324,-0.113015171493303,0.230498404047174,FALSE
"ST7L",-0.0980692690805496,0.29469389265603,-0.0600434846001479,0.676312358023677,FALSE
"ROCK1",-0.06869245272451,0.294773549637385,-0.139720135185532,0.171323326441739,FALSE
"PHAX",-0.208768959831144,0.294825214739231,-0.0782925154911746,0.759480012402236,FALSE
"DDRGK1",0.263151137459676,0.295067645279243,0.260188925387524,0.285331820705565,FALSE
"AL445248.1",-0.188382858684706,0.295457811641889,-0.154852802556561,0.4859390298374,FALSE
"AK3",0.149674459601402,0.295640053871851,0.116890060324648,0.461711248946001,FALSE
"CAB39",-0.0911886546611278,0.296168171971288,-0.157868838181594,0.0945046549416275,FALSE
"PDCD2",-0.228407549931047,0.296168171971288,-0.0966822663961217,0.721445608605962,FALSE
"CDYL2",0.198220499779572,0.296168171971288,0.12788150782818,0.638450613474427,FALSE
"GIPC1",-0.15377943537854,0.296467980252772,-0.0995177335705532,0.618025929840306,FALSE
"GLMN",-0.174075744691513,0.297122971275483,-0.190162502324,0.389035316222866,FALSE
"NPHP4",-0.265052182850903,0.297168250990802,-0.322558668638154,0.300054899019759,FALSE
"CNOT2",0.0972000620626434,0.297168250990802,0.0971853633121831,0.411747512034058,FALSE
"HGS",-0.177582764082349,0.297175920040115,-0.102712498595108,0.633894999844548,FALSE
"EDA",0.105881444703982,0.297505035494959,0.161594263529359,0.283155108799398,FALSE
"RSBN1L",-0.101944922722675,0.29791105832653,-0.126499036810378,0.289672573449073,FALSE
"BORCS7",-0.223289305281067,0.29818624644963,-0.0875113738674173,0.728152755738423,FALSE
"RNF130",0.118505028960367,0.29836351829947,0.0848740252792994,0.55187071037267,FALSE
"SLC8B1",0.157957076675386,0.29836351829947,0.158979142782083,0.397078285797976,FALSE
"TPP2",-0.104184015830683,0.298410426206837,-0.0911648937207642,0.446723820540927,FALSE
"SNUPN",0.212298635012976,0.298410426206837,0.284059755925712,0.156702241849963,FALSE
"ABLIM2",-0.210485655748536,0.298536561985208,-0.174176189925765,0.57041864028447,FALSE
"RPAP1",0.200628002869688,0.29886655803165,0.263898766644164,0.237925793128985,FALSE
"IKZF4",0.228008311185544,0.299311050349828,0.289331053310852,0.23159439096062,FALSE
"PCNX4",-0.0933340760974852,0.299590048801363,-0.231163075250902,0.0215822690519011,FALSE
"RBM5",-0.0873028585545156,0.29981373270612,-0.105135609427583,0.273523779089915,FALSE
"MED23",-0.137987964460162,0.29981373270612,-0.135596262558555,0.31383719466523,FALSE
"ATAD3B",-0.265833079328181,0.300654130377789,-0.259690697034493,0.351628705857164,FALSE
"VPS13B",-0.059627166310546,0.300705082360976,-0.0265386491285953,0.797160164928271,FALSE
"DOP1B",0.208008585185574,0.300931629257291,0.0854582729458747,0.697522892128016,FALSE
"SLC22A3",-0.347824684286857,0.301083067805789,-0.287434369238541,0.523682392605344,FALSE
"GTF2F2",-0.119878827624456,0.301705594296361,-0.134745984555454,0.348691978090597,FALSE
"SGSM3",-0.197234395354342,0.30200854602449,-0.171615163784532,0.423831744190258,FALSE
"PPP4R1",-0.110580330206637,0.30205840242319,-0.13157892005446,0.29760256042649,FALSE
"DCAF16",0.22159749890586,0.302190445755182,0.123131104575832,0.520927557859981,FALSE
"TOR1AIP1",0.208617216954615,0.30264749613345,0.00109210792960959,0.99582278551643,FALSE
"DESI1",-0.254080246936277,0.30264749613345,-0.309875298059244,0.208792727877927,FALSE
"ATP6AP2",-0.32295452255522,0.302774779724123,-0.0452579956182647,0.829087147536616,FALSE
"DENND4B",-0.184580768011994,0.303136401280486,-0.197889179514214,0.315326141309376,FALSE
"AL049780.2",-0.314475543408791,0.303469265752988,-0.24523814713712,0.404135860801506,FALSE
"RRAS",0.286694819256799,0.303469265752988,0.319053019271248,0.19956902608102,FALSE
"SLC38A9",-0.120371244199365,0.303835387564599,-0.0889980850196617,0.514686266448774,FALSE
"PDHX",-0.13134889877168,0.304145922291017,-0.152992745607466,0.14894154492798,FALSE
"CIAPIN1",-0.274021106857297,0.304513584871459,-0.356380860117364,0.114097558726893,FALSE
"SLC48A1",-0.286978770879218,0.305145879618063,-0.295252454494399,0.29431501954105,FALSE
"TEAD1",0.0772804363522076,0.305391703433395,0.0569019375511914,0.647115517824739,FALSE
"TBC1D17",0.219918119068063,0.305391703433395,0.262781448103485,0.273313214834415,FALSE
"EMP2",0.166459621362291,0.305499067836663,0.19184447912423,0.0868174183404959,FALSE
"ANKRD33B",-0.18487791950572,0.305920631719885,-0.227792409327806,0.312708878498805,FALSE
"OFD1",0.148412175585951,0.305961068670682,0.143776114343941,0.366364176837319,FALSE
"AL133481.1",-0.270296316584152,0.306080251491581,-0.128304578989172,0.721445608605962,FALSE
"NBR1",0.101918968878987,0.306080251491581,0.152430271261524,0.198350565119477,FALSE
"SIRT2",0.179744504211704,0.306080251491581,0.22251793148229,0.219727083024386,FALSE
"CUL4B",0.185689447781252,0.306291759062447,0.147744712305555,0.45232179451918,FALSE
"BIRC2",0.211446284405455,0.306724314951926,-0.114144980249432,0.432986489810915,FALSE
"FN1",-0.189942403027562,0.306890840065263,-0.175465908226847,0.408335413476719,FALSE
"EIF2B5",-0.299477107604475,0.306890840065263,-0.154029204679978,0.639115159421851,FALSE
"CUL2",0.144763841479086,0.306890840065263,0.0628175732673353,0.75029258934368,FALSE
"AP2S1",0.311934713601755,0.306890840065263,0.129099083191116,0.64758361453304,FALSE
"DNAJB6",0.0944179608716567,0.306926676057693,0.028642260975586,0.811018178089428,FALSE
"COQ5",-0.230985211876917,0.306970078313175,-0.156907993054179,0.545345147590708,FALSE
"SLBP",-0.212632626692416,0.307253703149416,-0.0957823263470508,0.693959421541849,FALSE
"ABCB10",-0.130555961693811,0.307271074701741,-0.119022378195639,0.420153879338021,FALSE
"MRPS16",-0.293052690442519,0.307271074701741,-0.186420875329778,0.453776659989503,FALSE
"SMARCE1",-0.192235172504238,0.307343195976534,-0.127631639614585,0.565600677838937,FALSE
"LIMK2",-0.144770462061369,0.307742648536424,-0.164659299047982,0.364424911997801,FALSE
"AL024474.2",-0.130815859981894,0.307907984512824,-0.149400735217101,0.344515518296653,FALSE
"DUSP12",-0.188065518714452,0.308100481153408,-0.154547083320332,0.461824870938644,FALSE
"AC069287.3",0.255873469009721,0.308100481153408,0.250532771127194,0.35867461082477,FALSE
"PIK3CD",0.262358037149198,0.308493722327608,0.21458352535821,0.367102045397793,FALSE
"CARHSP1",0.19838071534351,0.308768480332856,0.192401331919045,0.325971413058646,FALSE
"DHRS7B",-0.140686834809197,0.308768480332856,-0.186560621890447,0.304838960728788,FALSE
"NOL7",0.254968851125436,0.308834703650755,0.0866652079557645,0.774512248807931,FALSE
"TTLL5",-0.143200114573172,0.309336874031021,-0.269178547631289,0.0831691250118572,FALSE
"TMEM18",-0.268695097887153,0.309668470589082,-0.23474181275581,0.408049096306782,FALSE
"LPIN1",0.270493797116879,0.309865306925953,0.00821694661819828,0.97446840759529,FALSE
"C18orf25",-0.201373773718462,0.309896446573559,-0.245343149448413,0.0288698873344931,FALSE
"TTC28",-0.0544214562377343,0.310535658363647,-0.134932427666905,0.0575054960285691,FALSE
"ACAP2",0.0745193369932192,0.310899894700035,0.0244449751121435,0.791282421852062,FALSE
"ACTR3B",-0.199858300389461,0.31102813010295,-0.218012554520942,0.295277426204032,FALSE
"CMC2",-0.292995585706321,0.311069193763642,-0.346456340856141,0.0326922270037001,FALSE
"GPR20",-0.348686349108617,0.31123907516284,-0.241523564654677,0.503604341455104,FALSE
"PQBP1",-0.257441731668245,0.31123907516284,-0.256983301253572,0.283368007249055,FALSE
"RIC8B",0.152543401768671,0.311458791840729,0.0807701399663694,0.662345049756641,FALSE
"CDKL1",0.177503853092191,0.311458791840729,0.200988418846864,0.370987994676478,FALSE
"GEMIN7-AS1",0.22922826314864,0.311458791840729,0.161524097869075,0.574748011194467,FALSE
"PPARA",-0.139623393300989,0.311458791840729,-0.227204712083012,0.102500846413579,FALSE
"TENM1",0.300410737340109,0.311778333412175,0.325371345110609,0.367924763515284,FALSE
"EMC1-AS1",-0.122104851143714,0.311865447217994,-0.0521615691860212,0.756594920022619,FALSE
"TBC1D10B",-0.256263365264264,0.312220193583717,-0.22122344699859,0.40952030495013,FALSE
"NAE1",0.146003736125011,0.312220193583717,0.210817497367623,0.174061872762694,FALSE
"AGT",-0.184712666832241,0.312830235155805,-0.220254470224893,0.345155452644114,FALSE
"NFATC2IP",0.102488391047602,0.312830235155805,0.13146809981975,0.258537031436655,FALSE
"USP32",-0.103639225194838,0.312842015082021,-0.185518706084323,0.0771421424816521,FALSE
"ANAPC1",-0.0988805460607735,0.31305083709947,-0.0714016388513762,0.622847265493967,FALSE
"DAPK3",0.198575459228721,0.31305083709947,0.184771273328922,0.385101291901994,FALSE
"TRIM8",0.157127622846802,0.313117197785441,0.129260338268611,0.525303260016373,FALSE
"RNPS1",-0.138795923539992,0.313191067846394,-0.116516035520443,0.483632068109504,FALSE
"PTGR1",0.116758452958253,0.313240136430352,0.126537007005298,0.354363738911113,FALSE
"AC073529.1",-0.26002966014395,0.313483964464969,-0.218395604376983,0.511848431786685,FALSE
"ZNF546",0.194472666229367,0.314268229046327,0.221653261351139,0.332167993921019,FALSE
"ST13",0.224223149233869,0.314268229046327,0.337342472870435,0.0515028212830348,FALSE
"CAP1",-0.149817209121046,0.314957913427563,-0.310098202229456,0.00851135728436999,FALSE
"AKIRIN1",-0.162469931954929,0.314995407324449,-0.178634327041052,0.286043682537216,FALSE
"CINP",0.233963048804899,0.315380162997894,0.275453456136016,0.202157685838087,FALSE
"BROX",0.263372527967707,0.315674322663392,0.213987317379307,0.462424390546404,FALSE
"RTEL1",-0.265474152649105,0.315674322663392,-0.310722358081895,0.290639220713191,FALSE
"AL390242.1",0.255005782420035,0.31633626611564,0.243789242832535,0.422724205597875,FALSE
"ANKIB1",0.066426251470124,0.316564919883572,0.10823980600647,0.246780193310672,FALSE
"LINC02666",-0.282985795085237,0.316633813991916,-0.30722999055388,0.320183043972492,FALSE
"RNF19A",0.106717817453436,0.316636776355217,0.00775601144349088,0.957500056530503,FALSE
"GAK",-0.113700423681103,0.316648778116253,-0.106671034712458,0.382445415509519,FALSE
"ASTN2",0.160988561712951,0.316652066423027,0.128780393740782,0.516394282879139,FALSE
"SLC25A46",-0.145776055035963,0.316993824241762,-0.196361001623527,0.168892486844528,FALSE
"MAN2A2",0.258834639763546,0.317018579362694,0.00192414592480415,0.995176094953754,FALSE
"COPG1",-0.184369538363925,0.31743977214207,-0.229252051428733,0.304067126030037,FALSE
"WDR73",-0.11835249122623,0.317640428016371,-0.071874473873444,0.630108790242221,FALSE
"KITLG",0.143255884864693,0.317785453292312,0.213348866933857,0.302543558069094,FALSE
"TBC1D20",-0.150299064504261,0.317785453292312,-0.180550279566072,0.292679948494446,FALSE
"CAMKK2",0.128210521379587,0.318241173815897,0.211623335551969,0.146733239355674,FALSE
"CHAMP1",0.316341501233793,0.318241173815897,0.286481687525898,0.312167528178511,FALSE
"CHD6",0.0831442621206752,0.318241173815897,0.117306294429665,0.183932971473719,FALSE
"EBF2",0.0485783079832741,0.318283948031945,0.166776381058818,0.0939314045892744,FALSE
"FLNA",0.157811750724558,0.31837870458605,0.0792639297478796,0.621520908812788,FALSE
"FYCO1",0.245058491873767,0.318652897532511,-0.0606097793248721,0.76716648482478,FALSE
"GEM",0.322739432222997,0.318652897532511,0.274980403730106,0.466353840643515,FALSE
"ZNF37A",-0.100688396488147,0.318652897532511,0.0329814616099712,0.817097192562317,FALSE
"PIGG",-0.132157981645456,0.319358390066993,-0.0399227159605339,0.829191590861745,FALSE
"KLHL18",-0.162878389456437,0.31953122961284,-0.129131172491656,0.518821726890128,FALSE
"BCORL1",0.170367902190452,0.319563418534566,0.108509355213218,0.595511757560773,FALSE
"HIVEP1",0.233372826286181,0.319570085955923,-0.180739519640797,0.326455763356266,FALSE
"CBFA2T3",0.139831937529743,0.319614917230527,0.193845368481249,0.269289649413714,FALSE
"MFSD6",0.142198124051349,0.320063307027473,0.276823025363851,0.0973016321532329,FALSE
"PHRF1",-0.132063790254975,0.320461411997137,-0.0497196549677767,0.78339475943805,FALSE
"STAT2",0.182042816310076,0.320510364940162,0.102323940856312,0.604952526314665,FALSE
"GABBR1",-0.0952444788173323,0.320605103762607,-0.0506887851911348,0.684630104563434,FALSE
"HNRNPUL2",0.228900584146726,0.32104061526121,0.158125264838929,0.395729349819877,FALSE
"AC087477.5",-0.331470606544138,0.321205747593625,-0.288193462122327,0.425108950466985,FALSE
"ZNF490",-0.148935487864476,0.321443206549677,-0.13189806011549,0.444673904178809,FALSE
"PPP2R2A",0.101725287888833,0.321614038547198,0.0552142528975003,0.630362382151007,FALSE
"PSKH1",-0.203067626765036,0.321622316033737,-0.137502690551884,0.575051836634784,FALSE
"PMPCB",-0.160026707754804,0.321677874470944,-0.207172802734292,0.272149935883011,FALSE
"GMDS",0.142646593389012,0.321781285826389,0.000108350182853406,0.999483244016946,FALSE
"AC007566.1",0.122328316124317,0.321781285826389,0.103577255619848,0.483730546061428,FALSE
"SESN1",0.116661929852251,0.32184760110339,0.0873126275980628,0.36420081646188,FALSE
"PIH1D1",0.178779343062349,0.322162662526665,0.217120603950499,0.283025845135522,FALSE
"AC092652.2",-0.230676648629767,0.322751787917833,-0.134074103714583,0.694179318079795,FALSE
"FAR1",0.0962793772098628,0.322758223288381,0.00794682445411984,0.946822792543309,FALSE
"SEPTIN2",-0.0994941082685568,0.32295987397667,-0.1617912198434,0.0789707443123257,FALSE
"ADAMTS12",-0.0844875704576596,0.323101158011166,-0.195261252843952,0.254191164894562,FALSE
"ZFP14",0.208984048301806,0.323306943731722,0.24567616715036,0.285156960420126,FALSE
"OTUD6B",-0.177041422015365,0.323642057176458,-0.12497286067275,0.564001233935928,FALSE
"SFMBT1",-0.164196417520417,0.323654307105828,-0.334008233309629,0.0231420402353085,FALSE
"AC025171.1",0.142406218217939,0.323654307105828,0.21165621388846,0.141893304909213,FALSE
"KRI1",-0.224836619073046,0.323906033368554,-0.179524367650299,0.50803147763935,FALSE
"TRAPPC9",-0.100762025744707,0.324386207038092,-0.278514290467793,0.0130060082368404,FALSE
"NARS2",0.143284817960595,0.324386207038092,0.153431937015749,0.391520380466593,FALSE
"ERGIC3",-0.172377181216232,0.324754019439492,-0.135108463760866,0.503221921262008,FALSE
"SELENOF",-0.131286310955781,0.325103593253614,-0.0310449822186756,0.845615284783265,FALSE
"TM9SF3",-0.127432937751313,0.325103593253614,-0.143533485037546,0.190553569954293,FALSE
"ATRN",0.0817270840105933,0.325288335038169,0.0343708984306569,0.784768082190158,FALSE
"ATPSCKMT",0.226456888258844,0.326001139858921,0.283585530726599,0.255085228188887,FALSE
"NYNRIN",0.246467426228395,0.326541325952766,0.323298825215733,0.188944230711183,FALSE
"METTL6",0.168998343198416,0.326969755736274,0.20325008992339,0.276609108194419,FALSE
"SDC2",0.448088730328164,0.327194636711819,0.314880663523439,0.138080620443995,FALSE
"FAF1",-0.0482136817287333,0.32751428703801,-0.0510294995500074,0.455685219377487,FALSE
"NBAS",0.0939590116261134,0.327622036007125,0.0358362043439032,0.748593331014655,FALSE
"AP3M2",0.154611683905984,0.327915552669966,0.190802974521851,0.341428382683906,FALSE
"NEDD9",-0.228766829061045,0.328370254333183,-0.331291373596863,0.105072234369731,FALSE
"TTC5",0.247542853575216,0.328370254333183,0.254829237918992,0.374210312662657,FALSE
"TERF2IP",-0.112282595146814,0.328676960586038,-0.141960665974678,0.330822678957883,FALSE
"BMP2K",0.159561399231859,0.329397867834795,0.0545856544846283,0.676402680185844,FALSE
"TET2",0.090870971852408,0.329410173138407,0.00114133593340998,0.993359674229805,FALSE
"SDHAF2",-0.151568897410722,0.329410173138407,-0.0591725925137309,0.776524559981923,FALSE
"AC010149.1",-0.244064402135808,0.329639067256588,-0.263812352570896,0.347991356805246,FALSE
"DNAH9",-0.272387420975629,0.329812175649968,-0.127428383859085,0.7528894040644,FALSE
"B9D1",-0.201626749725799,0.329812175649968,-0.179081684453848,0.454722775113495,FALSE
"MACO1",0.124136899842037,0.329850857000587,0.151925676544826,0.307093028418166,FALSE
"PPP1R8",-0.199011937905874,0.329850857000587,-0.197659262138179,0.379729121019686,FALSE
"GGA2",0.126681196047815,0.330419248092306,0.109532756358523,0.48157859906851,FALSE
"AGK",-0.124153218624897,0.330503426075702,-0.121032550777961,0.477331531428791,FALSE
"KCTD13",0.172915015715914,0.33096156978946,0.22241166187387,0.285277419954774,FALSE
"HEG1",0.288494383962416,0.331012378299678,0.0177242337554823,0.927150382134784,FALSE
"TRNAU1AP",-0.110981555502469,0.331024090148285,-0.121655328127119,0.341027495506047,FALSE
"SAR1A",-0.186818067721263,0.331139973199922,-0.111577207063939,0.587174445506213,FALSE
"ZFPM1",0.234286926793423,0.331363591725453,0.260953670555818,0.281038563981246,FALSE
"NR1H2",-0.145055321701635,0.331390967319213,-0.105060982514667,0.606296769669444,FALSE
"FDFT1",-0.181451088282349,0.331442548967378,-0.0970976260084907,0.709700100430938,FALSE
"MTERF4",0.141612485443967,0.331789153918722,0.218278107989091,0.18419728716043,FALSE
"CTDSPL2",0.0866063328835875,0.331948541115049,0.154115513394824,0.134137656677206,FALSE
"LINC00240",0.23197031029418,0.332542910991797,0.410753002519283,0.107269382539324,FALSE
"ZC3H7B",-0.112944023871862,0.332542910991797,-0.0126129623770253,0.944215181670034,FALSE
"AP3S2",-0.0941627712053401,0.332678489452118,-0.0721597593126547,0.579056244987577,FALSE
"GOLGA8A",0.336390734181548,0.332823515458026,0.242301116606865,0.3697021284425,FALSE
"DGKE",0.205756356750455,0.332823515458026,0.150330161088329,0.516538603516319,FALSE
"YIPF6",-0.181483214268176,0.333080269692385,-0.277754881953419,0.0910339448634395,FALSE
"ZCCHC8",-0.0995252470613673,0.333490055002304,-0.0386981236449021,0.797092836977287,FALSE
"AZIN1",0.219178180457216,0.333654976800692,-0.0380064127056829,0.866975770927632,FALSE
"AP000331.1",-0.341085804135981,0.333654976800692,-0.482469519565023,0.254886220564249,FALSE
"BX890604.2",-0.275790607215202,0.333654976800692,-0.325004729063506,0.354094633680942,FALSE
"SELENOT",-0.238662440888533,0.334032471547327,-0.104881467362431,0.611497067959065,FALSE
"LINC01098",0.251465692136005,0.334740993635496,0.3769430359907,0.242530356039559,FALSE
"NDUFAF4",-0.222548827246926,0.334740993635496,-0.056903210405134,0.827568567483556,FALSE
"FBXW11",-0.0676877440232631,0.335078113007423,-0.0614081478106616,0.518404241045173,FALSE
"STAMBP",-0.142696454940665,0.33525098705072,-0.0421290330952969,0.844495517185099,FALSE
"REV1",0.108416021116692,0.33525098705072,0.0934892273279051,0.382667116598925,FALSE
"HNRNPLL",0.173605014654652,0.335283460940574,-0.000976851096147526,0.996289497385304,FALSE
"GORASP1",-0.243735607628202,0.335283460940574,-0.320619520513314,0.235301942650143,FALSE
"FBN1",0.297162612246471,0.335283460940574,0.246789695938172,0.00676435330258621,FALSE
"AL022238.2",-0.267228842674434,0.335283460940574,-0.287353521834446,0.373379858584287,FALSE
"EPHA3",-0.0879660573624936,0.335796645037605,-0.0900584493828442,0.600705557170729,FALSE
"ACOT13",0.196248500617393,0.335930920708303,0.244099345487439,0.191033717569627,FALSE
"AC010894.3",0.0917096097182233,0.335970881805035,0.0636982398734897,0.639133379243617,FALSE
"ZNF850",-0.262194944006669,0.336466837358927,-0.2633137506643,0.368868443489703,FALSE
"ZSCAN9",0.221314910476407,0.336536674786026,0.198610461282037,0.457301205603177,FALSE
"NXF1",-0.175104427649065,0.336536674786026,-0.0805150865103774,0.73979322203259,FALSE
"HNRNPU",-0.088688171893041,0.336809889694486,-0.148251517172557,0.0772127508122438,FALSE
"AC015853.3",-0.282175432797981,0.336872957464235,-0.305477155592839,0.319540770433887,FALSE
"ARFIP1",0.0968211829646762,0.336891667549762,0.248497616958695,0.0297305545600213,FALSE
"DNAJC27",-0.211590498188465,0.337018781619469,-0.248023528582963,0.327627443159721,FALSE
"ZNF789",-0.104401590240916,0.337084522481373,-0.0713188622814484,0.610447704847738,FALSE
"SPTB",0.265524038398661,0.337084522481373,-0.0224004976901908,0.93585132778899,FALSE
"PPP2R3A",0.130592718330049,0.337633218186071,0.0346868328270895,0.825540379371117,FALSE
"DPP8",-0.0987592267301173,0.337633218186071,-0.073506266453991,0.590008944393799,FALSE
"RAE1",0.301791735043851,0.337633218186071,0.0799777177254076,0.8074932973921,FALSE
"AL049828.1",0.102520008170456,0.33784328642639,0.134130030112463,0.38608239101209,FALSE
"EMC3",0.109387953105953,0.337891993755889,0.200843556376784,0.104456788778816,FALSE
"GIGYF1",-0.140554854349537,0.337891993755889,-0.110075813797876,0.52679024606892,FALSE
"SLC25A33",-0.166507742620108,0.338144986008548,-0.081524126525327,0.71887453251583,FALSE
"STK38",-0.10750628682408,0.338144986008548,-0.271780428177844,0.00484280460848164,FALSE
"HK1",-0.116389979121671,0.338144986008548,-0.0742119225928556,0.665702198096085,FALSE
"COCH",-0.162490654643828,0.338144986008548,-0.106493998967063,0.587584854730809,FALSE
"CRKL",0.17613889145661,0.338857751936789,-0.0357015450630749,0.893217363657193,FALSE
"P4HB",-0.286196123776435,0.339206661627887,-0.234719226055219,0.168202384376495,FALSE
"CLUAP1",0.169749765068442,0.339461943414098,0.24247645016701,0.214230551991475,FALSE
"ATXN3",-0.0843256380835472,0.339568630368494,-0.0780222572435783,0.503604341455104,FALSE
"ME2",-0.183269056970447,0.339568630368494,-0.324769508168095,0.0192631657890866,FALSE
"WDR89",-0.2218423433578,0.3398728385945,-0.274949101751093,0.276101675472812,FALSE
"TXNL1",-0.160562129238333,0.340061703353089,-0.122635452845894,0.364578210691934,FALSE
"ZYX",-0.160840130706947,0.340152483038353,-0.161159049968972,0.407080396388949,FALSE
"AGAP2",0.143663365826527,0.340152483038353,0.258275328480442,0.156915195970714,FALSE
"GTF2I",0.080899759725632,0.340203363218172,-0.0356250719918488,0.701787083266221,FALSE
"CEP57",0.121318422176987,0.340203363218172,0.136138342827526,0.294163131846349,FALSE
"PAX8-AS1",0.311419610930015,0.340219151767557,0.219187113376944,0.58115027007306,FALSE
"ZMYND11",-0.0827411813948377,0.340219151767557,-0.0453163778451948,0.688580400969803,FALSE
"KIAA0556",-0.133252808152226,0.340219151767557,-0.0985953495633815,0.561731652101607,FALSE
"CFDP1",-0.0722719019542949,0.340219151767557,-0.0373985673070077,0.775428562372981,FALSE
"PSMF1",-0.103649083397865,0.340854323899134,-0.050310976585781,0.725890820112199,FALSE
"AP002490.1",-0.237687880345976,0.341363048175547,-0.234216438529167,0.36626414108807,FALSE
"C12orf45",-0.143344619626005,0.341363048175547,-0.0720654761606776,0.748519680228371,FALSE
"UVSSA",0.188639425361471,0.341783803330229,0.23987982980744,0.246745048714447,FALSE
"AC012184.1",0.246863828543031,0.341783803330229,0.261686878974793,0.344837374930843,FALSE
"KDELR1",0.247223720991307,0.342292726002054,0.227635947439046,0.388314043561242,FALSE
"KANSL2",-0.197115538028223,0.342487360863587,-0.169054702645661,0.443104385475438,FALSE
"PPIG",0.099188851868252,0.343086047283289,0.0526421246245825,0.691725490887309,FALSE
"SPOP",0.0917659018617274,0.343086047283289,0.0591627684582899,0.662117542088184,FALSE
"TTF2",0.180377691179962,0.343181351358137,0.0477575991820236,0.824891483892527,FALSE
"PRR5L",0.206745909944149,0.343313065234524,0.325578893246468,0.229366442907546,FALSE
"PSMG4",-0.206913136789384,0.343581265880291,-0.136496206815883,0.61357036652098,FALSE
"LOXL2",0.165046447557548,0.343837393407664,0.141706182293838,0.523961737519833,FALSE
"TPM2",0.211857511341993,0.343908834217827,-0.012972075259441,0.943896456212787,FALSE
"CHURC1",-0.118107710840818,0.343908834217827,-0.0725876713065069,0.659809050572883,FALSE
"RABL2A",0.223349344677918,0.343988384376691,0.308270283129944,0.209831559997341,FALSE
"KDM4C",-0.10590009848284,0.343988384376691,-0.181016209436903,0.0325098906913714,FALSE
"ANKS3",-0.154471025978025,0.343988384376691,-0.0998756645832874,0.639062866658698,FALSE
"SMG9",0.22015074862167,0.345201488234427,0.0966943864025365,0.73740085838229,FALSE
"RB1CC1",0.076988524029977,0.345421499028759,0.0626441887424365,0.532074898362033,FALSE
"PSIP1",0.119978801494896,0.345947029914088,0.172022086320294,0.230568526999243,FALSE
"ARF3",-0.2118959004425,0.346121936498356,-0.280031315990903,0.191459469948877,FALSE
"PTPRS",0.130166102033488,0.346304036891705,0.156770334699531,0.208792727877927,FALSE
"MARK4",0.0926561156462481,0.346494895837431,0.148522470406109,0.196328801531906,FALSE
"RAP2C-AS1",0.146406538142446,0.346566039044989,0.158859747203456,0.414355496895248,FALSE
"CHD7",-0.19085793157861,0.347241050896237,-0.254996281576206,0.139254678850273,FALSE
"TMEM223",0.201837477954126,0.347298957605596,0.180420138384093,0.405460414044094,FALSE
"CCDC122",-0.251405352771564,0.347436806960189,-0.184288459975352,0.491577448840943,FALSE
"ZNF322",0.20046080284984,0.347977769413833,0.17774430732835,0.423831744190258,FALSE
"ENY2",-0.266525319585378,0.34809603874946,0.0835924633299993,0.691250523240181,FALSE
"ARID1B",0.052054098941232,0.348294138082283,0.0550348722208244,0.4658895636126,FALSE
"RNMT",-0.127057139170913,0.348298085645664,-0.217958912502829,0.097243788103015,FALSE
"IPP",0.165679403442959,0.348820372048868,0.076851472667712,0.730915189569114,FALSE
"KBTBD2",0.128037751732227,0.34890360320064,0.0514956474452468,0.750618072468948,FALSE
"RNF138",0.141976017418254,0.34890360320064,0.0280272829164623,0.899624844623634,FALSE
"ZNF557",-0.221415033568244,0.34890360320064,-0.0689246390954383,0.842241493017605,FALSE
"FNTB",0.133132195953218,0.348913509415316,0.103609278974113,0.557104586894929,FALSE
"ABCD4",0.224193177397619,0.348913509415316,0.15516893051944,0.534552797938266,FALSE
"ZC3H13",0.0986161898674893,0.349075974207206,0.0765938027920911,0.536750154269669,FALSE
"CHM",-0.0896902510947251,0.349547627847376,-0.0593454172408426,0.676349903459387,FALSE
"MED10",0.248363427948903,0.350075023452294,0.174936197704445,0.500489891815758,FALSE
"LINC02237",0.13469547242339,0.350075023452294,0.354926139191478,0.064514264091526,FALSE
"SNAPC3",0.106290265131781,0.350075023452294,0.0926342738842454,0.474826422813404,FALSE
"MORC3",0.0935072508313214,0.350635406548681,0.157476224956247,0.148530326266973,FALSE
"ZNF496",0.164470425368077,0.350843614545331,0.117646718670829,0.596255977257285,FALSE
"QRICH1",-0.103601283305776,0.351064162853278,-0.111514844460532,0.424975178731208,FALSE
"H6PD",-0.320069938742303,0.351075203798195,-0.208697601253259,0.225410138020807,FALSE
"ATG3",-0.267732334306667,0.351075203798195,-0.301279812278059,0.134092245390061,FALSE
"AP1M1",-0.166042468805733,0.351075203798195,-0.102359050160154,0.632228382531805,FALSE
"TJAP1",-0.132161483323811,0.351824563685129,-0.0829521166637136,0.617380667421019,FALSE
"TBCEL",-0.130584778878972,0.351824563685129,-0.16063909358403,0.316834331849524,FALSE
"TRIM52",0.165021174135024,0.351971913921941,0.163251291586311,0.336933756307573,FALSE
"MTMR9",-0.132373277130471,0.351999841360286,-0.109334566501156,0.538806175984112,FALSE
"FMR1",-0.133954305998745,0.351999841360286,-0.18937382285861,0.18972732742926,FALSE
"ARL5B",-0.314344760912633,0.352094441130296,-0.287671596286706,0.302300437929462,FALSE
"ZNF720",-0.149910234999669,0.352786231073293,-0.27957697825007,0.133837357622804,FALSE
"FAM160B2",-0.186914999936965,0.352901183533685,-0.146682339430997,0.52679024606892,FALSE
"RABL6",-0.104397301962937,0.352974626969468,-0.143030396249635,0.354127547701389,FALSE
"KDM3B",-0.0767841247463905,0.353800099592458,-0.0555287775936359,0.616671979450737,FALSE
"FAM114A2",-0.310898474318933,0.353800099592458,-0.112457386318762,0.727611404175883,FALSE
"TRIM4",-0.110324436243824,0.353800099592458,-0.076882031874441,0.596799540378598,FALSE
"RALGDS",-0.145876528803775,0.353800099592458,-0.107228607177722,0.590008944393799,FALSE
"SPTY2D1OS",0.211819266481989,0.353800099592458,0.221575071316132,0.378530072556291,FALSE
"GGA1",0.13134947706266,0.354179084087151,0.191076951494882,0.201447364168608,FALSE
"KCNC1",-0.215041300250684,0.354327760767693,-0.110032664438604,0.717506020914423,FALSE
"RNFT1",0.210203823015765,0.354327760767693,0.182236066802584,0.435236037019016,FALSE
"MAP2K2",0.148615339398699,0.354327760767693,0.234875173022807,0.190694863700808,FALSE
"COG1",0.171400370019628,0.354486350162415,0.175325213379559,0.399174770555299,FALSE
"CENPC",0.109306038334629,0.354615165989168,0.0537861236321022,0.719433562199927,FALSE
"HSF1",-0.176428876838841,0.355073371499721,-0.25063122534464,0.0659945484939432,FALSE
"GPATCH8",0.0513661034284846,0.355073371499721,0.074873754286116,0.308130838018484,FALSE
"TMPO",0.301972787496571,0.355208453259266,0.0704539387309741,0.716227146276489,FALSE
"NFYA",0.164727531189599,0.356204546269419,0.101023319577019,0.676349903459387,FALSE
"TRIM27",-0.120498563917876,0.356289110672442,-0.0926443536969108,0.558345226192822,FALSE
"TOX4",-0.155407583520503,0.356886803797489,-0.110579907569382,0.557104586894929,FALSE
"OVOL2",-0.216892423565211,0.356886803797489,-0.312793193136082,0.182208186479381,FALSE
"NOVA1",-0.329030808157928,0.357360844238812,0.0339728087492268,0.90621828263564,FALSE
"GPALPP1",-0.129805540894815,0.357498605714717,-0.0391587592169821,0.846911504334062,FALSE
"ZNF146",-0.119387807871636,0.357859035576004,-0.132113339801953,0.379815145379644,FALSE
"RBM4",-0.0868363296537785,0.358206676939713,-0.0404094845481164,0.721581581974083,FALSE
"MICOS10",0.198178656643152,0.358374685727186,0.267383936410026,0.30637259701754,FALSE
"AC007563.2",0.256937219625912,0.358555467278354,0.315370037638036,0.35153798395712,FALSE
"WDR59",0.106312992248078,0.358577041112456,0.10996376674821,0.415327425926977,FALSE
"AC087071.2",0.174066586328686,0.359297947715083,0.242867761322368,0.249041865452559,FALSE
"TFPT",-0.206556761433594,0.35946592480472,-0.119286226811228,0.662052436605663,FALSE
"HECA",-0.159988025403283,0.359609831586325,-0.306586511982065,0.05691739091338,FALSE
"SFI1",0.193173545369108,0.359872900002908,0.141186168000731,0.598885852444189,FALSE
"NGLY1",-0.206902716467644,0.360132090402545,-0.154668315080998,0.360577848366822,FALSE
"NDUFV2",0.15902482305491,0.361187157088754,0.122370355879825,0.380891668787416,FALSE
"GMCL1",0.188603357126449,0.361457530043165,0.112245041933224,0.691717264425085,FALSE
"NBPF15",0.190881180526176,0.361575513493172,0.243456752112553,0.292134910386593,FALSE
"ALKBH8",0.215448172167723,0.361575513493172,0.0895779679858868,0.682628590169615,FALSE
"LRP6",0.112046022690371,0.361575513493172,0.0714655771593016,0.641932589043852,FALSE
"TMEM204",-0.153837122966683,0.361575513493172,-0.114584076548718,0.60332427592434,FALSE
"AC079447.1",0.0965393356128943,0.361957686694772,0.164927493254852,0.231444131280815,FALSE
"BICD2",-0.16233035601255,0.361957686694772,-0.210823919207952,0.31283577341371,FALSE
"CHST3",-0.143942291748937,0.361957686694772,-0.145392211626185,0.418451097660483,FALSE
"EI24",-0.398690329711,0.361957686694772,-0.0392463722502444,0.883432060883328,FALSE
"RASD2",0.233643395403907,0.361957686694772,0.292672634400522,0.295529162117024,FALSE
"NUP43",-0.160387510673177,0.362178248615241,-0.216378226583225,0.235536233127089,FALSE
"SLC9A8",-0.144107962966577,0.362327785846328,-0.187315234798348,0.337130132488442,FALSE
"TCEA1",-0.118061510533445,0.362471207212499,-0.121418483689611,0.402141390217637,FALSE
"CCDC146",0.10906874939756,0.362897201256609,0.062186677903354,0.707397700435532,FALSE
"CLTC",-0.10154981133314,0.362898311991671,-0.119499075264127,0.147646498633616,FALSE
"ZDHHC3",0.160210814253146,0.363291820591002,0.13207967194316,0.516430265616578,FALSE
"DLG1",-0.0766952198447801,0.363785500676831,-0.11186471067376,0.211004096806607,FALSE
"RYR3",-0.252497853656488,0.364473913704545,-0.315632898639845,0.249843026092894,FALSE
"SYNGAP1-AS1",-0.157912219887272,0.365004576868146,-0.144452641576943,0.499347077096648,FALSE
"CTR9",-0.159383183232629,0.365004576868146,-0.0779906234479432,0.697522892128016,FALSE
"AC090115.1",0.241140279745246,0.365004576868146,0.242243148642243,0.379400620688849,FALSE
"KDM3A",0.112576712388479,0.365105651390274,0.109872220408357,0.428152421015764,FALSE
"MTR",0.112962628539597,0.365424979573117,0.00698505882137311,0.961443871125229,FALSE
"SAFB",-0.0997864963841246,0.36577219726265,-0.0933050335558814,0.447505066607688,FALSE
"ZNF786",0.272290261838859,0.365850399749979,0.38833442783109,0.242354747035246,FALSE
"PA2G4",-0.216462844793594,0.36614937947287,-0.112287771970548,0.655588887061122,FALSE
"RECQL",0.184784823584574,0.366349988452332,0.0358180487312305,0.865308961038696,FALSE
"TMEM232",0.215455130751022,0.366393147027633,0.0371302309108825,0.891651241432407,FALSE
"AAR2",-0.271630596876403,0.366393147027633,-0.164200605066055,0.643421585684575,FALSE
"FAM172A",0.0512651850891057,0.367789359702611,0.0863914926887313,0.293793050790817,FALSE
"GPSM2",-0.119182312770703,0.368734252382363,-0.216221436685194,0.105197852892813,FALSE
"SCN7A",-0.129312410199576,0.368734252382363,-0.227218393679105,0.256427150322704,FALSE
"EFCAB14",-0.131259880430081,0.368932020743406,-0.0880643651608564,0.567362433557874,FALSE
"AP1AR",0.249367553151153,0.368932020743406,0.248088376706116,0.382445415509519,FALSE
"AC087521.2",-0.213612294572783,0.368932020743406,-0.169515946382931,0.56802777239746,FALSE
"YIPF4",-0.081453470377435,0.369112833677842,-0.0712767471978382,0.513879724209159,FALSE
"UGGT1",-0.10132798361056,0.369112833677842,-0.130103767037422,0.36095386782632,FALSE
"M6PR",-0.233938689732064,0.369609730991615,-0.139037088143473,0.503275731378269,FALSE
"STK19",-0.223730643361751,0.369840588481518,-0.334199152083581,0.155719389106276,FALSE
"AEBP2",-0.082600750247433,0.369840588481518,-0.0912263585623095,0.45913510785831,FALSE
"NUDT13",-0.223961292760072,0.370429506627654,-0.241165405826544,0.38410801827588,FALSE
"FEZ1",0.215962239870135,0.370600521342838,0.184315040159862,0.522538852929271,FALSE
"RDH13",0.197781002020427,0.370620456683283,0.215273722338618,0.386270242878377,FALSE
"CEP120",0.151634212111178,0.370850482369101,0.199255961350394,0.276844916606467,FALSE
"LZTS2",0.19342613287225,0.371734189816474,0.299539971360991,0.176964547399421,FALSE
"INSIG2",0.254626280515088,0.371972518957425,-0.0329363746662156,0.908736659144549,FALSE
"TSFM",-0.221734418039882,0.372160498775686,-0.17207698387742,0.487573450133439,FALSE
"SNCG",-0.268411111478716,0.372239645085553,-0.254971121326086,0.412929542246829,FALSE
"CASP2",0.196377581119193,0.372319769976314,0.186093689204346,0.366854847851017,FALSE
"FYTTD1",-0.13565405259133,0.372680945075454,-0.088172731637191,0.610487680301424,FALSE
"AL138760.1",-0.23543060688779,0.37303890361276,-0.0975776961329839,0.744408493186861,FALSE
"GFM2",-0.153693868467472,0.37305179591045,-0.198105730830834,0.309047634710436,FALSE
"LATS1",-0.0828948009758643,0.37305179591045,-0.0663504211072452,0.606208155129299,FALSE
"CACNA1D",0.246315465873953,0.373062657576757,0.307323393940239,0.349288658692468,FALSE
"PHC3",0.0701480317230428,0.373062657576757,0.00953176657083015,0.938599671946532,FALSE
"ADAMTS2",-0.304842917937178,0.373550598798438,-0.648127494618555,0.0285096315981123,FALSE
"PRKD2",-0.157598730391861,0.373550598798438,-0.117128537716952,0.587584854730809,FALSE
"LINS1",-0.177329029853333,0.374813353067505,-0.131967111531696,0.602921449620462,FALSE
"MRPL19",-0.111906399818516,0.374960491419799,-0.0617975149556499,0.680369135408126,FALSE
"ZNF143",-0.149290726588397,0.375671112938331,-0.159247937353627,0.40133922465472,FALSE
"ATAD2B",-0.0741166347042273,0.375674938439934,-0.186488974679084,0.0465700150275649,FALSE
"PIK3C2A",-0.1092938401282,0.375674938439934,-0.152126834470127,0.119430747834549,FALSE
"INPPL1",0.21029307220893,0.375674938439934,-0.0856735337849239,0.771965674671084,FALSE
"KDM6B",-0.240943852841084,0.375674938439934,-0.17094857161921,0.598885852444189,FALSE
"ABCB7",0.119412513992775,0.375674938439934,0.0420459886679582,0.783024052939277,FALSE
"ZNF573",0.152885564886917,0.375879328195875,0.148250420895617,0.437509163288219,FALSE
"ANXA2",-0.268491834003873,0.376003168778698,-0.116997134411776,0.41522763831906,FALSE
"SETMAR",-0.230696042909045,0.376197900357851,-0.283092507188501,0.314295230426601,FALSE
"MSI2",-0.108438143652216,0.37621396643983,-0.186505588007496,0.264643274361654,FALSE
"SNX14",0.0691209519848045,0.376330649319032,0.0685074993498854,0.454934612853179,FALSE
"IGBP1",0.13941121092006,0.376330649319032,0.217673685736496,0.181533554734628,FALSE
"Z99289.1",0.147240537084979,0.376656813122761,0.186508843571279,0.300054899019759,FALSE
"TSHZ3",-0.122026757248126,0.377109593667474,-0.0536975308705716,0.783598510440688,FALSE
"ZNF107",0.194384920164548,0.377202867211051,0.248703537519976,0.285331820705565,FALSE
"ALG13-AS1",-0.129060588180034,0.377202867211051,-0.0210830042053761,0.92081289076156,FALSE
"CRIM1",0.14311872091285,0.377284940695373,-0.12747564540553,0.54871797287745,FALSE
"RTN4IP1",0.243656350375356,0.377547226484638,0.257285876334925,0.373646586635695,FALSE
"CEP295",0.16620265105313,0.377657219906294,0.113173246401761,0.584675602978612,FALSE
"AC079336.4",0.227068002476805,0.377658097826648,0.259594776628129,0.35046994611939,FALSE
"ATG2B",0.105046369894257,0.377766607134027,0.113343926280266,0.413650366213719,FALSE
"NEK4",0.134159570057402,0.377899089192929,0.185046130771066,0.310854495955019,FALSE
"CEP126",0.178425232686762,0.378669870023514,0.0285345303530115,0.89841154624299,FALSE
"MAP3K10",0.208477823324133,0.378984493906273,0.220016792549692,0.394254327521628,FALSE
"ZNF697",0.17902494679283,0.379422800723737,0.130433212386641,0.593722661998719,FALSE
"ERBIN",0.0729873967476766,0.37950911599079,-0.0148988353307833,0.900200915371907,FALSE
"EGFLAM-AS4",0.192032169987301,0.379683592139757,0.32303665280677,0.140402705689247,FALSE
"AC004253.1",-0.17032854963943,0.379683592139757,-0.106414203488763,0.669326053587441,FALSE
"CLDND1",-0.171130203549099,0.380094179940051,-0.0516245239227909,0.809482476490182,FALSE
"ELP1",0.126434261689051,0.380094179940051,0.18581504971907,0.229534262653504,FALSE
"AL353689.3",0.220677193795363,0.38012594264964,0.167430326954528,0.557104586894929,FALSE
"SGCB",-0.212265363914527,0.38012594264964,-0.0585250051023807,0.81918610693468,FALSE
"RAB11FIP3",-0.116042133040728,0.380611915591704,-0.059708454853686,0.785999877417831,FALSE
"NBPF11",0.188262879821693,0.38110614340483,0.235244078701738,0.30436994775964,FALSE
"SLC25A36",0.231928231982119,0.38110614340483,0.0107936796476268,0.939788484253318,FALSE
"ELF2",-0.0620619756088442,0.38110614340483,-0.0552282699718419,0.590008944393799,FALSE
"ZNF487",0.204328622074471,0.38110614340483,0.147598998171729,0.579289959029036,FALSE
"GTPBP1",-0.180474937920968,0.38110614340483,-0.197265934829679,0.382667116598925,FALSE
"OGN",0.225149537921269,0.381197747395942,0.206298003912309,0.388314043561242,FALSE
"AC016910.1",-0.23395021855055,0.381401287080385,-0.0723779538025057,0.839283470800077,FALSE
"UQCRC2",0.12973604951437,0.381494291331572,0.0654384925383777,0.549326684281231,FALSE
"TMBIM6",-0.173898682617057,0.381662621179034,-0.0393989396577663,0.765233715646228,FALSE
"GOLGB1",0.0749079209875481,0.381873156962342,0.00145416528751465,0.990890058533227,FALSE
"LRCH2",0.164363890183599,0.381873156962342,0.189875213425115,0.437057458146612,FALSE
"ZNF585A",0.161445816656111,0.382012810229418,0.22860746175025,0.223647769208048,FALSE
"SENP7",0.0845619187756905,0.382377392389807,0.135804668828083,0.188230248294947,FALSE
"STK17A",0.118338897924413,0.382395203611838,0.0535081546857272,0.774088908795062,FALSE
"ARL13B",-0.10778382061929,0.382848671201054,-0.0797360445881416,0.6370026539496,FALSE
"GLO1",0.155422030256469,0.382848671201054,0.160913642913942,0.468384470438063,FALSE
"DNAJC8",-0.148364803695725,0.382910463023992,-0.0167372021258142,0.939788484253318,FALSE
"FBXO11",-0.0499443769806017,0.382910463023992,-0.0548997671231951,0.557104586894929,FALSE
"TLK2",-0.0766954342132784,0.383181987801725,-0.0429060602524562,0.71596725920478,FALSE
"TMEM68",0.140975294764526,0.383542628732142,0.223546445591373,0.203543148448602,FALSE
"CERS2",-0.180415754591212,0.383727186304041,-0.324642809951341,0.0750354078844134,FALSE
"PTTG1IP",0.270467841587875,0.383727186304041,-0.0411856200091357,0.792519280472318,FALSE
"TMEM161B-AS1",0.0927340350603856,0.383727723618488,0.0156996212489213,0.90621828263564,FALSE
"UHRF2",0.0808615047649165,0.383727723618488,0.131309445949282,0.21274425078449,FALSE
"FARP2",-0.0997295373423358,0.383903472625674,-0.0443253429437708,0.792583707930135,FALSE
"E4F1",-0.187402256534543,0.383917652247267,-0.132666268631386,0.618935529305288,FALSE
"WDR70",0.0480617252011371,0.384217794633959,0.0354567197639527,0.669326053587441,FALSE
"ZNF398",-0.121491644335734,0.384217794633959,-0.0875323370390624,0.643868006459712,FALSE
"NOTCH1",0.148755480052633,0.384217794633959,0.226020503917192,0.244483911193977,FALSE
"FNTA",-0.0894521641761076,0.384442250927519,-0.0313469667122359,0.845228353324155,FALSE
"NCKAP5L",-0.204444026396127,0.384442250927519,-0.1995276825898,0.382151254155699,FALSE
"FBRS",-0.153755797202896,0.384442250927519,-0.0947058240593096,0.656137887169064,FALSE
"ZNF217",0.175138462222155,0.384442250927519,-0.110314327651681,0.506125844799615,FALSE
"OGFOD1",0.175124568826046,0.384546149032457,0.241301462719644,0.220166603300021,FALSE
"VTA1",-0.12323599370555,0.384549689332612,-0.0755254180720699,0.696656686960619,FALSE
"GOLGA1",0.126430893605796,0.384549689332612,0.183081433507918,0.308130838018484,FALSE
"SLC25A21",0.175235619913834,0.384549689332612,0.152030791263164,0.61635287229976,FALSE
"MAPRE2",0.12602489174588,0.384549689332612,0.0741267344841221,0.633835466917875,FALSE
"SLC25A53",0.143047926007548,0.384549689332612,0.18926836725315,0.283232895891214,FALSE
"AC008014.1",-0.141184436397915,0.384994507169899,-0.12462624516885,0.633835466917875,FALSE
"RGS6",0.229819239140886,0.384994507169899,-0.192921671723801,0.62971145042993,FALSE
"AKT2",0.129394420436232,0.384994507169899,0.0981047455212907,0.564564700521795,FALSE
"TOM1",0.152151074332009,0.384994507169899,0.198298852991321,0.273143992258672,FALSE
"DEDD",-0.175192893946403,0.385371019787617,-0.177501810723399,0.42525803559389,FALSE
"ZNF519",0.320712306332421,0.385371019787617,0.317704391562753,0.228028838730041,FALSE
"AC092650.1",-0.240979560791471,0.385426397445428,-0.255600836859805,0.424975178731208,FALSE
"AC092164.1",-0.242786739866177,0.385457360876456,-0.183013050910851,0.604343276654226,FALSE
"NAPG",-0.131257063618408,0.385531355197476,-0.212206390694623,0.220461915728052,FALSE
"INTS13",-0.236576646767165,0.38577902562831,-0.182281354749997,0.548202904998912,FALSE
"TRAF3IP2",-0.0965140562677039,0.385798324917488,-0.061900753065003,0.680960368197641,FALSE
"MICAL3",0.266768120909862,0.386432230739598,-0.101416622977296,0.454452308240871,FALSE
"LINC00989",0.119514501653798,0.386784771221161,0.18608169789898,0.367583732608275,FALSE
"AGFG1",-0.161339739188719,0.387698666764956,-0.0866131452843491,0.439285861944972,FALSE
"TMCO1",-0.107532696799756,0.387774845521639,-0.0428551682248855,0.802110971752452,FALSE
"GNPAT",0.123325468471187,0.387871051239931,0.161533221513862,0.292009126021432,FALSE
"DCLRE1C",-0.146991572961318,0.387871051239931,-0.113862972761171,0.582923353115156,FALSE
"ELK3",-0.183505289862554,0.387967005276521,-0.168116886979549,0.220025403185358,FALSE
"ARHGAP24",0.272121731358476,0.388261463533647,-0.0303448930210674,0.879876154756129,FALSE
"SCO1",-0.149675504212082,0.388331806147887,-0.10020788406603,0.630613455627313,FALSE
"NBR2",0.199332737492225,0.389072442698677,0.186262897665671,0.463350562334934,FALSE
"PTCH1",0.158975694226578,0.389080194993682,0.221736569876473,0.284695780073626,FALSE
"BCR",0.223307888467216,0.389080194993682,0.112767697365155,0.683146362613843,FALSE
"HNRNPR",-0.0768404976961442,0.389483719428301,-0.0602658467040627,0.606208155129299,FALSE
"CCT4",-0.157450134187835,0.389483719428301,-0.163530728665604,0.45337162646813,FALSE
"AC005237.1",0.237377712489426,0.389483719428301,0.301591962497,0.255121367366947,FALSE
"MTHFD1",-0.14696284833297,0.389656701994888,-0.0621180030830615,0.782363835961301,FALSE
"ETFA",-0.106805261629193,0.389656701994888,-0.22512134265404,0.00847189374697851,FALSE
"SPAG7",-0.160634598968068,0.389656701994888,-0.0160909496185535,0.953417397029778,FALSE
"TMEM185A",0.162807961849038,0.389656701994888,0.235684247701823,0.272149935883011,FALSE
"LRIG2-DT",-0.181835136326682,0.389708844294111,-0.164337528143767,0.539259393765233,FALSE
"LINC02516",-0.290821943170876,0.389708844294111,-0.297884227874677,0.445912183110828,FALSE
"GTF2IRD2",0.128429311522021,0.389708844294111,0.125585772792899,0.483895562556167,FALSE
"ELOA",-0.164834902534127,0.392558662522221,-0.147796651284688,0.531235823292019,FALSE
"WDR37",0.113428244144506,0.392558662522221,0.0950030176153337,0.429879949796031,FALSE
"KLHDC8B",-0.175092159020902,0.393229044572833,-0.0888311260334054,0.706619503998831,FALSE
"ARHGEF12",-0.0447607100075655,0.393229044572833,-0.0454148086732485,0.648495838695314,FALSE
"PI4K2A",-0.193587769382364,0.393296989031701,-0.0977913166541861,0.71839697686578,FALSE
"XPNPEP1",-0.170641360892134,0.393296989031701,-0.205970081707213,0.265707852859493,FALSE
"C2orf92",0.185631990720652,0.39352896238243,0.215009474925661,0.416208815644992,FALSE
"CREM",-0.159435497098078,0.393654116593921,-0.139475845688902,0.378787079384355,FALSE
"PDCD7",0.135665913209754,0.393654116593921,0.242512328693698,0.125586588677685,FALSE
"CMTM7",-0.131756144159298,0.393883709038365,-0.143571247906975,0.408374455304969,FALSE
"ZBTB8OS",-0.0912113583948548,0.394141550041274,-0.00199659443140354,0.990527247993144,FALSE
"NUDT9",-0.167794489215623,0.394141550041274,-0.152297738982442,0.544825679593378,FALSE
"KANSL3",0.0867414459259344,0.394343432927269,0.0378087982449612,0.784996888042453,FALSE
"AP000779.1",-0.13188660913705,0.394343432927269,-0.105610218187904,0.602661138675866,FALSE
"NSD3",-0.0593599281317727,0.394652929666207,-0.0408653438393364,0.675057707145415,FALSE
"LZIC",0.211758761137484,0.394905602385955,0.223454703887318,0.341041246028453,FALSE
"SRPK1",-0.110779434532658,0.394905602385955,-0.0320517103128307,0.861423398024542,FALSE
"MGRN1",-0.0952945910806252,0.394905602385955,-0.122391359895194,0.396898465904905,FALSE
"TMED10",-0.219975502813778,0.394955357805145,-0.0964709364226702,0.555753271796716,FALSE
"SLC33A1",-0.139786473358592,0.395563400994123,-0.0898480794443537,0.562547770532871,FALSE
"TRPM7",0.126186956782507,0.396194366956417,-0.0202075476679164,0.854218584652662,FALSE
"SNHG7",-0.265652485276071,0.396199483728137,-0.0251482804499098,0.93623145785233,FALSE
"SPG7",-0.108898534498678,0.396216537562517,-0.0421503186069146,0.808415143224023,FALSE
"AREL1",-0.134871028410334,0.396267409255701,-0.10855238618689,0.57709459859579,FALSE
"MCC",-0.0836404926472662,0.396431399952161,-0.112994354221068,0.503604341455104,FALSE
"DRAM2",0.19525084224499,0.397248132019512,0.0816984118411127,0.682675082684663,FALSE
"COL10A1",0.165861640235947,0.397697670183232,0.171073154275636,0.486027908583348,FALSE
"CNBP",-0.188142953084586,0.398021182431863,-0.00448370180217353,0.975340948913763,FALSE
"PLGLB1",-0.177742541612626,0.398637628401518,-0.205966832477149,0.352982817188143,FALSE
"PGAM1",-0.183653757414613,0.398637628401518,-0.105426161197406,0.660577094926884,FALSE
"CNTNAP1",0.121103314906745,0.398637628401518,0.23779294074253,0.12260003197411,FALSE
"LINC02381",-0.2410864172791,0.39911210830403,-0.283156846678437,0.386607920096058,FALSE
"FERMT2",-0.0603309217544705,0.39911210830403,-0.0101098347757824,0.939788484253318,FALSE
"TNRC6A",0.0642681316274354,0.39911210830403,0.0507753145521399,0.58208990082421,FALSE
"C8orf76",-0.142416977759583,0.399332392572073,-0.15778165426274,0.444673904178809,FALSE
"CPSF6",0.0829916374678361,0.39963548264993,0.0659231485125166,0.575397548786926,FALSE
"MRPS26",-0.207211798870217,0.39963548264993,-0.0602344565054629,0.836097943303067,FALSE
"AC073896.2",-0.228151499594717,0.399878222624656,-0.27459021208237,0.346287018871379,FALSE
"SRP72",-0.146423711820791,0.399970027882131,-0.0731650612728755,0.731642649078805,FALSE
"UEVLD",-0.100166439808713,0.399977380814373,-0.0998317934533315,0.544762496452536,FALSE
"ASPH",0.200535441434949,0.400034332585029,0.101535085065979,0.326883698802616,FALSE
"MRPS28",-0.097528996937268,0.400034332585029,-0.0757063669694944,0.59238350390767,FALSE
"AC006547.1",-0.165927477338645,0.400034332585029,-0.224579091858601,0.289672573449073,FALSE
"GPATCH2",-0.105861526660088,0.401073242238121,-0.280662844075823,0.00727977400254817,FALSE
"PRKD3",-0.098459447505156,0.401073242238121,-0.0290014809466417,0.86057060774771,FALSE
"PDLIM7",0.183640841608048,0.401235171418811,0.208669111697011,0.428152421015764,FALSE
"EPHX1",0.122505022276832,0.402009683021223,0.170329351143444,0.356360225044118,FALSE
"POM121",-0.080959343828779,0.40210852462158,-0.0951585884378787,0.491577448840943,FALSE
"MTDH",-0.0636747956655114,0.402304840517278,-0.0740544272209328,0.41522763831906,FALSE
"FARP1",0.0769380382645568,0.402304840517278,0.193381637096416,0.139878266018158,FALSE
"ZNF594",0.212698884438614,0.402304840517278,0.233026254071845,0.32757442281528,FALSE
"RAD51-AS1",0.129276719529132,0.402369368262106,0.192659917274961,0.234567263238007,FALSE
"POLR2J3",-0.174858963749282,0.402590233063813,-0.148727259422858,0.583149102242286,FALSE
"SLC31A1",-0.1835207883403,0.403068176039311,-0.304749678058925,0.183014197317804,FALSE
"WDR45B",-0.111155566472608,0.4042188499788,-0.106405624826672,0.516538603516319,FALSE
"PDIA6",-0.238714877503096,0.404595645660622,-0.0822583891116366,0.708808741849856,FALSE
"DAG1",0.238669177077922,0.404740049144917,0.0644690671340514,0.687592735923085,FALSE
"LUZP1",0.112280530901253,0.404820429517409,-0.0024597513922639,0.988541276810437,FALSE
"GALNT11",0.0834778608100205,0.404820429517409,0.0887678092817406,0.533435974917805,FALSE
"NDFIP2",-0.193940340581288,0.404820429517409,-0.0326296992827528,0.875786824691047,FALSE
"ZNF749",-0.215245801839122,0.404820429517409,-0.154056697779674,0.655771747909679,FALSE
"MAPK8",-0.0774806528483011,0.404979286058767,-0.0785568845396968,0.507388932112006,FALSE
"AFG3L2",-0.157130027816518,0.405332471786431,-0.111810728431502,0.35307688809966,FALSE
"HELB",0.226272165711344,0.405635780128424,0.139297367274423,0.709700100430938,FALSE
"ASB8",-0.269455980005423,0.405658363078321,0.0302922216938095,0.909843816991064,FALSE
"C12orf73",0.173671425861706,0.406016292019224,0.191964969849216,0.406236939434131,FALSE
"BTBD7",-0.075421887844097,0.406092654393151,-0.026968722738686,0.856496693244383,FALSE
"GANAB",-0.0967313881119665,0.406166686557463,-0.0750515991874632,0.597849006305168,FALSE
"NSUN3",0.121098025497703,0.406173158837957,0.148538218751307,0.410354647452098,FALSE
"ZNF235",0.0933444231462876,0.406173158837957,0.190963399534929,0.120373414581279,FALSE
"CCDC6",0.18884968757739,0.406878026709458,-0.137267947188652,0.509209739656222,FALSE
"BEAN1",0.302538129169185,0.406878026709458,0.345396690163952,0.380437647113612,FALSE
"AC138512.1",-0.406761246812189,0.408371555968934,-0.435205404960824,0.428152421015764,FALSE
"MRPS9",0.133364780965785,0.408841234580748,0.168018936359691,0.259846815368113,FALSE
"ZNF41",0.127097616551778,0.4091465003708,0.098658846312706,0.612654116712543,FALSE
"EDC3",-0.111379465415759,0.409146561351549,-0.0266648882619906,0.894751192618521,FALSE
"CTNS",-0.158125055784583,0.409273776783771,-0.195857973278298,0.335532583695265,FALSE
"PCNT",-0.0975345062071782,0.409273776783771,-0.180707733533609,0.177193600015111,FALSE
"NUP160",0.0775084362458317,0.410686699120967,0.150557930440913,0.149698366131496,FALSE
"ARHGEF40",0.105499589464541,0.411021209226404,0.130798802470837,0.366516540404141,FALSE
"BTBD1",-0.153663013712893,0.411021209226404,-0.238375534643469,0.127982835131964,FALSE
"TIMM44",-0.148465533006154,0.411039164547867,-0.0959494447938497,0.669326053587441,FALSE
"RNPC3",0.0973578847626372,0.411129092161334,0.149348420995188,0.263336430918806,FALSE
"RNF139",-0.198560244210745,0.411627811366312,-0.201348785180748,0.347831768324115,FALSE
"PKD2",-0.0793076076020213,0.4121115531594,-0.137667584144642,0.326455763356266,FALSE
"DPH5",0.285647486698702,0.412137649489957,0.162139819773235,0.555753271796716,FALSE
"P2RY14",0.132811824002549,0.412137649489957,0.202263717164449,0.40621141714165,FALSE
"DENND1A",-0.0571627237780198,0.412137649489957,-0.0405177961852796,0.715629663621886,FALSE
"RBM39",-0.0525367936177266,0.412137649489957,-0.0368660849124346,0.683900579859696,FALSE
"SPATA1",-0.121034767426168,0.412259555092982,-0.115155732647356,0.488282374112919,FALSE
"TBC1D12",0.133552451043211,0.412259555092982,0.146601788867958,0.42934390487732,FALSE
"FTX",0.0347762381608993,0.412351287948906,0.0768463287632726,0.235301942650143,FALSE
"COPS7B",0.186616125378772,0.413317949349382,0.247457631555633,0.246442714291139,FALSE
"IQCJ-SCHIP1",0.14444508695949,0.413772366729316,0.00406823791773412,0.983614891212433,FALSE
"AC018362.1",0.107837424938301,0.414143625323157,0.100335760582908,0.514088451429121,FALSE
"SPATA6",-0.108407171877743,0.414161993999279,-0.109501897773249,0.39335974535376,FALSE
"STXBP5-AS1",-0.228650629360952,0.414783016945186,-0.238322207559396,0.533435974917805,FALSE
"EXTL3",0.197780440240257,0.414783016945186,0.116441610421341,0.615485359202831,FALSE
"NDUFB2",-0.205814116614934,0.41519630791399,-0.0922918913557599,0.629732808598325,FALSE
"FDPS",-0.139464796390833,0.415312671607957,-0.175477693909025,0.436836888439114,FALSE
"SMIM13",-0.158754183128735,0.415580911312103,-0.166034974092095,0.426058795386133,FALSE
"UNC13B",-0.0734090754973334,0.415580911312103,-0.137501647010477,0.187957232529755,FALSE
"MTFMT",-0.173318537630082,0.415580911312103,-0.126776542828455,0.585843604539582,FALSE
"WASHC4",-0.0647814266907301,0.415587664923256,-0.0456898917062899,0.680943959010722,FALSE
"KIF26B",0.200359828485716,0.41565042839575,0.175740734637852,0.518034725425594,FALSE
"CAND1",0.091104518983697,0.41565042839575,0.0968913859115807,0.433166524688125,FALSE
"CWC25",-0.143309260413458,0.41565042839575,-0.0882853086773589,0.670640426357925,FALSE
"CDC42",-0.136180072782046,0.415831281007965,-0.0992006703655009,0.387254506764149,FALSE
"AGTPBP1",0.194750314449226,0.416027091984863,0.0265758979346081,0.846797448415156,FALSE
"SMARCB1",-0.13227129877746,0.416027091984863,-0.0727852170880958,0.731062447745876,FALSE
"AK9",0.164424390269346,0.41645316575203,-0.0304408409339095,0.90519884202912,FALSE
"CRADD",0.0848377572356157,0.416672362536049,0.128461138922151,0.203507246784307,FALSE
"SCYL3",-0.146111585046521,0.416884357044243,-0.0804142905664461,0.723096254983265,FALSE
"PARP16",0.205768275660534,0.416899969963557,0.13093078881395,0.673704941628723,FALSE
"AC011246.1",0.163550891130182,0.416996304191176,0.0964102245796277,0.780012788457399,FALSE
"EIF2S3",-0.0976839459555643,0.417082835311914,-0.031520584440747,0.861615537765627,FALSE
"CXCL12",0.236735917646897,0.417428717503876,0.240661657279267,0.170876289328043,FALSE
"WDR81",-0.204437555291141,0.417428717503876,-0.144125068040015,0.639961223210616,FALSE
"MERTK",-0.283260537466383,0.418144499534865,-0.294323961837902,0.158115630284089,FALSE
"SLC35E3",0.152341670917737,0.418144499534865,0.265345904408529,0.207657961710629,FALSE
"TMEM219",0.311045642683471,0.418236176205101,0.277516098714531,0.361640698280592,FALSE
"KLF8",0.147753217069109,0.418236176205101,0.244554813558223,0.189997612581068,FALSE
"UBN1",-0.139417364893363,0.418383376992133,-0.087563013212941,0.547361328334258,FALSE
"MTG2",-0.10539690468087,0.418568390176512,-0.00119680664924746,0.9955153974998,FALSE
"TMEM50B",-0.102034155751341,0.418568390176512,-0.0638221109912,0.683014999830239,FALSE
"SPATS2",-0.084809495104789,0.418628647960953,-0.110339220488064,0.439242547320153,FALSE
"UGP2",-0.110777902876143,0.41864685970549,-0.070625967745864,0.559349010076346,FALSE
"ACTR2",-0.0903384581751942,0.41864685970549,-0.127185331075177,0.193762338891969,FALSE
"HMCES",-0.165822824506806,0.41864685970549,-0.140838587432826,0.584597511034774,FALSE
"AP001767.3",-0.110047546402075,0.41864685970549,-0.025111515059529,0.90621828263564,FALSE
"AKAP11",0.113725916301063,0.41864685970549,0.0200956377722586,0.91787790915201,FALSE
"LIG1",-0.214171929172307,0.41864685970549,-0.099366472151404,0.780987394234447,FALSE
"TBC1D25",-0.201126318088144,0.41864685970549,-0.149793474965333,0.619651014554799,FALSE
"TENT4A",-0.086248009706524,0.418888550912704,-0.01763647307461,0.910658993266413,FALSE
"GALNS",-0.153036223949513,0.419016555263633,-0.102441103380595,0.670242973880998,FALSE
"PNN",-0.0708651337341465,0.419263815605682,-0.0364211070236712,0.76716648482478,FALSE
"ZNF24",-0.156149376693079,0.419263815605682,-0.058421886062491,0.798782270722147,FALSE
"IRF3",0.123061380532413,0.419263815605682,0.0863369308524067,0.630613455627313,FALSE
"PSMD9",0.122484232578798,0.419375378765028,0.0570696658989202,0.76926182736437,FALSE
"MEST",0.201740213441152,0.419736148361696,0.276377005965872,0.305102921540228,FALSE
"ALKBH3",0.197056373036881,0.419883687299982,0.188736757693469,0.48263091099207,FALSE
"AL049646.1",0.148283695350979,0.420072995776318,0.310246238586046,0.116934836237777,FALSE
"SPATA5L1",-0.202943827189557,0.420161690901603,-0.117481702884602,0.680231093756027,FALSE
"CDH12",0.143298589687382,0.42041846240158,0.200193369792873,0.298728644308677,FALSE
"WDR35",-0.175488344756077,0.420938800415078,-0.1077290911153,0.680955423196465,FALSE
"TOGARAM1",0.0883451214076869,0.421169315700273,0.0392177066193156,0.789351072668446,FALSE
"RNF168",-0.0958141064703059,0.421204569077679,-0.0934433623506629,0.566884705944122,FALSE
"MAPK14",0.103643394445668,0.421454742331662,-0.0319476219884109,0.837329352089858,FALSE
"RFC1",-0.11855024879639,0.421573554288447,-0.090799549150359,0.622850073660901,FALSE
"TMEM273",0.15143914187091,0.421613864946256,0.239827241268213,0.268341051127813,FALSE
"CBLL1",-0.196338669618921,0.422032748872425,-0.0939490704086142,0.753220936560651,FALSE
"PDCD6IP",0.117642374078404,0.422440337108005,0.11909996637884,0.314663253536547,FALSE
"REST",0.142181294765332,0.422440337108005,0.118095092502684,0.578810471502329,FALSE
"PLCB1",0.270882090824998,0.422440337108005,0.0258122124953354,0.847658815762801,FALSE
"BTAF1",-0.0781730393380445,0.422618811519943,-0.143785053321882,0.246363578385214,FALSE
"STX18-AS1",-0.126957392542589,0.423342506271518,-0.0985693744975895,0.665065899206145,FALSE
"MBTPS1",0.0975800820818906,0.423956952636971,0.0654957281174535,0.629732808598325,FALSE
"ZNF585B",0.114567625191822,0.424676857326501,0.154425179541046,0.36381620183645,FALSE
"WASF2",-0.0629725588860452,0.425283690068666,-0.136102892491525,0.0949873675665341,FALSE
"MYO5A",0.159879892522613,0.425289328247974,0.0712278433247621,0.576206510346433,FALSE
"MTBP",0.15581967730451,0.425824264670684,0.297948745868664,0.180005869099018,FALSE
"CDK17",-0.0970484855543565,0.425824264670684,-0.206360760796743,0.10160397065095,FALSE
"OSGEP",0.172342784146508,0.425824264670684,0.202811936928915,0.371619350634867,FALSE
"ELK4",-0.117632521142053,0.425984960855077,-0.126547234632177,0.413613075538396,FALSE
"FNBP1",0.0698212916501125,0.426042584900788,0.0309800813114981,0.85366163061433,FALSE
"AC007389.1",0.133683767416489,0.426222999593676,0.126291750228428,0.582102959675136,FALSE
"LRRFIP2",-0.0662284071229655,0.426222999593676,-0.0794831790173482,0.287169714221973,FALSE
"FOXN2",-0.11019837734263,0.426591115890947,-0.0970363288951107,0.584788767628207,FALSE
"TTC33",-0.117774068500549,0.427754294582296,-0.0712194699254158,0.674006224381154,FALSE
"DLG5",0.0945148082242872,0.427765334006215,0.085870570222825,0.592864748185955,FALSE
"ISYNA1",0.153043491506267,0.427766257114125,0.203881864311016,0.363810800346241,FALSE
"TNKS2",0.0783860866076367,0.428383050745056,0.0322354315674368,0.789911060360374,FALSE
"ZFP36L1",0.253381098618948,0.428383050745056,0.0708398332995049,0.64752606688758,FALSE
"XRN2",-0.0949153605078977,0.428383050745056,-0.0704831539081178,0.593402750124468,FALSE
"ZMPSTE24",-0.15999206020484,0.428480500043086,-0.21122275807779,0.257627452936799,FALSE
"ORAI2",-0.207478211050978,0.428480500043086,-0.268810023683596,0.35696671635982,FALSE
"CNOT10",-0.0789504239227614,0.428590831698981,-0.0830745926815885,0.495514713125247,FALSE
"TMEM192",-0.196105229702773,0.428831117696793,-0.36274387553443,0.157939187458994,FALSE
"CHD2",-0.0548330402953536,0.428831117696793,-0.0995856312085606,0.280635331120216,FALSE
"MAP1LC3B",0.212951812043944,0.42888835871539,0.186234837524488,0.271501818097782,FALSE
"FARSA",-0.220081774866888,0.42888835871539,-0.119780624086678,0.713369095591047,FALSE
"ZRANB2",0.075375789192516,0.428964507402651,0.028134525254257,0.792340933336042,FALSE
"AC073050.1",-0.243724943444539,0.428964507402651,-0.169230376158565,0.707500300516914,FALSE
"POC5",0.157028516610543,0.428964507402651,0.161128041651818,0.488282374112919,FALSE
"SLC25A28",0.188937120750446,0.428964507402651,0.16627604259684,0.493511899974125,FALSE
"WDR19",-0.15858265336842,0.429280691231117,-0.0709712946681576,0.76926182736437,FALSE
"SERHL2",-0.134376679434307,0.429391978485875,-0.0712056229833482,0.771004056719442,FALSE
"POLDIP3",0.169069903530228,0.429391978485875,0.177715947713046,0.472110304421715,FALSE
"CHROMR",0.190895795477048,0.429807683510823,0.070472832597842,0.761176657057335,FALSE
"ZFPM2-AS1",-0.0624872866324599,0.429807683510823,-0.0192831658960107,0.907738477366523,FALSE
"SAV1",-0.139817291199036,0.429807683510823,-0.0539445105390777,0.808415143224023,FALSE
"DUXAP8",0.329227756850998,0.430110252752798,0.478507597449826,0.329514595990531,FALSE
"RCSD1",0.0998101797606376,0.430199482974136,0.138689350488379,0.415051771293997,FALSE
"ZNF654",-0.0775875811079828,0.430199482974136,-0.0718396298764564,0.564760905590735,FALSE
"CLMAT3",-0.106674349346903,0.430354939102234,-0.025867675120119,0.899144110645404,FALSE
"PTK2",0.0380775325785564,0.430395615124292,0.0857190934261166,0.285277419954774,FALSE
"DDX6",-0.0620289458583457,0.430395615124292,-0.0291212579280442,0.787121343342415,FALSE
"FOXJ3",-0.0625732851160559,0.43044951423164,-0.0478710746719301,0.684337773863276,FALSE
"PI4K2B",0.124365131709437,0.43044951423164,0.151020964130024,0.366244530613212,FALSE
"NAPA-AS1",-0.143656971286888,0.430597374953867,-0.0906511418447546,0.68413920612012,FALSE
"FRAS1",0.203902451335375,0.430708648351737,0.339710267895691,0.256249845891661,FALSE
"AL589843.1",0.133171060261993,0.430708648351737,0.134474380666371,0.529057466363758,FALSE
"BLOC1S5",0.201003603291947,0.43072419570996,0.0289623115181889,0.921930612358299,FALSE
"UGDH",0.163427401508233,0.430772838977722,0.200404235751503,0.371480283857619,FALSE
"HARS",-0.154440902854868,0.431208669553855,-0.0793304053427921,0.765979053241179,FALSE
"GXYLT1",0.179074621107909,0.431453737963631,0.166862575219772,0.507946938418818,FALSE
"RRM1",0.263298439391878,0.431560335021629,-0.00096821535581645,0.998063131167522,FALSE
"ENOSF1",0.124102222766712,0.431560335021629,0.078275717857492,0.648910378263113,FALSE
"USP25",-0.0925877985845568,0.431560335021629,-0.105241327995422,0.315523050160152,FALSE
"LPXN",0.192377079325912,0.431586544700791,0.0160304570108602,0.956452785148146,FALSE
"ARG2",-0.19585483152436,0.431915485957842,-0.271109995253099,0.3542504271496,FALSE
"SPAST",0.123850948187976,0.432231083747422,0.0863152258075746,0.59354733345958,FALSE
"PPP6R3",0.0530499675581812,0.432231083747422,0.0367677580833686,0.716560275553303,FALSE
"TAF1D",-0.0763949365612399,0.432231083747422,-0.0537346372797204,0.673704941628723,FALSE
"UBAP1",-0.0909743784311403,0.43238441814806,-0.140932873761855,0.218181745981682,FALSE
"RFTN2",0.126174945230877,0.43241488650231,0.223032048745784,0.245518440765824,FALSE
"EVI5",-0.0663984048485709,0.433009101274318,-0.0953038350637109,0.260301012853842,FALSE
"STIP1",-0.16624287886591,0.433332610977067,-0.132265172626437,0.600822857668383,FALSE
"NPTN",0.122955670682537,0.433512250482142,0.0518719675166785,0.684774582711224,FALSE
"CDH11",0.0884853701799465,0.434213084507617,0.134698611574231,0.413312275008912,FALSE
"ARHGAP5",0.114653621097818,0.436130710625897,0.0282655894459974,0.80812803387884,FALSE
"HDAC3",0.139396686859552,0.436244465535964,0.19174277174116,0.334156667670034,FALSE
"CDK7",-0.177288336909769,0.437574833501544,-0.133774559227373,0.618813003893562,FALSE
"PLRG1",-0.244847179445979,0.437676644408759,-0.18390039306701,0.457255453860684,FALSE
"OSTM1",-0.15684933014213,0.437676644408759,-0.164409268703118,0.463601164731705,FALSE
"ACSM3",0.338112725585058,0.437676644408759,-0.00973491208585715,0.950947134679084,FALSE
"USP42",-0.103452344390518,0.437696580459077,-0.0467740114890487,0.792519280472318,FALSE
"CDK14",-0.0843115432438585,0.437729627397009,-0.160309120751846,0.27058709680306,FALSE
"FAM222B",0.0817365029437728,0.437729627397009,0.216177211849013,0.0796776716475332,FALSE
"DCDC2B",-0.200335125101102,0.437745313862051,-0.198007893172039,0.472587002928079,FALSE
"WDR7",0.0726588497695622,0.437903430947007,0.00145649275971486,0.991761886904102,FALSE
"LAMA2",0.194217904440989,0.43797510779921,0.0761952822356135,0.701500136130331,FALSE
"GALNT10",0.173397452938728,0.438033587453508,0.0891856955796734,0.635995639169487,FALSE
"CCDC174",-0.140284807201101,0.438086828796684,-0.0914970200142472,0.686785399488192,FALSE
"PIAS3",-0.212547341036029,0.438197172808823,-0.186026881834939,0.602185177323099,FALSE
"TRPC1",0.0611221685839724,0.438197172808823,0.0267335749921795,0.832918769045715,FALSE
"ST6GALNAC6",0.191747799989155,0.438197172808823,0.238744137077061,0.304389867844377,FALSE
"OXSR1",-0.117917012044804,0.438504373588742,-0.175218890948211,0.266523472924183,FALSE
"TIPRL",-0.128764620689817,0.43864361054846,-0.063331516581365,0.780974405695838,FALSE
"RCAN1",0.21572218918185,0.438777253961652,-0.193972860486814,0.195858419753743,FALSE
"SCUBE3",0.120948085618565,0.438867502447674,0.171369709084255,0.349288658692468,FALSE
"TMEM59",0.161768176963031,0.438924504973316,0.16401811496271,0.219754153646931,FALSE
"EXOSC9",0.162223753468916,0.439092219766693,0.0951316479460222,0.68578308324186,FALSE
"AL031772.1",-0.140063392421326,0.439193852262729,-0.078797032445531,0.728152755738423,FALSE
"ARPC4",-0.185502278331254,0.439315579198003,-0.106788759048828,0.665324620976626,FALSE
"SAP30BP",-0.102976609523873,0.440752550402055,-0.0571342664135863,0.745161915564466,FALSE
"USF3",-0.0978557332574912,0.440894977510485,-0.048797002259223,0.784996888042453,FALSE
"IFT57",-0.15532850327898,0.441262374085676,-0.117613975751998,0.619390731229206,FALSE
"ERMARD",0.14819007883593,0.441274683090453,0.148918350713759,0.42525803559389,FALSE
"DUSP22",0.164980397281598,0.441384733407267,0.0385434124265423,0.885068579608185,FALSE
"GSN",0.0900331565316373,0.441384733407267,0.0683055055946915,0.3697021284425,FALSE
"AL445465.1",-0.226756928932097,0.441604909276047,-0.231634746021554,0.465657353161081,FALSE
"NUDT2",0.137501840324562,0.441604909276047,0.253232855541561,0.188931111972102,FALSE
"PDLIM5",0.209416767880806,0.441703860062147,-0.0160232763976638,0.832918769045715,FALSE
"BRPF3",0.216685586144262,0.441703860062147,0.221298338055173,0.423228794338594,FALSE
"POLH",0.140601338971547,0.442005083369173,0.212330769872175,0.318745382912539,FALSE
"QRSL1",0.155447545318681,0.442005083369173,0.11146918815442,0.566603394965974,FALSE
"POLR3GL",0.218063619007502,0.442144787396858,0.240303702971094,0.440768647975665,FALSE
"EIF2S1",-0.119478178155538,0.442373555301463,-0.0534919365616198,0.787440760506997,FALSE
"GOLPH3L",0.141243760568818,0.442395382907489,0.18939108322446,0.327304222495933,FALSE
"GTF3C1",-0.100032702002541,0.442395382907489,-0.0508844143445786,0.789911060360374,FALSE
"ZNF678",-0.128990955537979,0.442540734081205,-0.0789093427230421,0.698077365089536,FALSE
"C16orf72",-0.183444185061422,0.442540734081205,-0.109415413224224,0.678098418533686,FALSE
"VPS51",-0.108797494694091,0.442963883017531,-0.139895682611494,0.43394359104247,FALSE
"INF2",0.116597689519366,0.443074351892932,0.210720416461868,0.21139037167658,FALSE
"MEGF8",-0.155034650314508,0.443074351892932,-0.147972321680279,0.5653107999123,FALSE
"CYFIP1",-0.06439900499449,0.443397898999393,-0.00407076702793521,0.976685720725881,FALSE
"BIVM",-0.181037342710137,0.443507670720655,-0.0910559140890531,0.770831669452598,FALSE
"ZNF337-AS1",-0.146162048247888,0.443713428842991,-0.0899429624040672,0.689029309210778,FALSE
"FAM214A",0.141208055511476,0.443829708558794,0.0827372535704835,0.513609157075519,FALSE
"GSE1",0.176075277675692,0.443829708558794,0.100034188101535,0.778352656420486,FALSE
"ZNF701",0.134352922484943,0.443829708558794,0.152413552550808,0.361842872339092,FALSE
"ZNF350",0.155409274263195,0.443983031206041,0.228682932764777,0.350532471682662,FALSE
"KLHL42",0.107943010057447,0.444299024352451,0.10068943839636,0.531992877880737,FALSE
"AC010260.1",0.1982060929206,0.444802713974197,0.260372902586437,0.3656239353886,FALSE
"GPR137",0.142100674326861,0.444802713974197,0.22626127481295,0.276984975881906,FALSE
"ZNF175",0.186118915713578,0.444802713974197,0.296176929598218,0.163098086611392,FALSE
"DCUN1D1",0.123964481584087,0.445182277417032,0.0894035246052843,0.5974664244017,FALSE
"FBXO7",-0.110829067108346,0.44541258830883,-0.0222092196296173,0.910155957361527,FALSE
"CHD4",-0.0743781772606315,0.445536068959953,0.0202233577526074,0.887748634065279,FALSE
"AC007384.1",0.107567672497385,0.445721774023614,0.11721544811766,0.478853863750334,FALSE
"NIPA1",0.178043265919978,0.445938918892498,0.115663927238254,0.646425836020313,FALSE
"PRPF18",-0.0843597946993445,0.446482204551115,-0.0584589448147309,0.694960431589401,FALSE
"INSR",0.0616069156248715,0.446798635044038,0.0225503473922297,0.858304330604703,FALSE
"SMIM7",-0.0809228922056446,0.446936134577994,-0.0380687953241688,0.792419072858471,FALSE
"SLC29A1",0.200029400191236,0.44707203405369,0.0609032759022822,0.844495517185099,FALSE
"TRIT1",-0.178086514563421,0.447487952950734,-0.263702503835517,0.164975012706324,FALSE
"DBT",-0.126285011104031,0.447607763602608,0.0423480132425617,0.824053600142843,FALSE
"FRG1",-0.176844162107078,0.447607763602608,-0.0940572157386209,0.722330519288638,FALSE
"PRXL2A",0.0896638685305913,0.447607763602608,0.119511939990675,0.40451575190596,FALSE
"ADIRF",0.108036628705371,0.447607763602608,0.141898775834127,0.449739209556834,FALSE
"CACNA1C-AS1",-0.118329474560635,0.447731314017294,-0.0637861698918257,0.749085076935051,FALSE
"IRAK3",-0.107980268655624,0.447731314017294,-0.133885254119367,0.301739240972732,FALSE
"PSMA3",-0.076537494084498,0.447731314017294,-0.0298747006076653,0.829406784429118,FALSE
"AC010618.3",0.102452237512877,0.447737536846185,0.126315412923407,0.423602968186845,FALSE
"DFFA",-0.162583654035086,0.448837588669017,-0.131421985833934,0.593708753845957,FALSE
"NRGN",-0.206807535812489,0.449000860551381,-0.134236871240299,0.685093787167813,FALSE
"MYH11",0.188208797157741,0.449000860551381,0.231874204806713,0.349892434810332,FALSE
"YWHAQ",0.0992771435040184,0.449727285719327,-0.103560452591221,0.43868687728581,FALSE
"XPC",0.0837713158033264,0.449772863859034,0.225127996616708,0.057651813270563,FALSE
"TBP",-0.132107328794229,0.450068895840822,-0.0244219554851361,0.918209798027862,FALSE
"NELFA",-0.127995234464018,0.450076692226018,-0.0518966505043547,0.803756195962451,FALSE
"C6orf62",0.172318867382009,0.450324494931235,-0.00584177838383901,0.970004601345592,FALSE
"CACNA1C",0.0294538849709195,0.450403422894239,0.081018260501634,0.232795480979713,FALSE
"SYNPO2",0.0771851527544072,0.450471167735594,0.064843309217817,0.745272891703397,FALSE
"PRKAG2",0.230245374093216,0.450471167735594,0.0834351264375544,0.699761738054443,FALSE
"WBP1L",-0.0702638251633561,0.450471167735594,-0.0251356260716867,0.846010505392866,FALSE
"PTGES2",-0.199843079820819,0.450716908040316,-0.296858885515656,0.117061198045271,FALSE
"AL109946.1",0.151538618060018,0.450853816852638,0.352876489014352,0.0760412517017106,FALSE
"ABCC10",0.221987021226441,0.45096925088183,0.21467849653202,0.538380007178264,FALSE
"PDK3",0.150228929532148,0.451074964429849,-0.0311841771584663,0.904101968156162,FALSE
"IFNGR2",-0.0696325269525106,0.451128295423263,-0.0997116900880967,0.354336440915646,FALSE
"TEFM",-0.111742385567032,0.451182044229299,-0.0560505895514028,0.786416757958935,FALSE
"ZNF133",0.117083011770997,0.451182044229299,0.19600909475784,0.209512818851546,FALSE
"KF456478.1",-0.228226842053495,0.451353427491882,-0.220290477751284,0.52679024606892,FALSE
"AL139095.4",-0.143387412941867,0.451369031426616,-0.0874520995546431,0.710297435328195,FALSE
"SNW1",-0.0972519301023578,0.451369031426616,-0.124869608688336,0.368430325401705,FALSE
"MUC20",0.203231000210832,0.4514769145675,0.212075173718875,0.530512599277676,FALSE
"CLINT1",-0.0715921304150339,0.452023349618532,-0.078935192603306,0.474551237933645,FALSE
"ARMC9",0.236038069761588,0.452553321394346,0.249569306873698,0.224538059901965,FALSE
"EGOT",0.196553914549904,0.453082300521906,0.236484985620476,0.426325328676637,FALSE
"CCDC85C",0.16361489003186,0.453263278403028,0.265492274749634,0.281872557276964,FALSE
"ZNF765",-0.14193332754489,0.453263278403028,-0.0694809594299874,0.767686163142479,FALSE
"AL606489.1",-0.19241149242975,0.454813929708297,-0.133204909880773,0.680960368197641,FALSE
"PRPF6",0.0961374303417919,0.454813929708297,0.145084551606257,0.32928730800624,FALSE
"UBQLN4",-0.190423109611261,0.454827434420173,-0.217491669937503,0.416544477358904,FALSE
"AC024145.1",-0.177737071395016,0.455736870875268,-0.283476922682971,0.216149422129342,FALSE
"ZNF655",-0.0974715837555937,0.455901062298803,-0.175496776613065,0.128885587023682,FALSE
"CEBPZOS",-0.0949361466918031,0.456357270732063,-0.0665389294464766,0.69656033342067,FALSE
"LRRK1",0.254182365713084,0.456358180272064,0.0815206348313958,0.792485484432212,FALSE
"AC069272.1",0.17791838435944,0.456411928177124,0.0954872723506009,0.785859566873128,FALSE
"SLC25A37",0.223723615256692,0.457332830136664,-0.0348360093631273,0.853540483544819,FALSE
"IQCH",0.140374242632027,0.457332830136664,0.175374932102322,0.428733908558814,FALSE
"DCBLD2",0.0888416424518877,0.457456417742846,0.12451003937886,0.396898465904905,FALSE
"NDUFA4L2",-0.123237979554817,0.457568777442054,-0.0971002068945612,0.641838518326846,FALSE
"CLSTN3",-0.220035608093122,0.457946515281326,-0.170365230406588,0.609160236090302,FALSE
"ANKRD10",0.076504117428252,0.457946515281326,0.0772644552931092,0.584836005024418,FALSE
"TRAF3",-0.150897133158206,0.457980755232137,-0.0844238897124382,0.771965674671084,FALSE
"ZRANB2-AS2",0.230258633233807,0.458179911840185,-0.211460785924816,0.45913510785831,FALSE
"PIGC",0.135228063262897,0.458878707586687,0.0377673587530853,0.884767239161569,FALSE
"TRPS1",0.0682771126794279,0.459301576209119,0.135012778066548,0.097243788103015,FALSE
"PPP2R5C",0.079505959111181,0.459432983164807,-0.055185974689066,0.611497067959065,FALSE
"AC109587.1",-0.148144303987241,0.459640175146495,-0.116917877928015,0.646838406404162,FALSE
"SOX5-AS1",-0.114236935216532,0.459748376562057,-0.0015447466826461,0.995176094953754,FALSE
"ZNF641",0.0982426616645847,0.460515126429144,0.186407762338984,0.21139037167658,FALSE
"ENTPD6",0.161099050827248,0.460717387425128,-0.0808558976467392,0.713960251327359,FALSE
"PSMB2",-0.158345447169992,0.460912575393685,0.0470031542093732,0.85253071980661,FALSE
"RAPGEF6",-0.0699231476411345,0.460914386502692,-0.134504066914019,0.226201334369286,FALSE
"EXD2",0.14313357491575,0.460914386502692,0.232517631172554,0.275601521843261,FALSE
"FRYL",0.0552854720458566,0.461743641167963,0.0607623940604506,0.616671979450737,FALSE
"KIF1B",-0.0707214030134199,0.46179899021181,-0.0471525245697377,0.615485359202831,FALSE
"CATSPERG",-0.172264490171654,0.46179899021181,-0.123911874788438,0.663777747067671,FALSE
"SYNE2",0.0883641867092796,0.462019277884628,0.0537468411124576,0.700120781709196,FALSE
"EZH1",0.080780316104867,0.462019277884628,0.146712659757006,0.241078660851539,FALSE
"PHTF2",0.14143913807699,0.462104832120431,-0.021781884679351,0.879792127605116,FALSE
"RAB14",-0.196836098451913,0.462540623013225,-0.141654271497251,0.32937693989992,FALSE
"APPL2",0.0671514439035589,0.462923708148459,0.0815177916183174,0.4658895636126,FALSE
"ADGRL1",-0.106838479786526,0.463208090671959,0.0173262836757692,0.938922195504221,FALSE
"PNKP",0.151947269823428,0.463876850575556,0.194339117030948,0.40451575190596,FALSE
"LINC01362",-0.11665792439442,0.464080050433484,-0.162227799392097,0.361962961526584,FALSE
"SLC9A1",-0.174669468215449,0.464085160772609,-0.117914149391992,0.693361923252394,FALSE
"ZFYVE27",-0.157008386252323,0.464470144047953,-0.138650427691499,0.55028189200135,FALSE
"SEC23A",-0.0800856889688035,0.46500293707037,-0.11316114036704,0.371921346661529,FALSE
"NUDT4",0.167085461479411,0.465276370708399,-0.000634726956858598,0.997230142290661,FALSE
"LMF1",-0.113036857194111,0.465276370708399,-0.0938048864460871,0.654181280504207,FALSE
"GTPBP10",0.149628942423794,0.466163844568726,0.205472509112514,0.351251954153673,FALSE
"MDM1",0.222645825630367,0.466163844568726,-0.0215614391828128,0.955428739865864,FALSE
"CTC1",-0.177125170361532,0.466163844568726,-0.0936510487678343,0.751988539710936,FALSE
"USP39",0.0836802806209266,0.466483595348596,0.153110580356647,0.188499582325371,FALSE
"MTA1",-0.127910514019816,0.466483595348596,-0.149383837686923,0.401754808248404,FALSE
"AP4E1",-0.113931759715122,0.466486627092696,-0.0618735636859563,0.749951248851818,FALSE
"REPS1",0.0699287878952666,0.466671418357988,0.0555209876038408,0.617345274035785,FALSE
"NHEJ1",0.138264833189975,0.466799823870489,0.199127327424883,0.319312518086896,FALSE
"ZFHX2",0.191202711016311,0.466799823870489,0.213487381805136,0.476780037619797,FALSE
"NUDT21",-0.181773855177573,0.466799823870489,-0.194835348719213,0.273823545488505,FALSE
"DTD1",-0.100716567455661,0.466919001905982,-0.0482923503576619,0.805616808501405,FALSE
"TRIM38",0.104138474922925,0.467002144983787,0.142222565654371,0.389592780523118,FALSE
"PRKCA",0.118128151467193,0.467042784288421,0.054242616985275,0.807127725341547,FALSE
"RERE",0.0379779556285407,0.468653759312408,0.0587401237456425,0.437672452145326,FALSE
"AGAP9",0.203106797324698,0.468653759312408,0.270666993364406,0.385648264207244,FALSE
"AC100763.1",-0.127443655342805,0.468653759312408,-0.0482737082755062,0.847386672441232,FALSE
"NFE2L1",0.147602602824808,0.468769022771557,0.068377465525364,0.62879310954235,FALSE
"HAUS6",0.159400366790557,0.469660976390706,0.157185172033128,0.464208251832233,FALSE
"ZFP30",0.110636241449782,0.470050416212482,0.235238879569224,0.164338122494019,FALSE
"IAH1",-0.118200978198151,0.470154431646815,0.0361375781133786,0.864090292695393,FALSE
"LINC00685",0.175957167926097,0.47027021211535,0.247619034778135,0.357829650904284,FALSE
"NR1H3",-0.163838565227367,0.470543993563876,-0.123690551027779,0.684774582711224,FALSE
"KDM2A",-0.0496898519664327,0.471325634621197,-0.080798843011031,0.426246857189604,FALSE
"C5orf22",0.152473954213873,0.471469653434035,0.149445777745039,0.49763414226186,FALSE
"ASXL2",0.0761869143326989,0.471555013316823,-0.0371448432214753,0.781313566303195,FALSE
"GTF3C5",0.180606704212788,0.471555013316823,0.273604661190551,0.297990717164056,FALSE
"SLC39A10",0.258222422066807,0.471943976666266,-0.031056969306885,0.910259163087853,FALSE
"AC025159.1",-0.109942790459889,0.471943976666266,-0.103633982222489,0.636176180638038,FALSE
"UACA",-0.0485794827324229,0.471943976666266,-0.078670112411577,0.428124524473145,FALSE
"UBE2F",-0.158264025766065,0.472643475964522,-0.194884327110149,0.414355496895248,FALSE
"RPN1",-0.185189159609091,0.473432802281457,-0.103162871581974,0.556031149025626,FALSE
"USP7",-0.0809157327684676,0.473791494774807,-0.0344278369756021,0.808415143224023,FALSE
"NLK",-0.0703532878333117,0.473828479622941,-0.0836592899023907,0.472740253040647,FALSE
"AL354740.1",0.171555108390259,0.473965993821331,0.149221404573333,0.602661138675866,FALSE
"TSC1",0.109934495040121,0.474656721228368,0.0673945426358967,0.704546123517452,FALSE
"METTL3",-0.121149238260811,0.474818610538444,-0.144173442639924,0.451102707287453,FALSE
"DDX5",-0.0539713949973956,0.47532180141476,-0.069732711272522,0.327766914097955,FALSE
"EEA1",0.0712134622072135,0.475439067279888,-0.0852804424405696,0.41051966126959,FALSE
"HDAC8",-0.0457625855804489,0.475544448332221,-0.105976460900049,0.222663818008136,FALSE
"GIN1",-0.213173471813204,0.475647863523365,-0.148341668160284,0.581856055898709,FALSE
"ACVR2A",-0.0793996963608436,0.4756560626375,-0.107952055727684,0.364683623334241,FALSE
"SUCLG2",0.0578597460542147,0.4756560626375,0.002847020184301,0.983614891212433,FALSE
"APBB2",0.043649635971817,0.4756560626375,0.103513142818818,0.43506361849188,FALSE
"ACOT8",0.140352417901919,0.4756560626375,0.226686429746783,0.242474386763575,FALSE
"THOC7",0.184771828958468,0.475677086083981,0.162052486803928,0.589792317741297,FALSE
"RFFL",-0.0673271116841117,0.475739480572448,-0.0336012995720359,0.792088656731253,FALSE
"GABBR2",0.266429589265652,0.476206558996693,0.395703260221993,0.43868687728581,FALSE
"CNN3",-0.112977559108019,0.476970256552315,-0.120708231736523,0.525303260016373,FALSE
"FAM118B",-0.125027441465738,0.477051586858694,-0.039255882364394,0.872881262654957,FALSE
"EPG5",0.0996535804009434,0.477070284854345,-0.0250544218754247,0.879876154756129,FALSE
"KCTD1",0.174937791951934,0.477080607375753,-0.0529506019066651,0.842561490612611,FALSE
"ZNF16",-0.186372575651325,0.477372519513326,-0.0864766297370319,0.801053919390568,FALSE
"SCAF1",-0.163661241854522,0.477372519513326,-0.191779155858332,0.41006532898046,FALSE
"MIATNB",0.107757652987226,0.477372519513326,0.156126593849625,0.373646586635695,FALSE
"TMBIM1",-0.241003645390948,0.478042943927826,-0.0448365788247239,0.864932779046095,FALSE
"TAPBPL",0.165922794644564,0.478423173367568,0.275117766418972,0.248846860561591,FALSE
"OXNAD1",-0.0894546831830215,0.47865380086528,-0.0797427457714162,0.628298979626381,FALSE
"DNAJC17",0.0923261356739171,0.47865380086528,0.139355714077676,0.306390265377282,FALSE
"COQ8B",-0.141788352361542,0.47865380086528,-0.0551213631029885,0.832082401334364,FALSE
"YTHDF2",-0.100456370728249,0.478769257721998,-0.109320705057051,0.508529810830865,FALSE
"PUM2",-0.050551239193244,0.478769257721998,-0.0664969955239948,0.506284571369646,FALSE
"NXN",0.118530119930628,0.478769257721998,0.15279530951694,0.604835089313521,FALSE
"AL365214.2",0.0928196438377823,0.479480093268557,0.106503325185256,0.52679024606892,FALSE
"NIPSNAP2",0.170381395074956,0.479480093268557,0.132672133410675,0.366854847851017,FALSE
"ZNF583",0.160695830572449,0.479480093268557,0.253090667476056,0.229534262653504,FALSE
"ZNF274",-0.104187347784225,0.479480093268557,-0.0766075105216331,0.711060055401111,FALSE
"WDR61",0.0997560640818831,0.479548564643335,0.19383122376816,0.200426561313133,FALSE
"TMEM91",0.166586007624919,0.480008022038287,0.0721982964119498,0.814095974392119,FALSE
"UBA3",-0.0973437282337647,0.480015903892506,-0.0995583941921313,0.512933860000958,FALSE
"TMEM128",-0.282267982782652,0.480925149602498,-0.0942391256590107,0.823285640716739,FALSE
"ANKRD27",0.108598611066631,0.480949564838079,0.161655438571314,0.36836390317198,FALSE
"FBXO36",-0.190808301471421,0.481296123989297,-0.184292844931117,0.565600677838937,FALSE
"PRUNE1",0.190662855711766,0.482135140217518,0.119390249912168,0.704243514968551,FALSE
"ZNF343",-0.186465310759471,0.482456162642684,-0.144247265871199,0.600822857668383,FALSE
"FNBP1L",0.0767006127479571,0.482892445858426,0.268731762820267,0.0767480086678343,FALSE
"STIMATE",0.144363337235867,0.482892445858426,0.292548726473563,0.141276399211669,FALSE
"RAB21",-0.150593891106217,0.482892445858426,-0.114440426403652,0.411248195697586,FALSE
"PIAS1",0.0701233326176985,0.482892445858426,0.0209743768676733,0.848746821799145,FALSE
"CNOT1",0.0578374106508562,0.482892445858426,0.0303329822370208,0.794959591268444,FALSE
"A2ML1-AS1",0.153061920935492,0.48431131752497,0.208870311921077,0.404306874516188,FALSE
"KNTC1",0.196981728846635,0.48431131752497,0.201073817422242,0.545405726732747,FALSE
"VPS53",-0.061324817033682,0.48431131752497,-0.0370869010083371,0.778749493327095,FALSE
"OGG1",0.110069021887408,0.484392827557136,0.157428522972769,0.409888498079876,FALSE
"RASGEF1B",0.293675273846711,0.484436414180504,-0.363821408568012,0.201564636765105,FALSE
"NFKB1",-0.0801754716905465,0.48445979879917,-0.139622456129562,0.266279721391126,FALSE
"PRKAR2A",-0.0642375401716241,0.484683101421049,-0.00395590341534673,0.979189643434875,FALSE
"DEPDC5",-0.0964803346508575,0.485190127313471,-0.0513339278347397,0.765898926209669,FALSE
"ZNF266",-0.122968233311645,0.485405288539657,-0.131531728160773,0.451640499935656,FALSE
"SSR1",-0.208588932305504,0.485974081451849,-0.0278052064383473,0.88641144961227,FALSE
"WIPI1",-0.147332008833628,0.486003526304954,-0.167461729729094,0.293831221911598,FALSE
"AC007347.1",-0.153382031365115,0.487254971151632,-0.000772598289667642,0.99835274821995,FALSE
"CLCN7",-0.170668590647816,0.487616924642668,-0.211140603375778,0.33314989536975,FALSE
"KANK2",0.0758470186197304,0.48762582217911,0.0574063537800462,0.717821555260486,FALSE
"WSB2",-0.149654477960743,0.487674383193446,-0.165837784645851,0.443961003007535,FALSE
"TRPC4AP",-0.045924777736868,0.488533892340522,0.0134619516737387,0.907005165243124,FALSE
"ZNF566",-0.11587938250374,0.488535704741107,-0.0228558289313414,0.924567326107575,FALSE
"SFT2D1",-0.112103868355772,0.48854201783464,-0.0797444228906129,0.67526607487901,FALSE
"ARFGAP2",-0.122688308810422,0.48854201783464,-0.105525617356958,0.620021323995638,FALSE
"FBXO22",-0.0996270158917305,0.48854201783464,-0.104965785496447,0.523133927724766,FALSE
"SNAP23",0.137068812215555,0.48871194595274,0.00650895340894098,0.972352404747117,FALSE
"SETX",0.0563121558134492,0.488816302364436,-0.0568342392137712,0.516430265616578,FALSE
"RBBP6",0.0839260754982134,0.489100812554576,0.124461112765513,0.346943235724049,FALSE
"UNK",0.074755067911117,0.489100812554576,0.147265289264232,0.249716917870098,FALSE
"INTS9",0.0865755625553023,0.489150907226724,0.162989556247155,0.229692879311027,FALSE
"STK38L",-0.138314582556833,0.489260663075148,-0.0777011918095993,0.648771988807296,FALSE
"MID2",0.15591089824951,0.489927730253769,0.290701279538942,0.235626858505496,FALSE
"MTF1",-0.11590218548432,0.490144038516719,-0.130326262415655,0.4790442584593,FALSE
"CAMSAP2",-0.0632122186659047,0.490298166887984,-0.0332216395241343,0.821740656035854,FALSE
"GNPDA2",0.188355124347615,0.49103779354979,0.0988290343972369,0.686785399488192,FALSE
"DIDO1",-0.0630971011926156,0.491103077780708,-0.049177149893583,0.697522892128016,FALSE
"CD58",0.152152100965384,0.491696461263482,-0.0696412707812439,0.635545162177841,FALSE
"ZFY",0.197397086504257,0.491761609273163,0.431283783992724,0.138061057582105,FALSE
"AC010185.1",-0.165408392772835,0.492079464394499,-0.223985126257468,0.361643122142232,FALSE
"CPD",-0.131803966348565,0.492090347514021,-0.11268607013149,0.44628816397371,FALSE
"KCTD2",-0.13933289436311,0.492174063834251,-0.111033099053229,0.644938471413009,FALSE
"RNF121",-0.0990398555697671,0.492431458636476,-0.0619376281141416,0.725194812235554,FALSE
"VPS37C",-0.153403812552663,0.49248920871386,-0.0757858437630729,0.791574042892613,FALSE
"RNF40",-0.147709943579753,0.49248920871386,-0.0765085239968285,0.792519280472318,FALSE
"ZNF521",0.0737622734883483,0.49248920871386,0.135606702881397,0.32158284150228,FALSE
"UBR3",-0.0411699150542665,0.492707994902764,-0.0663358441423982,0.392722209607694,FALSE
"TSSK3",0.181314005958012,0.492921953702622,0.229145689084602,0.418451097660483,FALSE
"GORAB",0.157195662769075,0.492925729165291,0.0322194479659455,0.910394117085119,FALSE
"TM9SF2",0.089264123759431,0.492925729165291,0.0353263754926651,0.813220937354935,FALSE
"DNAH1",0.195937167189826,0.492959375787856,0.185490152083929,0.597860380637939,FALSE
"ZMAT3",0.134358402829302,0.493488750660831,0.203586349816456,0.426058795386133,FALSE
"TMEM9B-AS1",0.16855615574718,0.493488750660831,0.256229341163631,0.337659416732822,FALSE
"IPMK",-0.133612613408266,0.493728352416475,-0.215300388088333,0.268921056324813,FALSE
"YAP1",0.083221502899835,0.493728352416475,0.0111359957360998,0.958423802077555,FALSE
"SHLD1",0.11399056461024,0.493823154397179,0.0100598134735544,0.960088847618154,FALSE
"ATF7IP",0.058170311364964,0.493878096115761,0.00270951867449189,0.983211268092028,FALSE
"AFG1L",-0.0899347375582567,0.494323730746551,-0.0928636769354874,0.547978303678456,FALSE
"GNA13",0.156757226680059,0.494503648253987,-0.030980007663488,0.90621828263564,FALSE
"ZFYVE9",0.0551426647237688,0.494561423853182,0.111174506689159,0.213627745443261,FALSE
"DCTN1",0.0871983145075878,0.494745657542524,0.118628830298541,0.401289477219056,FALSE
"CNOT8",-0.152476592356032,0.494745657542524,-0.131069389548143,0.516538603516319,FALSE
"MYO1H",-0.249174812139523,0.495616167710209,-0.320598616343668,0.427742667749868,FALSE
"VPS35L",-0.069402909609852,0.495674796236223,-0.0136961841855815,0.930801584668899,FALSE
"CCDC112",0.183748406571063,0.4960047377602,0.0946903571248141,0.76446030658481,FALSE
"LEMD2",-0.110020702280158,0.4960047377602,-0.0915608690784656,0.620189314035649,FALSE
"TUT1",0.21498823170692,0.4960047377602,0.318498934460785,0.392532440951754,FALSE
"LEO1",-0.175656867567582,0.4960047377602,-0.1450155680886,0.656386348416772,FALSE
"MAP1LC3A",-0.159008268457641,0.4960047377602,0.0180789733128823,0.939788484253318,FALSE
"KLHL23",-0.064797028993285,0.496273510309555,-0.138554651473011,0.348901851932303,FALSE
"AC010457.1",-0.199455307875049,0.496273510309555,-0.234600146352224,0.429730760595397,FALSE
"PPCDC",0.0870911657844973,0.496273510309555,0.0933818476321999,0.58418316944725,FALSE
"EVC2",0.162342178278454,0.496278202261382,0.0646286692818386,0.82948865276642,FALSE
"PPP1R12C",0.0837439544919796,0.496574161968464,0.126112291421839,0.357058650688021,FALSE
"B4GALT5",-0.13745713994575,0.496604227396306,-0.24897998970598,0.117427929845419,FALSE
"SLC35E2A",0.168378782287962,0.49662478042769,0.371022901530568,0.142441733737774,FALSE
"NDUFA10",-0.0986927323072803,0.49662478042769,-0.0854934355935022,0.426063884394531,FALSE
"DNAJC7",-0.0754758890959448,0.49684458432416,-0.0601047868189767,0.671046886023362,FALSE
"ATP6V1C1",-0.104149606228242,0.496938687275046,-0.160866756434548,0.285277419954774,FALSE
"RUSC2",-0.0836410603406033,0.497093547016005,-0.0841556423753793,0.600822857668383,FALSE
"MAML2",0.0346767680491693,0.497093547016005,0.100969745162713,0.354926244269278,FALSE
"PPP1R18",-0.253770789386392,0.497113150815417,-0.341087190143464,0.214906079193877,FALSE
"WDR46",-0.179161361288137,0.497113150815417,-0.0490456647548001,0.890886970047931,FALSE
"TSC22D1",0.199193546216954,0.497113150815417,-0.0357244844871132,0.779307262314377,FALSE
"CCDC200",0.139635220505962,0.497122257460672,0.299490481452813,0.285277419954774,FALSE
"CFAP69",0.14075275545161,0.497587363698026,0.187287265471907,0.413613075538396,FALSE
"KLHDC10",-0.0583202250027616,0.497587363698026,-0.018099385236505,0.912012722551787,FALSE
"SERGEF",-0.0918571265660702,0.497587363698026,-0.0161409469358477,0.931520263857247,FALSE
"EIF2B2",0.164148997946688,0.497587363698026,0.226135623546908,0.382667116598925,FALSE
"MRTFB",0.0501821615455381,0.497587363698026,0.0182691566904969,0.871133417433026,FALSE
"SCFD1",-0.0578669715477471,0.497602438123231,-0.12276221856463,0.208354352166403,FALSE
"ZFYVE28",0.137362090789777,0.497871974099475,0.211104912251953,0.391151604698944,FALSE
"CCDC183",0.192497587861889,0.498586986243351,0.305947689886717,0.343606959272343,FALSE
"ELOVL2",-0.114547325450531,0.499037661059012,-0.0228606453263457,0.931847102948214,FALSE
"MAP9",-0.183589341603456,0.499153096029599,-0.190364627066325,0.52587851463984,FALSE
"USP22",-0.0785176276952649,0.499579948467163,-0.0169286850861357,0.916556208373791,FALSE
"UBE2J1",-0.0893036223097003,0.499830206439905,-0.0774256441484225,0.647757314490993,FALSE
"FKBP15",0.0970503470746865,0.500571390028829,0.0313859782141438,0.861362707801499,FALSE
"ZNF226",0.238091148503062,0.500709817055471,0.230752790790732,0.442010343679024,FALSE
"RNF111",-0.0509897550387442,0.501403640589033,-0.0430813478803263,0.662561084685737,FALSE
"TCHP",-0.0658529536883207,0.501717006421938,-0.043868104044229,0.738392969797537,FALSE
"NAGLU",0.14681879498865,0.501717006421938,0.21225812084789,0.382667116598925,FALSE
"ZNF550",0.150073072912947,0.501717006421938,0.176584029528684,0.483730546061428,FALSE
"AKAP17A",0.178558413855023,0.502133726506672,0.0285602340149048,0.92633051030369,FALSE
"LYRM2",0.10445102833135,0.50222748327854,0.093776871351666,0.635995639169487,FALSE
"ELMOD3",-0.0810061199872242,0.502547994652636,-0.0345444936162161,0.839621294484401,FALSE
"ZDHHC24",0.152254157531099,0.502832501805862,0.228660216842974,0.34535146928515,FALSE
"TVP23B",-0.131444990895294,0.503110235372955,-0.021762582909632,0.94164024949603,FALSE
"LXN",-0.187834696815768,0.503285056583294,0.00850260302789902,0.982253263237815,FALSE
"HFM1",0.153652751942164,0.503372016969054,0.19634585890645,0.359803397698282,FALSE
"C1D",0.131846013490694,0.503372016969054,0.233728522042242,0.229742355698839,FALSE
"SEC62",0.130458786349237,0.503720004659553,0.0198237406776135,0.904542187061155,FALSE
"GEMIN5",0.155477026811752,0.504288736535917,0.252825284900596,0.339008101880551,FALSE
"HSDL2",0.103755338172477,0.504352408089087,-0.00493782218370892,0.974425023119027,FALSE
"AVL9",0.0600146853449062,0.50449164076534,0.106204472337879,0.28571585939963,FALSE
"USPL1",-0.107916755699152,0.505617894223806,-0.0828094399180839,0.684272563998913,FALSE
"ZNF383",0.151982843257199,0.505857480524622,0.0677671810123601,0.774512248807931,FALSE
"SLAIN2",0.0645507536115543,0.506172709859074,0.0826763802077122,0.456637862702601,FALSE
"AC005740.3",-0.207654996310692,0.506172709859074,-0.236906384513716,0.503604341455104,FALSE
"MCAM",-0.0822945685727344,0.506429571285173,-0.111864839549131,0.560216729128982,FALSE
"ZDHHC17",-0.0558844996795643,0.506429571285173,-0.0057925675939685,0.962542128889728,FALSE
"PHC1",0.0988478479014341,0.506818517191828,0.171314659861171,0.303469808557254,FALSE
"XIST",-0.0703690094936866,0.506900109666645,-0.122274303856089,0.386607920096058,FALSE
"UBA1",0.113806849059563,0.507205849549397,0.0982015125506346,0.545405726732747,FALSE
"ATG7",-0.0584729247351524,0.507683513493476,-0.157536065564786,0.0866030326030501,FALSE
"RBL1",0.10342463313962,0.507683513493476,0.18078932280252,0.259495485090178,FALSE
"CTTN",-0.0641966185759882,0.507746983780684,-0.0186994806788946,0.903849951476897,FALSE
"PREP",-0.105872461142738,0.508221411927985,-0.0448176351742799,0.84303821089572,FALSE
"RB1",-0.0360703535977328,0.508569703849152,-0.0308779409666034,0.718692509806097,FALSE
"METTL21A",0.129551477490828,0.508675427890916,0.138417211653929,0.496994521491802,FALSE
"PDS5B",0.0519865930724627,0.508675427890916,0.0627793328727468,0.561731652101607,FALSE
"ZNF484",-0.182897600895994,0.508707304946797,-0.170901840381885,0.594007907119964,FALSE
"AL390774.2",-0.143528605354809,0.508707304946797,-0.0134478447121729,0.966213038765165,FALSE
"TTC37",0.070815628932177,0.508943087114596,0.069612165832469,0.600822857668383,FALSE
"AC064875.1",0.173466474988403,0.509236620485064,0.203987747556256,0.578410699231741,FALSE
"COX10",0.135195886422314,0.509236620485064,0.0408068010677857,0.818358068671587,FALSE
"ZNF384",-0.139781415292547,0.50924494892736,-0.111689766382333,0.658188917991674,FALSE
"VRK3",0.104827142244765,0.509294042645709,0.138973037821609,0.466843532535418,FALSE
"LAMTOR5-AS1",0.0758004562173075,0.5095634728344,0.151513645195707,0.193316142542614,FALSE
"ZNF197",0.0950627282570944,0.510212204220599,0.161985370820206,0.310854495955019,FALSE
"RANGAP1",-0.1906054289207,0.510229023900512,-0.211264930935188,0.426560850406161,FALSE
"BET1",0.12578630831719,0.511300820892812,0.0114814303909208,0.956141908492312,FALSE
"NDE1",0.115994089451027,0.512195612563895,0.0290391934212021,0.899144110645404,FALSE
"SPRED2",-0.0472092452401997,0.512789800442272,-0.0133239737821256,0.931520263857247,FALSE
"ZBTB20",0.0366804988210296,0.512789800442272,0.0574461313282578,0.437552227386786,FALSE
"ZDHHC6",0.144502706097961,0.512789800442272,0.132374574643581,0.569560918906468,FALSE
"BANP",-0.0987651670559111,0.513083290563743,-0.148024902661745,0.366124370240971,FALSE
"NAIP",-0.0980324603328603,0.513672846644398,-0.167644422009003,0.248846860561591,FALSE
"AC117481.1",-0.134912579090354,0.513769280237945,-0.0890674085483944,0.722330519288638,FALSE
"UBE2Z",-0.089000176473119,0.513952215822391,-0.031953691487549,0.855547097915099,FALSE
"TFAM",-0.176567150810835,0.513999005357634,-0.0332581754748537,0.916087872275576,FALSE
"PITRM1-AS1",-0.175900496384667,0.514769368577274,-0.0501375962281543,0.886383800890179,FALSE
"AGBL5",0.100945294897967,0.515054144131718,0.127037043071294,0.499931126857509,FALSE
"VPS37A",-0.102581557686111,0.515054144131718,0.00318220336649419,0.98851775892542,FALSE
"GAS6",0.117329681409825,0.515542330903138,0.193289164973803,0.31456093699015,FALSE
"CCDC18",0.0712510203700112,0.516026312819522,0.0751662099264573,0.621474589355744,FALSE
"RAB5C",-0.123428349264798,0.516026312819522,-0.211881650518383,0.248846860561591,FALSE
"NPEPPS",0.0473324798196838,0.516694774114214,0.0860212328906168,0.323608463600759,FALSE
"SLAIN1",0.202055355654969,0.516988322259725,0.189123878712766,0.616526767581309,FALSE
"ESAM",-0.0806597500748936,0.517167836068865,-0.0301591400702884,0.860792663872774,FALSE
"LMCD1-AS1",0.0874749870154503,0.517417705749182,0.236109096854994,0.228570781625026,FALSE
"AL078600.1",0.166578467938564,0.51755245475561,0.149390534125563,0.614871103179444,FALSE
"LMF2",-0.173038817351792,0.51755245475561,-0.110607664726993,0.713378342345369,FALSE
"AC090644.1",-0.155883281298829,0.517689679888277,-0.187960877019006,0.50166306527176,FALSE
"DVL3",-0.104135127695148,0.517689679888277,-0.0257801767573221,0.899144110645404,FALSE
"SEPTIN8",0.113240178989272,0.518352009719002,0.128769025792849,0.543388800749347,FALSE
"SBNO1",-0.0708105055936305,0.519112577339389,-0.0268391769759565,0.87029963912191,FALSE
"LARP1",-0.108503702463784,0.519147044502027,-0.188526248273148,0.149076003250049,FALSE
"METTL5",-0.163228844530248,0.519177645392364,-0.104533215187968,0.721445608605962,FALSE
"ADGRL2",0.0759635996442433,0.519381759448454,0.0817310409671839,0.522173778617032,FALSE
"ZNF782",0.0846038557135527,0.519381759448454,0.141131524846238,0.370886148399635,FALSE
"KCTD10",-0.154453444015332,0.519381759448454,-0.0504883908862743,0.875558493000704,FALSE
"CLEC16A",-0.0586890710081631,0.519960278136644,-0.0620901619297867,0.566741868631389,FALSE
"EXOSC3",-0.125537160979047,0.519964224916822,-0.0280539904398453,0.912783739723649,FALSE
"SART1",-0.137482842279015,0.520008666141378,-0.105664721735256,0.676312358023677,FALSE
"VOPP1",0.0753626889741916,0.520183947818397,0.0850694228631321,0.610163008980147,FALSE
"AC244131.2",0.250692573570474,0.520183947818397,0.279328830155301,0.55048333793854,FALSE
"NF2",-0.10728292247387,0.520183947818397,-0.0962512571714369,0.615485359202831,FALSE
"RBM5-AS1",-0.15572397332439,0.520573915438305,-0.111852474425358,0.698373549968513,FALSE
"AC131934.1",-0.142864249716245,0.52063215262619,-0.0387494584313731,0.895219388861573,FALSE
"VTI1B",-0.0905501193031908,0.52063215262619,-0.0792579119964155,0.643314823516284,FALSE
"LINC01118",0.152658971819563,0.520683770377579,0.236694057177921,0.364542247370343,FALSE
"DDX1",-0.119724255171705,0.521086265685527,-0.173409510960496,0.221432055732272,FALSE
"CBWD5",-0.168348855093148,0.521536140968609,-0.305921930480792,0.216051362474753,FALSE
"TOMM70",-0.108866410205885,0.521926505518711,-0.0409022793731454,0.838791313765855,FALSE
"ANKRA2",0.139826082695359,0.523053789623014,0.183648345777025,0.390558130784606,FALSE
"MTIF2",0.140948134262353,0.523061314540602,0.0147657725312322,0.958048644818046,FALSE
"COG5",-0.0738273877100598,0.523176294571876,-0.0599388416641439,0.591768390358099,FALSE
"LINC01278",-0.0621612230039231,0.523176294571876,-0.148934881320737,0.224051583879383,FALSE
"CNRIP1",0.133182768657405,0.523552257113673,0.177231444809094,0.478559511461644,FALSE
"YEATS2",0.0664659484144416,0.523733960555588,0.0618685898962028,0.658897162939378,FALSE
"SHISA6",-0.0799210632256811,0.523971061194102,-0.0433171301571327,0.845615284783265,FALSE
"EIF2AK1",-0.111018615836288,0.524017328588527,-0.0959883957654842,0.635849226044084,FALSE
"TNFRSF21",-0.12610343751159,0.52402242432824,-0.0850063956118023,0.768708077461385,FALSE
"NUP50",0.131320720902668,0.524556933028439,0.0995260875557226,0.645961978565378,FALSE
"FOXN3",0.0716801137392435,0.524562392946217,0.0312753344821158,0.794577541164304,FALSE
"GMPS",-0.0950664078225332,0.524629655313617,-0.0840833862564437,0.666659418026824,FALSE
"SNX33",-0.151172296113994,0.524629655313617,-0.0581698262994549,0.848235226619735,FALSE
"MLLT6",0.0662561150529378,0.524629655313617,0.136598704322437,0.216926128944884,FALSE
"AC104126.1",0.153856986104288,0.524733620830115,0.212561936165517,0.418451097660483,FALSE
"METAP1",-0.155217501976511,0.524839715649223,-0.125453902789964,0.56534684356391,FALSE
"FOXO1",-0.111432475571488,0.525450033269853,-0.0819991823233727,0.509495419592871,FALSE
"CDK12",-0.0568683372793347,0.525450033269853,-0.0156966214284313,0.904891255183995,FALSE
"ACYP2",0.0489055053578391,0.525886178434922,0.0325862332982464,0.76926182736437,FALSE
"PLD3",0.0697807031242631,0.525886178434922,0.122925049970831,0.329242558640111,FALSE
"NECAP1",-0.166932203046049,0.52748761376419,-0.104101755280644,0.728705019864631,FALSE
"METTL16",-0.0743559155779352,0.527681427285654,-0.0633560234616732,0.674006224381154,FALSE
"SRRM1",0.0720663975550506,0.52865138689194,0.0964463288823418,0.4774952374323,FALSE
"ZNF445",-0.089271299844454,0.52865138689194,-0.0352086472397255,0.851349047607543,FALSE
"SH3RF1",0.0380303451842208,0.52865138689194,0.193662414934398,0.0606869418428596,FALSE
"MAML1",-0.0847446681831893,0.52865138689194,-0.0575586916062409,0.745420304582024,FALSE
"RXRB",-0.16223887682965,0.52865138689194,-0.0671767341242003,0.813220937354935,FALSE
"UBE3B",0.169503992678772,0.52865138689194,0.224947427084992,0.449132440131053,FALSE
"KIF16B",0.0654004320985613,0.52865138689194,0.154494849104911,0.283368007249055,FALSE
"MSH3",-0.079196111894611,0.528934476061174,-0.0971933819477308,0.528264396410124,FALSE
"PRRC1",0.143930676381829,0.528934476061174,0.19744447015404,0.310854495955019,FALSE
"JRK",-0.164341690129803,0.528934476061174,-0.166399490118345,0.587168578069173,FALSE
"SELENOW",0.171007401815472,0.528934476061174,0.123171345356036,0.261639535119605,FALSE
"SLC6A16",0.11588216970583,0.529586206239111,0.204242416606577,0.341767431054826,FALSE
"TMEM243",0.134021565819424,0.529731429747078,0.119754306620062,0.591700898108755,FALSE
"NMNAT1",0.230307701043356,0.529806960461267,0.0183957386407183,0.958825781078047,FALSE
"OGDH",0.0857094471388872,0.529806960461267,-0.0267580972665933,0.838167089573945,FALSE
"SRPRA",-0.182361148970435,0.529806960461267,-0.027664843139528,0.93623145785233,FALSE
"WDR12",-0.0875009248187476,0.530063513753009,-0.0825765515925758,0.642680017318905,FALSE
"CEPT1",0.180962126754476,0.530708040338743,-0.0348202622325755,0.84228397799775,FALSE
"STRIP1",-0.134152744124085,0.530984254519963,-0.156596694556246,0.52679024606892,FALSE
"MCMBP",-0.0826562474618488,0.53225829010919,-0.0702011674465811,0.650020571502574,FALSE
"GGT7",0.082916063287612,0.533322347688801,0.166294349414782,0.245347424473305,FALSE
"AL136982.2",-0.158423892067227,0.533379350969796,-0.0546648030959423,0.865606282289302,FALSE
"RSRC1",-0.0529514021661694,0.533401407790163,-0.0824554125526173,0.399174770555299,FALSE
"AHCYL2",0.0658291292421629,0.533551145386587,0.108426628359304,0.442010343679024,FALSE
"XXYLT1",-0.0990762859946826,0.534502508125615,-0.0285595111667495,0.908736659144549,FALSE
"AL513188.1",-0.110522461526931,0.535076214590525,-0.150934659574598,0.477740040691564,FALSE
"SREK1IP1",0.133701301493272,0.536289577767996,-0.0741992979994782,0.687592735923085,FALSE
"RRM2B",0.156273053731278,0.536289577767996,0.0809545437107056,0.766961173378938,FALSE
"ZKSCAN7-AS1",0.0711618758506755,0.536337131132213,0.14667208867461,0.281655602805367,FALSE
"UBE2V1",-0.086159957269004,0.536544694413299,-0.129818469090732,0.375667828072763,FALSE
"AC018462.1",0.0903468098152952,0.536600950600291,0.219346935994497,0.216926128944884,FALSE
"FKTN",-0.0933568522823216,0.536600950600291,-0.159205797837743,0.32931104232141,FALSE
"ZNF177",0.145403366639027,0.536600950600291,0.13069475164887,0.59873272029139,FALSE
"RFWD3",-0.116246422724103,0.536712303630041,-0.118368278486925,0.633835466917875,FALSE
"CEP104",0.118133250326767,0.536740772208005,0.180577692309593,0.340562500249849,FALSE
"CMTR1",-0.126445292815425,0.536740772208005,-0.0693662547880413,0.781313566303195,FALSE
"CD36",0.0594209162516483,0.536740772208005,0.0227062601765681,0.920166596510612,FALSE
"EIF4G2",-0.146827973111473,0.536740772208005,0.012559539385618,0.932916247258823,FALSE
"ZNF329",0.130481381104894,0.536740772208005,0.127191884082026,0.640452945423469,FALSE
"FAM182B",-0.166805651752767,0.536740772208005,-0.142430772366545,0.66630004042691,FALSE
"SPINT2",-0.103129140587743,0.536858541396743,-0.128429271322026,0.545345147590708,FALSE
"MRPS35",0.103046374567753,0.537173389975283,0.27985883209068,0.118840045941453,FALSE
"JPT2",-0.160917667515588,0.537280705739349,-0.207130204098636,0.493981305580117,FALSE
"RBM17",-0.0905180664892648,0.538569807647913,-0.0206846824086429,0.907136660148562,FALSE
"ZNF417",0.163521965163706,0.53877797141282,0.0032385914765444,0.992849237249717,FALSE
"PPT1",-0.172939439748428,0.538830681154704,-0.104028090396075,0.711612993346248,FALSE
"ARMC10",-0.0926103897584173,0.538830681154704,-0.0373414643314269,0.855417658370989,FALSE
"AL442003.1",-0.103750355403973,0.538830681154704,-0.0878750181820935,0.678531633951693,FALSE
"NCOR1",-0.0381230746462172,0.538830681154704,-0.0484995739017156,0.581858620624755,FALSE
"TTC23",-0.0812225135556597,0.538896217649462,-0.0657579950444662,0.676349903459387,FALSE
"FXR2",0.175302746045506,0.538896217649462,0.0704304542169271,0.761707047605013,FALSE
"AC015849.3",-0.107560742456054,0.538989238785438,-0.0858934401351041,0.682529116929914,FALSE
"BCL2L14",-0.0849120376880827,0.539889868951942,-0.127163889186661,0.463908185486116,FALSE
"BBX",0.0483633242771507,0.540211644317082,0.0786550084191872,0.394583020843357,FALSE
"SLC1A2",0.197533548721663,0.540211644317082,0.255199662825876,0.563050375439209,FALSE
"AL731577.2",-0.0748117038758751,0.540706477266011,-0.0268898640981826,0.876122549389372,FALSE
"SLC25A43",0.0929051424937374,0.541835581418986,0.0930075189603486,0.639115159421851,FALSE
"CCDC82",0.110778831904932,0.542216367017066,0.0167405315115939,0.932679451052602,FALSE
"RAD23B",-0.0685246061685795,0.542407643433629,-0.0556503514185004,0.681992610446095,FALSE
"ZNF875",0.098781748953743,0.5424738981184,0.0664955166413503,0.681010032640313,FALSE
"NCLN",-0.192949175578945,0.542673270356948,-0.148938892177064,0.67607640203218,FALSE
"PDS5A",-0.0474940614934198,0.542825921977079,-0.13422658794629,0.117061198045271,FALSE
"RAB30-DT",-0.0614360823767776,0.543348580201309,0.011102498423238,0.940446366290721,FALSE
"LENG9",0.0849674716771949,0.543370462590791,0.150929487387598,0.348153306180671,FALSE
"ZNF592",0.0792863068117871,0.543822064619596,0.0365739959380558,0.823285640716739,FALSE
"GAN",-0.105257360063236,0.543896283542981,0.010734676803163,0.963298293027872,FALSE
"PPP4R2",-0.0917052819993094,0.544229203603529,-0.116057467157591,0.323461096363761,FALSE
"UMPS",-0.191867870659204,0.544229203603529,-0.284468315522896,0.373379858584287,FALSE
"MAP3K13",0.0997480594339017,0.544498447593779,0.0281931660227591,0.904517369084452,FALSE
"ZNF75D",-0.0758436953543322,0.544498447593779,0.0214932817144624,0.90621828263564,FALSE
"VPS37B",-0.105127109021081,0.544504430243179,-0.152445806388872,0.349288658692468,FALSE
"IFNGR1",-0.174872868673289,0.544833247302851,-0.14414996933923,0.32114534037867,FALSE
"U91328.2",0.136870767855111,0.545358731209104,0.216738673257186,0.326455763356266,FALSE
"KDM1A",0.0745536865168835,0.545405179889779,0.112325816854529,0.370015203956897,FALSE
"PAM",-0.0952198754170773,0.545410521001796,-0.0871044834602984,0.38126212130443,FALSE
"ANKMY1",0.0959353701503515,0.545526752992543,0.16453297038291,0.355211187247413,FALSE
"SCAMP3",-0.139832482615203,0.545774376784345,-0.0842647482800896,0.775428562372981,FALSE
"C4orf45",-0.121204923202013,0.545774376784345,-0.179123957236283,0.373715130651077,FALSE
"ERICH1",-0.0657764309260204,0.545774376784345,-0.0230971878813028,0.883180555545784,FALSE
"TERF2",-0.0840480802852721,0.545774376784345,-0.0828138027145723,0.639115159421851,FALSE
"LIX1L-AS1",0.0963076638365854,0.546866046196718,0.0920850860599357,0.620625373008343,FALSE
"SRP54",-0.07213236521642,0.546911477348849,-0.010176333742784,0.957500056530503,FALSE
"XRCC6",-0.0677800607394497,0.546911477348849,-0.0399578068314155,0.773843937696642,FALSE
"TXLNG",-0.115137525557138,0.546911477348849,-0.127305932428128,0.567534497993343,FALSE
"PEAK1",0.0901857071299725,0.547125466298567,0.0603341944418053,0.784996888042453,FALSE
"HCFC1",-0.178039700673017,0.547125466298567,-0.0871863565820524,0.811018178089428,FALSE
"SMYD4",0.1240553757955,0.547209389500391,0.1895792544944,0.373317789595875,FALSE
"PRCC",-0.0795187211497815,0.547466426915346,-0.0314094133655489,0.863476564270381,FALSE
"TBL1X",0.0793479981582258,0.547466426915346,0.128556394489432,0.443597014309636,FALSE
"TMEM41B",-0.079231825973389,0.547549353695335,-0.0413642804811796,0.828633822333242,FALSE
"ARID5A",-0.165179379647268,0.547941791249888,-0.187081678720002,0.590152364243768,FALSE
"LINC02762",-0.139585037093732,0.547941791249888,-0.131899474432658,0.632688328201306,FALSE
"FLYWCH2",-0.144821685286163,0.547941791249888,-0.0343146661479084,0.915808234175625,FALSE
"ARIH2",-0.0851246598567018,0.54812381411109,-0.160884402393906,0.0729034279503062,FALSE
"EDRF1-AS1",-0.153717649661766,0.548243312720766,-0.0267083097746536,0.93623145785233,FALSE
"IPO8",0.0926381935795941,0.548243312720766,0.0319716941581045,0.869968209572531,FALSE
"RANBP10",-0.077827635307063,0.548243312720766,0.04746365059045,0.785999877417831,FALSE
"FAM50A",-0.134601394930786,0.548559368800967,-0.111334403192928,0.564673686053732,FALSE
"TUSC3",0.161345201502698,0.549324880925187,0.0916909025787627,0.720652108416166,FALSE
"AC004951.1",0.15853647316872,0.549834924934469,0.0911573538308584,0.785968933181901,FALSE
"MCM9",-0.0633634999089729,0.550437025248299,-0.0284163759009637,0.859584934947768,FALSE
"TRAPPC6B",-0.093848527121139,0.550484575028813,-0.0234041651826389,0.910703713594951,FALSE
"MPZL1",-0.137788188911934,0.550665938527574,-0.0476348852683848,0.8074932973921,FALSE
"SAP130",-0.079813754734602,0.550665938527574,-0.0568256899340535,0.744537170103631,FALSE
"METTL8",-0.106479227484429,0.550665938527574,-0.174391093886521,0.373317789595875,FALSE
"PHF8",-0.0828809687885323,0.550665938527574,-0.0507075473146605,0.78683170284885,FALSE
"TRMT2B",0.109560449982716,0.550665938527574,0.126450489917117,0.539361135737871,FALSE
"KLC4",0.116633358013476,0.55091624042673,0.0871643203471061,0.704823319115989,FALSE
"EGLN1",0.0611328313052974,0.551401563049717,0.0983345176814123,0.425457821440856,FALSE
"MAEA",0.0787318432903029,0.551401563049717,0.140387161813333,0.308763541585229,FALSE
"DCUN1D4",0.072390862394975,0.551401563049717,0.190356606911352,0.133581396386734,FALSE
"SMARCA1",-0.096910239535442,0.551401563049717,-0.0984739813643372,0.628057234327791,FALSE
"GSK3B",-0.0423191052183944,0.55275424185173,-0.0378962300203901,0.676402680185844,FALSE
"ARPIN",0.147223567581831,0.55291341108365,0.31441571429932,0.251030778655733,FALSE
"CCSER2",0.0579709324574576,0.553298607959826,0.0636652741712836,0.482273699565159,FALSE
"WDR25",-0.114765814262014,0.553298607959826,-0.0693127246383696,0.785537763727127,FALSE
"ATG10",0.0687444067810641,0.553498239003914,0.0787059075930903,0.610925163103469,FALSE
"GTPBP6",-0.148197997829982,0.553598084890517,0.0157189648136536,0.959248119723837,FALSE
"HAT1",-0.107870351415032,0.553819527821796,-0.174246098763218,0.413650366213719,FALSE
"NDST1",-0.0876042042060375,0.553941415926626,-0.0588045009029912,0.763865928277278,FALSE
"CGRRF1",-0.184634231541612,0.554050709064732,-0.109635942749953,0.715629663621886,FALSE
"SFPQ",-0.0530649690054276,0.554089616012486,-0.0805094508386533,0.4356119540469,FALSE
"GNAS",0.0803195085984411,0.554089616012486,0.0463034276848512,0.696635339383896,FALSE
"CORO7",-0.100894749189358,0.554201314071025,-0.0442582888048531,0.83494286067931,FALSE
"C5orf15",0.160337257489987,0.55558626231182,0.00277216648140413,0.991761886904102,FALSE
"CIZ1",-0.089501750448749,0.556075070232174,-0.00146938448035236,0.99473595795147,FALSE
"CEP97",0.109111415373405,0.556346908450737,0.201420216047431,0.324333602005688,FALSE
"SORBS3",-0.0891578377595394,0.556346908450737,0.00112643878582463,0.996037171920516,FALSE
"CACNA1A",0.168373618747253,0.556346908450737,0.156231088943608,0.628521392696951,FALSE
"SLC35D1",0.105581672749739,0.556391170302332,0.0232269700528431,0.925353398752603,FALSE
"MTERF1",0.0962305894981645,0.556391170302332,0.0278595158651049,0.903242936634927,FALSE
"SMC3",-0.0948505955441468,0.556391170302332,-0.0379062433763924,0.846010505392866,FALSE
"PPP1R14A",-0.108309712941437,0.556957357994857,-0.00242089948274494,0.992849237249717,FALSE
"XPNPEP3",0.0897680326464035,0.556991460405178,0.110129226912545,0.518930627487186,FALSE
"IFT88",0.0766072831249346,0.556994509250493,0.131566415541204,0.344447415794158,FALSE
"SH2B1",0.0843972479908099,0.557021613195954,0.15274173106643,0.294526823025999,FALSE
"MAP3K20-AS1",0.0741681752930599,0.557125062215616,0.109836208231002,0.491577448840943,FALSE
"TRIP4",-0.0728251310447911,0.557272393083896,-0.041870755440197,0.804461704536891,FALSE
"TMEM50A",0.0766256605882178,0.557397867359192,0.144046870708852,0.30677919710772,FALSE
"IFT80",-0.075922621343857,0.557397867359192,-0.0408874437716095,0.789827377970503,FALSE
"CAST",-0.076341855607613,0.557397867359192,-0.0433177581868898,0.723310562431862,FALSE
"NUP153",-0.0609214789427768,0.557397867359192,-0.0376915790166698,0.801160164254877,FALSE
"LZTR1",-0.108270812326091,0.557457329989971,-0.0425663013533994,0.868798556151534,FALSE
"ELOA-AS1",-0.0964503430978718,0.557473648305647,-0.118882892811179,0.546370758494706,FALSE
"LIX1L",0.0819991924579366,0.557473648305647,0.133255914476631,0.366940739795854,FALSE
"DHX34",0.115310597437037,0.557473648305647,0.194249057714992,0.355520452853868,FALSE
"TMEM51",0.143616211239991,0.557543965540835,0.265686564757454,0.314251545522202,FALSE
"C2orf76",0.142953399369044,0.557543965540835,0.224432658563764,0.4097736334637,FALSE
"ELAC2",-0.136802750637584,0.557543965540835,-0.10938713996612,0.684774582711224,FALSE
"TRIM62",0.120866097884668,0.557566275792584,0.0932433849153798,0.725194812235554,FALSE
"TCF3",-0.123603060351891,0.557642124712298,-0.0601411024043475,0.809220409377296,FALSE
"SLC22A15",0.125815569412365,0.557787542508942,-0.0778380788251177,0.773100267743326,FALSE
"SLC35B3",0.168788591914853,0.55796753863082,-0.0458194425851784,0.843072012345972,FALSE
"KIF13B",0.112177800684183,0.55816443189057,-0.0433605269805392,0.765898926209669,FALSE
"PAIP1",-0.133778769079027,0.5585174881896,-0.0658311036650477,0.809482476490182,FALSE
"FAM245A",-0.172805121349987,0.5585174881896,-0.151668729252944,0.683014999830239,FALSE
"DDHD1",-0.0675297836940343,0.5585174881896,-0.150338156740795,0.20555117286766,FALSE
"FZD3",0.165658239490004,0.558634435157819,0.20369715975198,0.49815465420494,FALSE
"NOC2L",-0.15475065067161,0.558804895732372,-0.171018748154723,0.582513645836419,FALSE
"GFPT1",-0.0691177028606374,0.559300660624168,-0.0607932158598421,0.71596725920478,FALSE
"CYTH1",0.168316566971345,0.559307107915208,-0.0308596686560988,0.832082401334364,FALSE
"BRI3",0.0850340999407048,0.559813668671003,0.12914716264802,0.423831744190258,FALSE
"EXOSC10",-0.0864148597434396,0.560388190231726,-0.054625078231304,0.774861814124158,FALSE
"MYL9",0.102735472806953,0.560388190231726,0.0347386075936463,0.84228397799775,FALSE
"DNAJB14",-0.0658330757729941,0.560616265918602,-0.0617894402927341,0.673928745800775,FALSE
"MKRN1",0.127561795138424,0.561655026116826,0.0991579352097309,0.6370026539496,FALSE
"DNAH10",-0.144718411048547,0.561655026116826,-0.151594471376661,0.618025929840306,FALSE
"SP140L",0.117845513305599,0.562564508733626,0.068596263776624,0.78780710954811,FALSE
"UBE2E2",-0.0333353390710326,0.563156467568117,-0.0105984385612633,0.917154523460989,FALSE
"STK32C",0.162608872050099,0.563156467568117,0.228876184854797,0.435749790325582,FALSE
"BRD8",-0.0891695741623134,0.563358687086711,-0.0739098292009644,0.709012380033084,FALSE
"HELZ",0.0730614243194957,0.563375262060927,-0.0833928587377907,0.366854847851017,FALSE
"ACBD6",0.0646330801239682,0.563874048195976,0.129271662981921,0.345750355824766,FALSE
"PIP4P2",-0.111160155082898,0.563874048195976,-0.0622842308327464,0.773260117704386,FALSE
"CBX1",-0.107423868185105,0.563890205199822,-0.104421979381622,0.656713666189391,FALSE
"RAD18",-0.114592635910266,0.56395805203308,-0.113283230133564,0.636360336193448,FALSE
"REXO4",-0.129790574664513,0.564271565352692,-0.0622721125500624,0.820252469060726,FALSE
"EMC2",0.0750792378849937,0.564493473116464,0.1128641231207,0.439394833297942,FALSE
"PTOV1",-0.101818233760045,0.564728913232727,-0.0524452953289632,0.802330623495396,FALSE
"FEZ2",-0.0710605416939122,0.565207622424954,-0.138782036569456,0.324784566054598,FALSE
"WARS2",-0.0867906402750857,0.565362044328343,-0.126456601256937,0.491418902309768,FALSE
"SAP30L",0.180819256133213,0.565362044328343,0.166392404028256,0.577053780016911,FALSE
"FBXO33",0.0812010892477147,0.565362044328343,0.176403841730225,0.228286419139104,FALSE
"AC118549.1",-0.052117597914855,0.565415572058478,-0.137087926767438,0.149698366131496,FALSE
"ADCY5",-0.0626663415441583,0.565415572058478,-0.0417478964747375,0.83545860237725,FALSE
"INVS",-0.0453913950144005,0.565686970835994,-0.0462908249508384,0.703796613209868,FALSE
"GRIK5",-0.152170477136358,0.565686970835994,-0.116787697397371,0.735221679135204,FALSE
"PPP1R11",0.171191955897421,0.56571860419646,0.160563338652999,0.64614954777083,FALSE
"TSPOAP1-AS1",0.17242326390611,0.56571860419646,0.250099859975047,0.438346569796277,FALSE
"RPIA",0.131724891945512,0.565984982275215,-0.0271890425350587,0.921055479246158,FALSE
"AC127164.1",0.113452716043106,0.566245928626742,0.209336991830991,0.29153154540391,FALSE
"CNPY2",-0.0980860574092147,0.566248349430978,-0.0820732592067713,0.699030200761909,FALSE
"ZNF432",-0.123635014426226,0.566248349430978,-0.063863800860385,0.821206195244783,FALSE
"ATG16L1",0.109523664955897,0.566758823409262,0.162898016982505,0.445559423910427,FALSE
"PROSER1",-0.162381555810186,0.566828086402136,-0.265647523713268,0.34216558355666,FALSE
"AC010320.4",-0.134782628847603,0.566886964407113,-0.143078618196951,0.582583534228915,FALSE
"PSMD6",-0.186531468242917,0.56766760618143,-0.137896844135727,0.703796613209868,FALSE
"ZFHX2-AS1",0.113904404928449,0.567693689016205,0.130642732121537,0.58090728632236,FALSE
"TWSG1",-0.103015324114671,0.567693689016205,-0.125213743571203,0.564124241378373,FALSE
"ZNF358",-0.162705172471952,0.567693689016205,-0.109559935476201,0.734061672417912,FALSE
"MMAB",0.149761879387862,0.567705916975682,0.119570910127289,0.643046920717084,FALSE
"ANP32E",0.193851644172625,0.56773623016188,0.0713745823966504,0.851381868801959,FALSE
"TRAF3IP2-AS1",0.0413119309204091,0.567843145214173,0.141131831380358,0.117061198045271,FALSE
"SYNC",-0.0978255751121695,0.568333861963356,-0.0899305905087235,0.660434412343891,FALSE
"BTBD19",0.122210769045831,0.568333861963356,0.15634671334057,0.455142487400784,FALSE
"WDFY1",-0.0635704506451064,0.568333861963356,-0.0524227517228397,0.733445235001682,FALSE
"TRAK1",0.0361846934308878,0.568333861963356,0.0679071383070211,0.471692122597254,FALSE
"H1FX-AS1",0.15594471324361,0.568333861963356,0.136891305403011,0.669196384531498,FALSE
"ZNF3",-0.105507170338847,0.568333861963356,-0.10821340236039,0.635849226044084,FALSE
"TRIM5",-0.0976960357882224,0.568333861963356,-0.103026407786197,0.632539037659052,FALSE
"UBE4A",0.073040544281145,0.568333861963356,0.0385395756859071,0.8074932973921,FALSE
"CLIP1",-0.06761860213318,0.568333861963356,-0.208785956452736,0.0682987611952496,FALSE
"INTS2",0.103318753397205,0.568333861963356,0.0495891666872581,0.835707289828362,FALSE
"ZNF91",0.0572040511564751,0.568333861963356,-0.0153166420399483,0.903530046319287,FALSE
"DIAPH2",-0.0247375353344675,0.568333861963356,-0.07040240892146,0.457514337265975,FALSE
"ZNF280C",0.139529830039904,0.568333861963356,0.117946584568452,0.644123255453135,FALSE
"CYREN",0.0919876524670057,0.568340235292146,0.0561733300837562,0.78363779494511,FALSE
"AL078581.4",-0.135591678489006,0.569042752557298,-0.204899907970302,0.444459761146903,FALSE
"PWP1",0.111687802059372,0.569042752557298,0.126938852497543,0.557104586894929,FALSE
"COMMD2",-0.160832711596154,0.569083746027457,-0.146769388607659,0.622858651263061,FALSE
"BRD9",-0.0898734144819354,0.569083746027457,-0.0576151874415262,0.757474705863532,FALSE
"AC025178.1",-0.107768457306253,0.569083746027457,-0.0871195075159234,0.718980454084142,FALSE
"PON3",-0.134538964800997,0.569083746027457,-0.0302408529578326,0.92888012514989,FALSE
"ABHD17B",-0.119332908190976,0.569083746027457,-0.0993398959266846,0.700935980672274,FALSE
"CD99L2",-0.0981466077899131,0.569094428688252,-0.118113987312175,0.585735846833565,FALSE
"CCDC142",0.117323581143408,0.569303009188634,0.179267175047386,0.413650366213719,FALSE
"PACS2",0.0661621035548947,0.569512267403554,0.0967995574595087,0.472409166279455,FALSE
"NUF2",-0.151205104531149,0.56953415325924,-0.0976972534736561,0.789430144743389,FALSE
"KDM5B",-0.0676512362598322,0.5697114710631,-0.0106015566421045,0.946834108893061,FALSE
"MRPS5",-0.0686009476251752,0.569986389866656,-0.0390722455283632,0.804315753050849,FALSE
"CNTNAP2",0.156663717153094,0.57010266568062,-0.0535661006381849,0.784858899833979,FALSE
"MECOM",0.196916423526477,0.570226445915514,0.177717169050941,0.134176665454479,FALSE
"NSMCE4A",0.106549369470875,0.570226445915514,0.209853068683676,0.241943185569585,FALSE
"MFSD8",0.165792677270589,0.570292688875522,0.0867243307998888,0.649203435755565,FALSE
"ARHGAP21",0.0607677258779331,0.571128349756517,-0.0860771006653953,0.378131930648194,FALSE
"MORN1",0.158279161234392,0.572066033322915,0.267686594668605,0.334070360181384,FALSE
"RBM12B",0.092060193570098,0.572464876337411,0.0474303919785635,0.80352917974518,FALSE
"PPP4R3B",-0.0585875181706496,0.572476242395004,-0.0729124612263354,0.553848905985625,FALSE
"SGSM2",-0.100946820210504,0.572476242395004,-0.0570918858924198,0.793503186132291,FALSE
"AMMECR1",0.142128376316165,0.572476242395004,-0.177988806547741,0.404306874516188,FALSE
"RYK",0.0551344720337285,0.572527665342094,0.100538316576482,0.394660383490185,FALSE
"ABHD5",-0.176357889788707,0.573281008485191,-0.325178978861377,0.266376007676176,FALSE
"HINFP",-0.154739071468889,0.573392038202652,-0.173680523974269,0.584597511034774,FALSE
"PRPF31",0.133597628160734,0.573418438883785,0.163667029214322,0.524356985585824,FALSE
"R3HDM2",0.0385704617682289,0.573880848036936,0.0474752345621917,0.621744612151608,FALSE
"ZNF551",0.0938999318899537,0.574831558012842,0.0995904985776429,0.592353860705689,FALSE
"WRNIP1",-0.108441915102666,0.575076018100476,-0.126062380017808,0.533055253918504,FALSE
"LURAP1",0.119057491399704,0.575578922636485,0.206683561682498,0.373251110545342,FALSE
"DHX57",-0.0966916667894716,0.575578922636485,-0.000432686570352377,0.998839238828415,FALSE
"SENP6",0.0349879973337603,0.57560141920294,0.102007513149881,0.155856393858515,FALSE
"EMC7",-0.18591204481226,0.57619584182705,-0.218632979673754,0.344215427948186,FALSE
"KIF1BP",-0.0848530436062152,0.576280635123075,0.032909100421339,0.865308961038696,FALSE
"WDR33",0.0504053775138644,0.576492566683672,0.0400776213711415,0.674794895448985,FALSE
"SPARC",0.0345044093018154,0.576492566683672,0.123366972646905,0.149800871281304,FALSE
"RAB8B",-0.0713854497147219,0.576492566683672,-0.0506899177847798,0.791160376682289,FALSE
"NPHP3",0.0608423136330678,0.576547631743559,0.0820795251656093,0.523711561661453,FALSE
"NAP1L1",-0.0523995890212673,0.576674770672004,-0.0605065471244168,0.628759540351472,FALSE
"AP000662.1",0.150526338186574,0.577306771674697,0.172430204432163,0.585384945726023,FALSE
"NFYB",0.166566268547132,0.577852222534512,0.0953570022693224,0.66089099654617,FALSE
"DDX59",0.115029206685483,0.578194427952626,0.148000881075458,0.51500644740289,FALSE
"PPWD1",0.100078514170468,0.578579417471461,-0.0186890624575155,0.935733866792791,FALSE
"XPO4",-0.0831474408518879,0.578960917761704,-0.132230577871456,0.264455249423163,FALSE
"UFSP2",0.0923785705985217,0.579455450067038,0.106458475311521,0.569979529144766,FALSE
"RPAIN",-0.0691520799049584,0.579455450067038,-0.0144104048808113,0.933951291099373,FALSE
"GCNA",-0.111577105155122,0.579455450067038,-0.00782442827532322,0.976650718966624,FALSE
"NKAP",0.170001312932604,0.579455450067038,0.271011862681023,0.435236037019016,FALSE
"RNF185",-0.0926235380489592,0.579657921723978,-0.0777379914834575,0.693361923252394,FALSE
"DHDDS",0.0739571905311258,0.580128761629799,0.218896628858665,0.128142631412924,FALSE
"SORT1",0.0813534549070948,0.580128761629799,-0.168141175025341,0.0982855647508517,FALSE
"N4BP2L2",0.0439158663597193,0.580128761629799,-0.0174296103940238,0.865606282289302,FALSE
"TMEM161A",0.130496719948497,0.580128761629799,0.206984447314446,0.407601807383287,FALSE
"ALG5",0.103564989447513,0.580190420904365,0.0913043436388571,0.693361923252394,FALSE
"ZDHHC14",0.0996887683363017,0.580286142216792,-0.0953337752764253,0.552005843619246,FALSE
"ZGRF1",0.137596168355559,0.580448030383966,0.233836035368814,0.332988591199308,FALSE
"RAPGEF2",0.0364125022197026,0.580520017968666,0.0434013362677117,0.675176198833045,FALSE
"TTC4",0.13064512106045,0.580987466712616,-0.0112685338644061,0.969911001529583,FALSE
"GPD2",-0.0934752153993283,0.580987466712616,-0.217694946985289,0.179770629465823,FALSE
"FAM216A",-0.11811471438023,0.581339871410204,-0.0704975667689257,0.791866335392147,FALSE
"AKAP12",-0.0963088309089678,0.581371831511489,-0.21708562734756,0.303518267856202,FALSE
"LINC01320",0.178029150245202,0.581446103232856,0.149673976398684,0.553988764286129,FALSE
"ZFP90",0.0997138389739575,0.582750211330897,0.215203403126238,0.25489623635806,FALSE
"TMEM123",0.171855559877884,0.584032966940972,-0.0614538111053244,0.780974405695838,FALSE
"PIAS4",-0.122654146241838,0.584032966940972,-0.0986137769890649,0.698517794057303,FALSE
"LINC01088",-0.177263852789668,0.58410813971094,-0.288955195846025,0.141865885284817,FALSE
"HOOK3",-0.0472942833957468,0.58410813971094,-0.0848511462527365,0.442010343679024,FALSE
"NR2F2",-0.0421647946780577,0.584489459188258,-0.0220951108175423,0.848450265185561,FALSE
"PEX6",-0.0835031861993612,0.584566723791213,-0.0486578308251522,0.79553492270582,FALSE
"PSPC1",-0.0436905956291567,0.584566723791213,-0.0593256971173812,0.543631638851498,FALSE
"MAPK8IP3",-0.0599260140484565,0.584660920439583,0.0347227641569706,0.812751630039845,FALSE
"CD2AP",0.0733760080916562,0.584808747987058,0.0274415601903333,0.842241493017605,FALSE
"ACTN4",0.0715844164698238,0.584808747987058,-0.109632273632304,0.49763414226186,FALSE
"LPAR6",-0.0558304551563755,0.585250343879032,-0.0960361807408417,0.42525803559389,FALSE
"THUMPD2",0.0930439861381321,0.585451736687629,0.0779011247997743,0.681939774266687,FALSE
"PISD",-0.0934143365503775,0.58555134318172,-0.0137056855992006,0.955428739865864,FALSE
"SRR",-0.13712848510736,0.586378393307166,-0.132208102235808,0.663118776386974,FALSE
"CPNE3",0.15416913930349,0.586982830336689,0.194578958843969,0.249847575198441,FALSE
"SUMF2",-0.0829087632114188,0.586986685277767,-0.0469059386917065,0.814568147318823,FALSE
"ANGPT2",-0.0911393633094264,0.586986685277767,-0.116338478326534,0.629732808598325,FALSE
"MVP",0.0981073804063582,0.586986685277767,0.00451933981997815,0.982381418696024,FALSE
"MPPE1",0.0920135607339536,0.586986685277767,0.135863806418783,0.444459761146903,FALSE
"MAN2B2",0.110400510928893,0.586987840357318,0.123368687492663,0.570785435417471,FALSE
"SMAP1",-0.0592474154340567,0.586987840357318,-0.113150871612146,0.344718445779557,FALSE
"MALSU1",0.127403115514814,0.586987840357318,0.18345285385143,0.453872133675881,FALSE
"PROCR",-0.0713291408145062,0.587698509696542,-0.0678164686988958,0.728565016030044,FALSE
"SLC25A24",0.0822726061195038,0.587848098190407,0.00764406079569962,0.965721540501559,FALSE
"CERK",0.103906998584673,0.587848098190407,0.129193901949445,0.451509273531458,FALSE
"AC083798.2",0.0785023955121765,0.588132171982927,0.1600409786319,0.28472823505192,FALSE
"ZC3HAV1",0.109560818431612,0.588132171982927,0.0120336085321634,0.958093803095005,FALSE
"EXOC5",-0.0661665306800893,0.588132171982927,-0.0534493926860764,0.723096254983265,FALSE
"BMS1",-0.0943967747993535,0.588148065062639,-0.0800329927630815,0.698875269490124,FALSE
"EXTL2",0.111372383941052,0.588421130757538,0.162507273845614,0.48379576855,FALSE
"PLAC9",-0.0941572447799664,0.588421130757538,-0.0224815267187943,0.928954529564171,FALSE
"PTPN2",0.114326792002353,0.588421130757538,-0.0175101676890023,0.939788484253318,FALSE
"AC096564.1",0.134529337029802,0.588455483511178,-0.0757058721522085,0.75851591441156,FALSE
"RIN3",-0.137080739685137,0.588558769491384,-0.333961130287618,0.071766597381961,FALSE
"SYMPK",-0.0636618334638765,0.589540153029916,-0.0285528927865421,0.861362707801499,FALSE
"ITGA7",0.0375136681920551,0.589626231864371,0.157883198747719,0.121562073856094,FALSE
"CREBBP",0.0412958985349522,0.590645956228478,0.0754336781520181,0.414323905640509,FALSE
"MED12L",0.10395643373739,0.590902691896718,0.0756148115831398,0.797092836977287,FALSE
"ZBTB43",0.147087041185468,0.591751542415992,-0.056773352534903,0.745161915564466,FALSE
"LHFPL2",0.0949672821861536,0.592885779967423,-0.0522096053607452,0.82948865276642,FALSE
"AP5Z1",-0.106912572045017,0.593500390334627,-0.0216904025793012,0.93623145785233,FALSE
"CEP68",-0.0581023420125761,0.593508411937674,0.0506443790040707,0.703728166020215,FALSE
"ACBD3",-0.0622577277647339,0.59366538095126,-0.0998214337869013,0.488717092235164,FALSE
"BMPR2",0.0375917038119433,0.59366538095126,0.0283816552290272,0.737124848201635,FALSE
"SWI5",-0.0916456189759302,0.59366538095126,0.015889062358707,0.95197094210409,FALSE
"CDKL3",-0.0869631604679433,0.5937289002696,-0.109176107031994,0.585384945726023,FALSE
"AP001122.1",0.171350925925028,0.5937289002696,0.250592473982786,0.481428447445678,FALSE
"ZNF785",0.100227087156673,0.593735632807494,0.105809764559854,0.640561798123845,FALSE
"C1orf131",-0.132703629619395,0.593745405422437,0.00754638147188998,0.982458002690233,FALSE
"CRTAP",0.15558549365252,0.594313443371653,0.0829049379395964,0.694960431589401,FALSE
"DMWD",-0.105670851927499,0.594917660764184,-0.0802829424076044,0.715107492730378,FALSE
"ANGPTL1",0.113138735630806,0.594976122274745,0.155098083114503,0.549370621512551,FALSE
"FUBP1",-0.0542168294005322,0.595180871935705,-0.0448002780844338,0.737124848201635,FALSE
"ERLEC1",-0.103385791959548,0.595180871935705,-0.117064209272875,0.523711561661453,FALSE
"LENG8-AS1",0.142671893023466,0.595608635139202,0.239047911390648,0.342010088253169,FALSE
"AQP11",0.120354847848098,0.595916630777803,0.142391862159307,0.613999959025945,FALSE
"SUPT3H",0.0522259980673915,0.596381793469238,0.066502643973157,0.655619800148576,FALSE
"SNX13",-0.0828139796879972,0.596381793469238,-0.0299926747754176,0.821786649494163,FALSE
"SPDYE5",-0.0987666389760869,0.596381793469238,-0.0390643248247487,0.883180555545784,FALSE
"IRAK4",-0.134102011444224,0.596381793469238,-0.066605862428835,0.806149657616589,FALSE
"PAX8",0.217301649524022,0.596584356133537,0.279691334845419,0.5653107999123,FALSE
"ZNF335",-0.0914662568220019,0.596765280446688,-0.0166249516621618,0.941636833929605,FALSE
"RAB5B",-0.0915533217172878,0.597333852665344,-0.0415463453681501,0.852284471637757,FALSE
"HDAC6",0.0945700433302992,0.59944064784123,0.0663922144028062,0.770231729810662,FALSE
"KCTD9",0.0742000903659956,0.599596619434255,0.10596685961773,0.503972792991508,FALSE
"MTG1",0.0814393437777369,0.599631219978192,0.154170946152422,0.323966912976922,FALSE
"TBCB",0.151117686715643,0.599631219978192,0.0843137850523353,0.773458743768036,FALSE
"SNRNP70",0.0425538201033674,0.599631219978192,0.125538496435789,0.167993344903132,FALSE
"TAPT1",-0.0726900668053239,0.599732774157662,-0.0603241218391184,0.697522892128016,FALSE
"SEMA4C",-0.14594899064098,0.599755792964139,-0.136704231789885,0.627538971511654,FALSE
"AC096741.1",0.0618797952766372,0.600017971464456,0.188097062420783,0.1588623395731,FALSE
"XPA",-0.0802892336502146,0.600608588687949,-0.095247063988698,0.575051836634784,FALSE
"AC010168.1",0.136517170576667,0.601326828181459,-0.152738008684793,0.530460910422586,FALSE
"CALN1",-0.133015945588007,0.602003239447245,-0.08024895847191,0.78683170284885,FALSE
"AC139720.1",0.0661238286478131,0.60246172182207,0.127442935432493,0.450738712245866,FALSE
"AC007383.3",-0.16269001486204,0.602834946058448,-0.0812660372029446,0.843202731951684,FALSE
"VIPR1-AS1",0.175137598133462,0.603200387965491,0.369856997817171,0.386788717196602,FALSE
"ZNF791",-0.0917629050713645,0.603200387965491,-0.0951352086606832,0.673704941628723,FALSE
"OARD1",-0.135532126660882,0.603290008545318,-0.236850996088467,0.347831768324115,FALSE
"AP001267.3",0.115221106529568,0.603290008545318,0.210975039951702,0.431951748286141,FALSE
"UBE2L3",-0.0684900947905747,0.603290008545318,-0.0717567070075749,0.673872045577206,FALSE
"FP700111.1",-0.109906531634134,0.603992774241446,-0.251821288901487,0.190216503740154,FALSE
"PPP3CB-AS1",-0.170872190710328,0.605440764616146,-0.321385872893458,0.238984248829584,FALSE
"DOCK6",-0.0463129673896695,0.605502463262036,-0.0403559649940711,0.799095238811019,FALSE
"ELAVL1",-0.072398936950044,0.605689980241425,-0.0198988218947532,0.921626980545891,FALSE
"UTP20",-0.090981310981254,0.605699914067277,-0.102850112995557,0.633835466917875,FALSE
"NIPAL1",-0.227921543402279,0.605874093126345,-0.338605418071987,0.500955261343491,FALSE
"CECR2",0.0641575382301833,0.606062456312384,0.146300005278544,0.305309169441592,FALSE
"DCTD",-0.091702372529984,0.60633704853112,-0.0864785837540561,0.678307122407042,FALSE
"ZNF444",-0.118414334579954,0.60633704853112,-0.0146395070754652,0.962805502438857,FALSE
"NCK1",-0.0613439473564068,0.606439463697273,-0.0758127355145198,0.560300911975054,FALSE
"PAXIP1",0.0874750523546576,0.606439463697273,0.0859826035592533,0.673704941628723,FALSE
"PARN",0.0550582472715442,0.606439463697273,0.0319003047350504,0.811018178089428,FALSE
"ZNF347",-0.0863778943967733,0.606936724049742,-0.0141712373406695,0.95448611012385,FALSE
"JPX",0.0349316380266182,0.606936724049742,0.0607880218789789,0.510390568815156,FALSE
"SPATA7",0.0906298736817212,0.607031259854178,0.1823360509207,0.349288658692468,FALSE
"STAG2",-0.0398516826188159,0.607651224033163,-0.0645130793852773,0.527690449798797,FALSE
"GBA2",-0.0681842417870609,0.607659649399109,-0.0613072621375458,0.713224102550301,FALSE
"GBF1",-0.0362493072543747,0.607659649399109,-0.0530593802546722,0.606296769669444,FALSE
"ST3GAL3",0.0390814100964386,0.607782195931843,0.0996906028209523,0.263969669108159,FALSE
"LRFN5",0.119768858048852,0.607782195931843,0.308034677461547,0.329377443485237,FALSE
"PPIL4",-0.0791725093431699,0.608382309753535,-0.0617674084826095,0.727490703996066,FALSE
"GARS-DT",0.059511859102838,0.608441050210412,-0.0177281909730572,0.90621828263564,FALSE
"TARDBP",-0.0960093196867603,0.60878862281132,-0.108105788050352,0.555753271796716,FALSE
"STYX",0.135243050799534,0.608979864669533,0.177710941721287,0.495426282749318,FALSE
"HDAC2",-0.0806093948219809,0.609450301785045,-0.0130295184005359,0.946822792543309,FALSE
"IMMP2L",0.0443324486719345,0.609450301785045,0.0568669404547964,0.77049769492372,FALSE
"FADS3",0.123721187152675,0.609450301785045,-0.0585632354323446,0.773843937696642,FALSE
"SPDYE2",0.132606028755116,0.610114940928091,0.0835457957617767,0.785968933181901,FALSE
"HIKESHI",-0.0996284015564522,0.610114940928091,-0.0780984448488845,0.728705019864631,FALSE
"ARHGEF18",-0.0661798850369952,0.610114940928091,-0.0679756020226184,0.67607640203218,FALSE
"TRIOBP",0.0904328115006039,0.610114940928091,-0.0426163532524385,0.786416757958935,FALSE
"PPP2R2D",0.052046101338554,0.610269701323174,0.120998182162415,0.244483911193977,FALSE
"RANBP9",-0.0685373328067385,0.610285433510698,-0.105459286396022,0.479739882066027,FALSE
"ZC3HC1",-0.0887171741950634,0.610685728300063,-0.00522613274711388,0.982458002690233,FALSE
"NUP133",0.0740614042392084,0.610756049398058,0.12310209534845,0.42337367205693,FALSE
"PPP1CC",0.11486040975031,0.610756049398058,0.210500261615559,0.11876203610083,FALSE
"DNAJC15",-0.078394795975635,0.610756049398058,0.0427082537442025,0.833534580350452,FALSE
"CSRNP2",-0.0824314620130127,0.610818130176389,0.0463838793112308,0.816722980323632,FALSE
"PPHLN1",-0.0653659014017099,0.61121445394913,-0.105090381761568,0.463209317078875,FALSE
"SLC51B",-0.126443730964427,0.611241996409841,-0.0161104862220963,0.963905551952308,FALSE
"ZNRF3",-0.101531373239437,0.611241996409841,-0.103191209961084,0.643335930615007,FALSE
"EDRF1",0.0784666866635232,0.611348844271181,0.144343204356041,0.365543423351054,FALSE
"SCAMP2",0.152871804228717,0.611348844271181,-0.168296604198596,0.344468443514818,FALSE
"ARHGAP19",0.0957644242219638,0.611801630209005,0.202823425330868,0.258680651453534,FALSE
"AC026704.1",-0.0895330821891936,0.611964008534885,-0.0724059923526745,0.744537170103631,FALSE
"PNPLA6",-0.104399531691776,0.611964008534885,-0.109343285239111,0.615854477545079,FALSE
"IQSEC2",0.110339393387428,0.611964008534885,0.105390026158413,0.704240381254095,FALSE
"RPE",-0.129713602325772,0.612441442375564,-0.169649203157433,0.492224423553356,FALSE
"TENT4B",0.0700585200445382,0.613387374822015,0.201007136682619,0.261131728492852,FALSE
"FAM122C",-0.0835162575348562,0.613387374822015,0.0111433489355111,0.963091530434707,FALSE
"KIAA0319L",0.0359279887351224,0.61363365601999,0.00808763240012214,0.946241389331231,FALSE
"ADGRG2",0.0801025884164671,0.614380054440358,0.0784997872245322,0.737124848201635,FALSE
"RAD17",0.0963811801166176,0.615118811259419,0.164542554003499,0.373646586635695,FALSE
"MYO6",-0.0486284449885818,0.615307622640636,-0.0243638830268081,0.856477875906645,FALSE
"MPP5",-0.0854831001899364,0.615331315500399,-0.0931929722614664,0.683479686256264,FALSE
"TRPA1",-0.0648918611759291,0.615826238103013,-0.0160891945912998,0.92633051030369,FALSE
"C2orf49",-0.125633035152838,0.615874915916689,-0.115084598234911,0.716227146276489,FALSE
"TECPR1",-0.10578304580445,0.615929935988833,-0.175377914501956,0.40621141714165,FALSE
"TPM1",0.0926326645989163,0.616123378014385,0.0936186722243977,0.471759025416758,FALSE
"APP",0.0835943208566634,0.616484210387021,-0.0553719263108276,0.591768390358099,FALSE
"HIRA",-0.131197507561069,0.616484210387021,-0.0819156342540015,0.800892890162745,FALSE
"TAF6L",-0.126039759159883,0.616826068429876,-0.0514868483466884,0.870607104926712,FALSE
"AC000065.1",-0.159227595305756,0.616955566314447,-0.14767757253526,0.692056988742372,FALSE
"AL035427.1",0.07474392997778,0.617433709387111,0.101184908615553,0.589643355493472,FALSE
"TLE1",-0.0466078717108001,0.617911452552088,-0.0826557056412891,0.457155974336946,FALSE
"AC009107.2",-0.16243957678916,0.618191789970369,-0.0838522239024818,0.835562484230842,FALSE
"ZNF460-AS1",0.122831109691188,0.618191789970369,0.212015242479535,0.388879993007973,FALSE
"SLC16A4",0.057230610908558,0.618696288019402,0.0812302821572652,0.571228033757486,FALSE
"AP000487.1",-0.0996899456826273,0.618696288019402,-0.0874789791187464,0.728226546187609,FALSE
"ERCC6L",-0.148520851801953,0.618696288019402,-0.120178920179718,0.723082613844796,FALSE
"RNF145",0.0665711817764888,0.618933764365471,0.0334547059858298,0.816722980323632,FALSE
"MTHFD1L",-0.195425277354018,0.619084303063537,-0.522921027130859,0.0470751461000242,FALSE
"FOXJ2",-0.12652518233417,0.61926135310638,-0.100648695848733,0.735221679135204,FALSE
"AC009554.1",-0.0527918871444926,0.619416040249988,-0.00234382286745258,0.988439587850575,FALSE
"ABCA10",-0.104502667162152,0.619508091271105,-0.14487599999519,0.192209815418216,FALSE
"BBS7",0.107599495528173,0.619530007358607,0.0983108371862838,0.718980454084142,FALSE
"DENND4A",0.0496328351532939,0.619530007358607,-0.0356811605050194,0.792058852568742,FALSE
"TBC1D2B",0.0602668897713435,0.619530007358607,0.0640565102269096,0.683900579859696,FALSE
"RANBP3",0.0725383135322422,0.619735921384844,0.0860147280837706,0.609039790043247,FALSE
"ADPGK",-0.0710949835980271,0.61987774041429,-0.0852004947252548,0.641932589043852,FALSE
"AKAP13",-0.042066399880315,0.619960072566522,-0.0808213748423378,0.274105704507418,FALSE
"COA1",0.0459144370031267,0.620375888320377,-0.105309639510309,0.241706476823745,FALSE
"HS2ST1",0.0869761206786994,0.620480711825664,-0.164355179376005,0.285331820705565,FALSE
"TMEM260",-0.0553619070618779,0.621149213118799,0.033876020317648,0.830497196901819,FALSE
"UFM1",-0.193229564735316,0.621199074228075,-0.275419649183273,0.160754857283176,FALSE
"ADAR",-0.0663130407836568,0.621497956896616,-0.016798296431756,0.928954529564171,FALSE
"GUF1",-0.112317470954286,0.621497956896616,-0.149020470858092,0.590008944393799,FALSE
"SDHA",-0.101329445735086,0.621497956896616,-0.0873180108336324,0.487011204754346,FALSE
"GABPB1",-0.0884387998710835,0.621497956896616,-0.0762845137513908,0.752855110390727,FALSE
"ARRDC4",-0.148111961370969,0.621497956896616,0.0732639535279403,0.852366815201757,FALSE
"PHLPP2",0.0728634745131299,0.621497956896616,0.166199152657093,0.300054899019759,FALSE
"EVI5L",-0.0898847648652634,0.621497956896616,0.040446017088871,0.863436405586702,FALSE
"ZNF155",0.0894912608575909,0.621497956896616,0.145669951242598,0.455601915865744,FALSE
"DDOST",-0.137297473725545,0.621852592404289,-0.181670472376494,0.417386199437691,FALSE
"SOCS2",-0.166243633761913,0.621927275794477,0.0790065326430377,0.846006573426629,FALSE
"CTIF",0.106853346190795,0.621927275794477,-0.0761797032181714,0.665818803863056,FALSE
"TMEM222",0.110965223760369,0.622348891020815,0.193656372008205,0.306342773783542,FALSE
"FIGN",-0.0722227559964664,0.622348891020815,-0.0352463675505614,0.907136660148562,FALSE
"DSTYK",0.0902454641119028,0.622959992637478,0.0727165921894857,0.744883685473755,FALSE
"ZNF84",0.0963633347711807,0.622965981949383,0.0744558944848513,0.713369095591047,FALSE
"AL161430.1",-0.0909719462711315,0.623004397480932,-0.0313763971203673,0.916339181304702,FALSE
"SMG6",0.0423757390398785,0.623183785854494,0.105761383112116,0.413252840659268,FALSE
"ARPC5",0.104608963503153,0.623950841157406,-0.0585024653974023,0.784996888042453,FALSE
"RBBP4",-0.0651525860148351,0.623961684021649,0.0203383296136827,0.904101968156162,FALSE
"LRRC58",0.156228372602296,0.623961684021649,-0.078265746253102,0.71596725920478,FALSE
"NUB1",0.0866194548669023,0.623961684021649,0.0766284179448658,0.689005122022235,FALSE
"VCL",0.0601103321730221,0.623961684021649,-0.0670329008606707,0.606965783531116,FALSE
"MRE11",-0.0884555213732986,0.623961684021649,0.017995297295521,0.940446366290721,FALSE
"DEPDC4",-0.117798556963497,0.623961684021649,0.0106456342429452,0.973675384225439,FALSE
"VPS39",-0.064774429467307,0.623961684021649,-0.125627833900367,0.410699960754418,FALSE
"ITGAE",0.132498009947034,0.623961684021649,0.125274847268718,0.678832635853058,FALSE
"SHFL",0.100466963316487,0.623961684021649,0.098736403447029,0.689976965940784,FALSE
"THADA",0.0400318135541484,0.624059483446478,0.0474666589254106,0.622850073660901,FALSE
"KLHL8",0.0840405937125295,0.624059483446478,0.0545964230748409,0.801695116398895,FALSE
"ELMO2",-0.0922437562209085,0.624059483446478,-0.0300291940186897,0.908748595543934,FALSE
"HMGCL",0.110049215432558,0.624215308644794,0.0876242543216743,0.738707483300426,FALSE
"LINC02245",0.124904745179049,0.624215308644794,0.011419010309804,0.969815375505801,FALSE
"ATG16L2",0.064891272789574,0.624215308644794,0.0797636041588327,0.632351430822907,FALSE
"RPA1",0.0928748580071105,0.624215308644794,0.112197747110462,0.620625373008343,FALSE
"DLGAP4",0.0461158738064842,0.624215308644794,0.0767866580889514,0.506374026416504,FALSE
"CSNK1G3",-0.086031223810266,0.624617090236805,-0.131116043949156,0.392722209607694,FALSE
"AC023424.3",-0.0693322429195837,0.625159979445704,-0.0334393532432154,0.875889609981912,FALSE
"CEP63",0.066122380768545,0.625343184919775,0.110529349569464,0.499931126857509,FALSE
"KCNIP4",0.0771642833802175,0.625343184919775,0.223280515317421,0.383374975972753,FALSE
"EPM2A",0.154099658985214,0.626125003395288,-0.127018661399174,0.515697118770125,FALSE
"FAM184B",-0.119365784834453,0.626406015022406,0.0399083730099964,0.90221359750591,FALSE
"MSL2",-0.04900447735577,0.626535991421962,-0.0214072508950148,0.880292758083964,FALSE
"NIT2",0.0966985644686559,0.626696807088863,0.196774765459585,0.349288658692468,FALSE
"DCPS",0.0925195417944155,0.626696807088863,0.191027428871283,0.356971091660897,FALSE
"EFCAB13",-0.0629469043015988,0.626696807088863,-0.0863329621225083,0.567362433557874,FALSE
"IL13RA1",0.124751319673964,0.626696807088863,0.169767275793529,0.261120174078186,FALSE
"HS1BP3",0.114279339600922,0.626775265025355,0.146600567805461,0.535027497419128,FALSE
"VCPKMT",0.164511936294935,0.626825679527251,-0.078901786621907,0.798782270722147,FALSE
"LRRN3",0.112385834864128,0.627235828411382,0.157656822874088,0.60732835744052,FALSE
"SNX8",0.159337481585271,0.627349014754855,-0.0410482773924523,0.910703713594951,FALSE
"USP33",0.042202415760632,0.628132185328598,0.0309194967459187,0.787058605724611,FALSE
"CYP20A1",-0.0449542724138967,0.628132185328598,-0.0304897130498886,0.821869472770749,FALSE
"AL034405.1",-0.156546762573411,0.628132185328598,-0.129775855844268,0.744883685473755,FALSE
"UPF1",-0.101919531945021,0.628913142348399,-0.0664646015852648,0.786726255196497,FALSE
"ARPC1A",0.0738521556257813,0.628977022671349,0.150962428641554,0.379729121019686,FALSE
"AC007666.2",-0.0967802237044857,0.628977022671349,-0.0691301827680523,0.780974405695838,FALSE
"EIF2D",0.149551119944696,0.629295106554613,0.0657270900117644,0.849740612972626,FALSE
"SAMD4B",0.0561555498811751,0.629478444332737,0.115519381061691,0.401113469396779,FALSE
"CEBPZ",-0.0734489787790186,0.630133677757307,-0.0606286226347554,0.771704770429383,FALSE
"RAB27A",-0.125416485425173,0.630251042502652,-0.221801380530555,0.268242661814798,FALSE
"IL18",0.105961233691918,0.631498036618166,0.0407417536184399,0.886932308045073,FALSE
"HEATR6",0.120831445329804,0.63152723231584,0.156284624756698,0.564001233935928,FALSE
"HMBOX1",-0.0440222157284697,0.631937146099434,-0.0681858110920504,0.362904525862374,FALSE
"PIN1",-0.124921817900438,0.631937146099434,-0.151292964300953,0.527769989520457,FALSE
"NT5C3A",0.0564313185405772,0.632446107294529,0.0495699852214755,0.765119731497684,FALSE
"MASP2",0.115208197879164,0.633422090327578,0.224323164235532,0.36420081646188,FALSE
"FRA10AC1",0.0685491849325079,0.634419450425944,0.0217172759792143,0.907288590646663,FALSE
"PDZK1",-0.146628615738487,0.634520414322786,-0.0886169676664815,0.824891483892527,FALSE
"RAB28",-0.0530310728017049,0.634520414322786,-0.0617094054368055,0.55566193539207,FALSE
"COL23A1",0.122430328073932,0.634520414322786,0.236124023922493,0.5012459162525,FALSE
"GPAT4",0.121679141754585,0.634520414322786,-0.0786263533730955,0.751739516805734,FALSE
"PKN1",-0.0796997245374271,0.634520414322786,0.015834225640071,0.946822792543309,FALSE
"PDGFRB",0.0279129351698351,0.634781205860714,0.114452302929129,0.314663253536547,FALSE
"NARF",0.0793401207078905,0.634816901025452,0.132998915245232,0.445327706310947,FALSE
"ETFDH",-0.0895250588807901,0.63502647696458,-0.0141604086062316,0.923370024302922,FALSE
"WASHC2A",0.123697045936092,0.635093582487213,0.0644720763728015,0.800689563261335,FALSE
"FAM168B",-0.0581176644257024,0.635441599989764,-0.009772778929401,0.954536845620432,FALSE
"EEFSEC",0.0643705295089994,0.63545998815126,-0.0151305726023724,0.939668710633521,FALSE
"BRF1",-0.0672996906568778,0.63545998815126,-0.0371061166328303,0.828246261430248,FALSE
"IFT122",0.0832424452390668,0.635490464571127,0.171353470715826,0.306390265377282,FALSE
"XRCC4",-0.0994924994438031,0.636681517378947,-0.296846272268297,0.0286123325997076,FALSE
"RNF180",-0.0551800520273544,0.636903606057614,-0.0890308848846262,0.624629736711585,FALSE
"PIK3R4",-0.0782711654844903,0.636993893751816,0.0144583856098306,0.954622702649816,FALSE
"POLE",-0.129411435521516,0.638115431696373,-0.075914397023635,0.82948865276642,FALSE
"ALG6",-0.117912963832118,0.638352134466556,-0.019137437240107,0.955428739865864,FALSE
"RIMS1",-0.349842073814022,0.639409268031711,-0.383385934802968,0.707500300516914,FALSE
"DELE1",-0.0909205461009356,0.63983741583619,-0.124823692800154,0.457514337265975,FALSE
"SLC35E1",0.10671840742695,0.639850952632626,0.174103086123032,0.507388932112006,FALSE
"ZNF331",-0.100708494856258,0.639850952632626,-0.129030153470037,0.537575652021867,FALSE
"SNX27",0.0704763119789238,0.639921672490999,0.126290579109444,0.438082949925387,FALSE
"TMEM63A",-0.0635032375066397,0.639921672490999,-0.0497559349016897,0.787618697877854,FALSE
"SLC41A3",-0.142438994633927,0.639921672490999,-0.143384137706749,0.677421487266495,FALSE
"PPP3CA",0.0709862093761836,0.639921672490999,0.0387371631852725,0.803607104183645,FALSE
"NUP42",0.0758312431402459,0.639921672490999,0.0574990726807881,0.772398680797176,FALSE
"C14orf93",0.12191939573411,0.639921672490999,0.206395480465552,0.443104385475438,FALSE
"ADORA2A",0.123557363695004,0.639921672490999,0.241202998287678,0.379729121019686,FALSE
"DPYD",0.0377061518857661,0.640729399060871,0.0419924696682202,0.678832635853058,FALSE
"TMEM175",-0.0986683123508595,0.640729399060871,-0.0612567120279866,0.800892890162745,FALSE
"AC025283.2",-0.0885706860227837,0.640729399060871,0.00140470790501521,0.996165480653866,FALSE
"TEAD2",-0.0587602599902374,0.640729399060871,-0.0171637115829824,0.921626980545891,FALSE
"DGCR8",-0.0618914592366584,0.640729399060871,-0.00378112334432186,0.983614891212433,FALSE
"NUP50-DT",0.091545777926175,0.640729399060871,-0.0526318096953841,0.816074379426067,FALSE
"AL445928.2",0.119266193206472,0.640773312496512,0.115438305364869,0.699112386157198,FALSE
"C18orf32",-0.138819225844416,0.641484825754812,0.020959411064536,0.938611500933428,FALSE
"INTS10",0.0644179909499521,0.641779602521824,-0.00876953223416902,0.960088847618154,FALSE
"CMTM4",-0.0713830928032231,0.641779602521824,-0.10234511588247,0.58706144270953,FALSE
"ARL3",-0.0846396737104558,0.642390561383243,0.0360956172418113,0.888598125003876,FALSE
"SMG1",-0.0418323030417514,0.642483146791495,-0.132096895648321,0.0812703907304215,FALSE
"RAB12",0.0633716389178956,0.642483146791495,0.0567037657978551,0.704240381254095,FALSE
"ZMYM4",0.033078488433469,0.643462607395189,0.0113685646591013,0.912772268963329,FALSE
"CCNT2-AS1",-0.13333771895993,0.644008771074371,-0.095832279420147,0.791160376682289,FALSE
"MBD1",-0.093378357458166,0.644008771074371,-0.10616175026522,0.659809050572883,FALSE
"ARNT",-0.0399157217381261,0.64401925843212,0.0262631082238113,0.820208289168802,FALSE
"NR2F6",-0.124519938264588,0.644387208414382,-0.111438157657536,0.701150808257941,FALSE
"PKNOX1",-0.071425046915059,0.644900023920363,-0.0307277617496373,0.885068579608185,FALSE
"CUEDC2",0.117250190343656,0.646135925892227,0.146005803880624,0.584652628407112,FALSE
"ATG12",-0.0760628645072526,0.64675777741887,-0.0800935235368727,0.680151238487822,FALSE
"TNPO3",-0.0577346864438682,0.64675777741887,-0.0506217862771106,0.739165791839758,FALSE
"BCLAF3",0.065159145331123,0.64675777741887,0.0942326510607389,0.582923353115156,FALSE
"EFR3B",-0.135010907206825,0.648658537469209,-0.200071606068222,0.474088658851015,FALSE
"KNOP1",-0.101741228406619,0.648834215698512,-0.0183524544436245,0.950947134679084,FALSE
"PAICS",-0.107253104344471,0.649222430862081,-0.0700848813992084,0.814372184297375,FALSE
"USO1",-0.044812024197966,0.649692353751314,-0.106436174854884,0.327917037701255,FALSE
"PTCD1",0.0933656384637338,0.649912039476133,0.0901691172224635,0.760825414736564,FALSE
"PRRG1",-0.164068777114106,0.649912039476133,-0.135256867880428,0.412684668453108,FALSE
"CNOT9",-0.0853671510870077,0.649928173543648,-0.110248347832669,0.579289959029036,FALSE
"SLC66A3",0.0962793793513889,0.649957742055882,0.154468123727202,0.501731471773197,FALSE
"PINX1",-0.0974226977870729,0.650191495396031,-0.0784529925130188,0.78363779494511,FALSE
"ZYG11B",-0.0424269799261183,0.65055053735976,-0.0500700806369718,0.66630004042691,FALSE
"MTIF3",-0.0887783657012696,0.65055053735976,0.00594764156267407,0.980724077976346,FALSE
"APOL3",-0.168721396606156,0.650997013764271,0.0301670833416212,0.917963491537849,FALSE
"RPA3",0.0798130395916146,0.65122743021365,0.096924330508427,0.678832635853058,FALSE
"ZNF248",0.0615481351557771,0.652074734615805,0.105252471698273,0.503604341455104,FALSE
"IDH3B",-0.110217385477061,0.652257189753586,0.107933009550148,0.680769499156724,FALSE
"GRHPR",0.180281057221813,0.652650484063423,0.172530075047257,0.54517738919187,FALSE
"ZNF160",0.0588058515789563,0.652650484063423,0.147062557672283,0.314663253536547,FALSE
"WDR6",0.122529060200264,0.653996728637318,-0.073532393024866,0.751739516805734,FALSE
"FAM120C",0.0752265130445591,0.654515804090195,0.160899030956501,0.334070360181384,FALSE
"ZNF316",-0.100219372051161,0.654940060705683,-0.0735785263773913,0.785258568134156,FALSE
"WDR60",-0.0412018559661384,0.655594010550973,0.0159820632626255,0.913641880151944,FALSE
"ZNF397",0.0599046899294573,0.655908730084334,0.0721949509609431,0.638410259630431,FALSE
"LRIG2",0.0525126865648789,0.656197171750211,0.0557118228900719,0.663214384599129,FALSE
"PELP1",0.0956956845684602,0.656197171750211,0.0732200226467216,0.773054433988116,FALSE
"MAP7D3",0.082058415114064,0.656197171750211,0.115701311356079,0.563098531805587,FALSE
"FAHD2A",0.116584121213792,0.656606584785174,0.225673555249764,0.414309702021292,FALSE
"METTL9",0.122704052628901,0.656666378236932,-0.0547489870746851,0.835562484230842,FALSE
"GPM6B",0.123578887076029,0.656666378236932,0.152955267710547,0.669326053587441,FALSE
"PDPK1",-0.0454911169852696,0.656830030022933,-0.00646477219825641,0.963905551952308,FALSE
"ZRSR2",0.115845071429494,0.657057509740541,0.0350161761035423,0.910703713594951,FALSE
"DPCD",-0.12538513232421,0.657168553852228,0.0756654592270297,0.816074379426067,FALSE
"TCP11L1",-0.0632689943406888,0.657168553852228,-0.0585031081343293,0.724209334151783,FALSE
"DNAL1",-0.0903029141240808,0.657168553852228,0.0380246398089406,0.88641144961227,FALSE
"RHOT2",0.133516401408712,0.657168553852228,-0.0307219760370097,0.872913347856161,FALSE
"CHMP1A",-0.182253239701641,0.657168553852228,-0.125432246696698,0.704360747050031,FALSE
"NOP56",-0.115917669490246,0.657168553852228,-0.191743754516219,0.450242696462441,FALSE
"SUPT7L",-0.113313360726862,0.657227013182755,-0.0742116648578031,0.808415143224023,FALSE
"ECM1",0.127048788935213,0.657529563395936,0.109517604769731,0.564921735777086,FALSE
"PGGT1B",-0.088245331981927,0.65802822150828,-0.117503568384012,0.483730546061428,FALSE
"WDR11",0.0579935963352747,0.658155617019808,-0.000209360505743755,0.999078387081438,FALSE
"FAM118A",0.0996628820443583,0.659479936069014,0.0340452911587611,0.912012722551787,FALSE
"EEF1AKMT1",-0.0851728321581377,0.659659414693584,0.0336201211115924,0.903223620804155,FALSE
"ARPP19",-0.108533975187176,0.659659414693584,-0.154666929188202,0.297606528107627,FALSE
"B3GAT3",-0.109507137034521,0.65996336461898,-0.0213146553285485,0.946718016453352,FALSE
"SRP68",-0.0993387175735136,0.660291917990375,-0.0779313745225416,0.758906810214341,FALSE
"SQSTM1",-0.0907563672919924,0.660847920772545,-0.0189279329701009,0.903538972707294,FALSE
"SMPD4",0.0772202648931097,0.66088119058183,0.0795678004611535,0.645961978565378,FALSE
"WDR1",-0.105703441242751,0.66088119058183,-0.184231985698836,0.423831744190258,FALSE
"PEX7",0.152071947325263,0.66088119058183,0.058614577135362,0.807206726351206,FALSE
"SBF2-AS1",-0.0875885532550289,0.66088119058183,-0.0751976716233456,0.773054433988116,FALSE
"ANKRD13A",-0.0716269262081814,0.66088119058183,-0.0962322059588674,0.59354733345958,FALSE
"IL3RA",0.0812396448088734,0.66088119058183,0.154308056293805,0.537407128724355,FALSE
"CCDC39",0.105968992240959,0.661086265680844,0.150278104370541,0.578885700648459,FALSE
"FLOT1",0.0621092619388886,0.661086265680844,0.0515863047422196,0.775161522578419,FALSE
"STK3",-0.0304324210628255,0.661213662468038,0.0159971312591302,0.892790398064631,FALSE
"BICC1",0.153576899189414,0.66215662757778,0.167478020011012,0.41051966126959,FALSE
"NCOA2",-0.0394016818136107,0.662296544725822,-0.0306290799502233,0.82032510686406,FALSE
"TRAK2",0.0912978914028916,0.662335344945634,0.067790080378946,0.620258796511111,FALSE
"FBXO38",-0.062302299734711,0.662415493364358,-0.142749021708032,0.183145836716455,FALSE
"PPP1R7",0.0920579625730203,0.662707114778772,0.0769124517915387,0.762242919794458,FALSE
"DNAJC18",-0.0882651710026488,0.662707114778772,-0.127606117998253,0.561569186105003,FALSE
"POLR3F",0.13810103012248,0.663348632177263,0.116253538639572,0.738254266691742,FALSE
"KDM5D",0.121170135427229,0.663348632177263,0.213781085944023,0.555963776739234,FALSE
"PLEKHO1",0.12411395844916,0.663373183671077,-0.24580191967612,0.268226365877832,FALSE
"CCNY",0.0336504929207713,0.663373183671077,-0.00263576258807934,0.982381418696024,FALSE
"CAMTA2",-0.0657509851903786,0.663373183671077,0.0130102430454439,0.949746959344272,FALSE
"SFMBT2",0.115133317289284,0.663724725543515,-0.0857182641328525,0.676606028742977,FALSE
"TMCO4",0.0752314803607615,0.664151417222293,0.162332649058133,0.376401588098185,FALSE
"TRMT44",-0.0797951770010613,0.664250564917129,-0.0256557593196075,0.91526274065755,FALSE
"RALBP1",0.0830248450581821,0.664250564917129,0.0740717792333838,0.746576515997534,FALSE
"CCZ1",-0.0850442512771754,0.664282116982245,-0.00242164778705334,0.993359674229805,FALSE
"PRDM2",-0.0421599387520837,0.66437063157922,-0.0472950599862071,0.645961978565378,FALSE
"DHX29",-0.0564529246496371,0.66437063157922,-0.0423384915563649,0.799095238811019,FALSE
"EP400",-0.0495393233406838,0.66437063157922,0.00570337641031546,0.973512487688053,FALSE
"TOR1AIP2",-0.120033951801285,0.664437024166639,-0.140917100106321,0.351279921903199,FALSE
"TMEM161B",-0.0699241859059166,0.664437024166639,-0.0694489197034651,0.671298703469378,FALSE
"NOL9",-0.06596773074577,0.665165024971126,-0.0092720724210781,0.965721540501559,FALSE
"USP34",0.0267863172929047,0.665434790604913,-0.00990510339492235,0.921626980545891,FALSE
"SLC9A6",-0.0910682098759877,0.66545578318925,0.018200803297508,0.948620744500992,FALSE
"SGCE",0.0454499577817493,0.665571980858658,0.116520445803743,0.303105114184435,FALSE
"CHRD",-0.0947417631428981,0.665977451671573,-0.129387120849944,0.575222279707684,FALSE
"MRPS36",-0.160977872095107,0.667174115042766,-0.202433675644288,0.315540578203883,FALSE
"ARHGAP17",-0.0544490121459483,0.667174115042766,-0.0356095145345022,0.842241493017605,FALSE
"MRVI1-AS1",0.084629079766283,0.667693127550476,0.173468464969073,0.420329483456527,FALSE
"STARD13-AS",0.0467100319737613,0.668323382049476,0.0402356696947511,0.813393062276784,FALSE
"ENGASE",0.120952464061,0.668413928626969,0.11567845957964,0.662082019627914,FALSE
"FBLN1",0.0753077010522288,0.668501050823905,0.104721045554843,0.562998902504671,FALSE
"GPR135",-0.161415359970106,0.669205745758556,-0.180276250938635,0.565600677838937,FALSE
"NDUFV2-AS1",0.0886997291714755,0.669588705875467,0.128804974621075,0.582923353115156,FALSE
"ARFGEF2",0.0493117212350759,0.669588705875467,-0.0829450667691826,0.473385260174728,FALSE
"NDUFV3",0.0584228152127438,0.669588705875467,0.168362248398271,0.198646961432479,FALSE
"UBR7",0.126509212974941,0.669838282978378,0.0183979842234021,0.961653422132743,FALSE
"CNOT6",-0.0714910464131837,0.670729142396528,0.031983494920724,0.890579201725601,FALSE
"CNNM3",0.0980330078917312,0.670794337026981,0.0548487944421786,0.831204833015863,FALSE
"PDIA5",-0.131072471877697,0.670919617690058,-0.0937498227315695,0.831899686814515,FALSE
"THOC2",-0.0378227942413897,0.671143323822831,-0.0451269976961643,0.693496388242761,FALSE
"TSBP1-AS1",0.160796363362107,0.671271268876347,0.361088218189805,0.41051966126959,FALSE
"RNF38",-0.0360050324991744,0.671271268876347,0.0235380597676949,0.853031223969492,FALSE
"MEF2A",0.0393460331970363,0.671271268876347,0.0390456583066097,0.712592554606607,FALSE
"ACAD9",0.0832372497432317,0.671372932970057,0.0388901457810096,0.879141135596018,FALSE
"MBD4",0.115213887305865,0.671577021145761,0.132219308925245,0.576646827124472,FALSE
"WNK1",-0.0649274662343071,0.671577021145761,-0.0125613619423171,0.916339181304702,FALSE
"AL354809.1",0.0876191459089264,0.671577021145761,0.131475902736144,0.612354600628079,FALSE
"PPOX",-0.10854147725143,0.672058800938735,-0.112999976642006,0.728705019864631,FALSE
"CYB5B",0.0843261357862007,0.67214132062072,0.0369260941474045,0.865606282289302,FALSE
"FARS2",-0.0297812731453123,0.672302045562776,-0.0175387802016465,0.877680872322157,FALSE
"EIF4ENIF1",-0.052274564658705,0.672302045562776,-0.00713487686010207,0.97111821658541,FALSE
"AC006059.1",-0.0411478546633048,0.672572683978461,0.0200993716911314,0.900109632131863,FALSE
"CDC23",-0.105839914725403,0.672685909313956,0.0241116989213911,0.942115874654801,FALSE
"DPY19L3",-0.0767212571138667,0.67290704334561,-0.0758127715129458,0.731378079722665,FALSE
"CATSPERE",0.119272351767658,0.673658244300152,-0.00931311171928033,0.982346302357462,FALSE
"FN3KRP",-0.105059618340729,0.673658244300152,-0.0572156061530666,0.853660091690412,FALSE
"ZNF354A",-0.109546465821291,0.673962753286243,-0.0239911012415973,0.945575499319694,FALSE
"HAGH",-0.0652222778012504,0.673962753286243,-0.00738736596381527,0.97076259139739,FALSE
"FUS",0.0317643273971956,0.673962753286243,-0.0312570709702417,0.770341287850923,FALSE
"C16orf70",-0.0833409008388926,0.673962753286243,-0.0725317451531072,0.758491193131808,FALSE
"COX16",-0.0647394860833378,0.67404783848668,-0.0617462025890248,0.731249789013938,FALSE
"AC090971.2",0.116968786333793,0.67404783848668,0.112436767362692,0.73979322203259,FALSE
"KLHDC3",-0.0933159692721348,0.674485910068742,-0.133528512183956,0.620848070477227,FALSE
"IST1",-0.0511100033904955,0.67515118752878,-0.166199940337613,0.126274763098994,FALSE
"SP2-AS1",-0.0642451278497893,0.675232160924009,0.00350976015631565,0.987276311723183,FALSE
"EXOSC8",-0.0989089427773684,0.675704332261813,-0.121775208969881,0.606441958754642,FALSE
"LINC00534",-0.102898212433198,0.675853014711587,-0.140896224148469,0.632802826118183,FALSE
"WDR78",-0.0799868779177977,0.675907990910086,-0.0585959709768208,0.834492162264496,FALSE
"LRRC40",-0.0705549955428557,0.675963026049318,0.0330324627300203,0.864523441963778,FALSE
"DENND11",0.0601445331253426,0.677069506360178,0.151137402399658,0.292640001883592,FALSE
"SUGP1",0.0923908157201843,0.677119578356645,0.13683947661478,0.575397548786926,FALSE
"SCAP",0.0746648172537963,0.677469434721103,0.110816122590103,0.567362433557874,FALSE
"DDX19B",0.0722976329207977,0.677848118659401,0.0997005197370832,0.635995639169487,FALSE
"TDRD7",0.0665200287800297,0.677891343146946,0.111124334103469,0.545405726732747,FALSE
"USP20",0.0845828974984616,0.677891343146946,0.144616344356927,0.489286383046498,FALSE
"RNF14",-0.0812870806398808,0.678110672257221,-0.165745804024333,0.355385869700853,FALSE
"SMURF2",0.0464446230310279,0.678125879210596,-0.0166646615742784,0.900287469049507,FALSE
"AC008443.1",-0.0685248855748045,0.678288474378318,-0.0476600037235176,0.818249745223017,FALSE
"FBXO28",-0.0467752115403625,0.67868309665564,-0.0133266884609407,0.930764531890873,FALSE
"PTPN13",0.055427602402757,0.679059242893347,0.0737353242211701,0.715629663621886,FALSE
"COQ6",0.10610966295994,0.679059242893347,0.131315372768005,0.592353860705689,FALSE
"MRI1",0.0830057728115868,0.679653739097473,0.156378438193069,0.495357285243797,FALSE
"RAB9A",0.0724613970606477,0.680730599940173,0.0185334879858644,0.931520263857247,FALSE
"HECTD2",0.0650151607068037,0.681197456409591,-0.00694173087415096,0.973454265274865,FALSE
"RABEPK",0.0761600585825411,0.681424552143853,0.112244840527762,0.60141766625348,FALSE
"LINC01090",-0.124824325111242,0.681950964440552,-0.145242635702861,0.686766687813565,FALSE
"GRAMD2B",0.0485341462192698,0.681950964440552,0.0426672122586592,0.788059733994712,FALSE
"GLE1",0.0727560563348939,0.682578459371171,0.0964132359821264,0.65483424554953,FALSE
"MAP3K2",-0.0443278334511215,0.683005927320815,-0.100557027690814,0.381857182000572,FALSE
"GAS6-AS1",-0.0994834893091549,0.683222664489981,0.0460882497667625,0.895192699407696,FALSE
"GLCE",0.114977463384324,0.683222664489981,-0.00475492547308165,0.982458002690233,FALSE
"ZNF227",0.0870748406844587,0.683429240477024,0.207564877058154,0.289897667482772,FALSE
"AC025164.1",-0.111600103459918,0.683712976137832,-0.00619008557833025,0.987276311723183,FALSE
"RCHY1",0.0884313568089738,0.683725671269196,-0.00885997132520927,0.966637912237606,FALSE
"NENF",0.113793945667051,0.684093103404871,0.0384939058137992,0.887435347133639,FALSE
"YLPM1",0.0396869873930937,0.684093103404871,-0.0149579189931066,0.90621828263564,FALSE
"ZNF154",0.118252264108196,0.684109031558212,0.240784489089214,0.435397110476639,FALSE
"CHMP4A",-0.0839587563413466,0.684327176258804,-0.110995117155661,0.632493432288184,FALSE
"MRPL22",0.135115918791798,0.686346495852144,0.108589345648971,0.689976965940784,FALSE
"RNPEP",0.0756941361616117,0.686967141009742,0.103018981234755,0.625345444364597,FALSE
"SNHG30",0.0853924688480425,0.687144908855714,0.148357967293642,0.498952451338118,FALSE
"RBKS",-0.0787331993861782,0.687272499815991,-0.00127921023371753,0.996184898600379,FALSE
"IREB2",-0.0521016645852394,0.687272499815991,-0.0918570628702615,0.512442185420294,FALSE
"AKAP10",0.0398841153731862,0.687272499815991,-0.011667310269412,0.93623145785233,FALSE
"EML2",0.0788130917137408,0.687272499815991,0.0779816037112236,0.72493748783554,FALSE
"CD37",0.0896196213401046,0.687272499815991,0.181234504541571,0.425544672720819,FALSE
"ITGA3",-0.100827648377932,0.68808461439883,-0.0664508588583822,0.835450384291292,FALSE
"AC034114.2",0.0638177620533539,0.688137472721606,0.109388005953467,0.526580939290978,FALSE
"FAM76A",0.0664613779889568,0.688381363459133,0.167962763351933,0.324128937634335,FALSE
"PKNOX2",-0.0851524791415686,0.688438422582552,-0.0495478521869908,0.860717400653482,FALSE
"CC2D1A",0.0892495366535962,0.689117750079118,0.135179607159942,0.601147947714945,FALSE
"TOP2B",0.043288202531614,0.689693614847899,0.0835330051463497,0.488282374112919,FALSE
"CADPS2",0.0964896096901244,0.68975957911209,0.0658070222763295,0.676312358023677,FALSE
"TYMP",-0.0990127466872705,0.68975957911209,-0.0713032273487372,0.812775898299309,FALSE
"IQSEC3",0.142974428027622,0.689820734747013,0.168147234837923,0.70497529707532,FALSE
"RTF2",-0.0731126658941778,0.690700013176823,-0.0830627708052684,0.682278075431684,FALSE
"YY1AP1",-0.0568632227357576,0.691163007376403,-0.0322901565307921,0.846180018114388,FALSE
"AC130650.1",0.0815190778774091,0.691787513607173,0.156665676380262,0.4819666820831,FALSE
"ATG14",0.062372099047425,0.691953792355289,0.0685067092220561,0.674353733857254,FALSE
"PABPN1",-0.0596484196054112,0.692461718145782,-0.0524785383448796,0.758083917244622,FALSE
"PLOD2",0.086463551580202,0.692813231278268,-0.00675241962532541,0.973755335147556,FALSE
"INTS1",0.0815462784124033,0.692889761873055,0.119637868783752,0.619264745981025,FALSE
"SEPHS1",-0.0999349615162441,0.692889761873055,-0.117454969754927,0.669196384531498,FALSE
"SLIT3",-0.0824564807195148,0.693280330548548,-0.431174641089621,0.208792727877927,FALSE
"AC016493.1",-0.100603557117878,0.693280330548548,-0.0032969577912554,0.993466422576138,FALSE
"MSH6",0.0793790243647801,0.693624421095952,0.0818821670122628,0.706686639837549,FALSE
"AL117209.1",0.122986934117163,0.694363025071261,0.135448420643188,0.708808741849856,FALSE
"ZNF561",0.0910755989027287,0.694363025071261,0.110289762285785,0.680302178475248,FALSE
"TRMT10B",0.0701318906446174,0.694457243240725,0.0883313709039814,0.659353177168957,FALSE
"CCDC77",0.0968096751702844,0.694533221699981,0.111731890277685,0.707397700435532,FALSE
"TRPM4",-0.0732781862717573,0.694533221699981,0.0105883428233389,0.966213038765165,FALSE
"BCL7A",0.103053714557335,0.694707822876013,0.145494041417568,0.565600677838937,FALSE
"PCDH17",0.0697489983500412,0.694737319463299,0.122461513198649,0.629732808598325,FALSE
"STAT4",0.0637977912471829,0.694888515119687,0.126160299056818,0.534231803647897,FALSE
"LANCL1-AS1",-0.0698907594515229,0.694888515119687,0.0222937062937234,0.921626980545891,FALSE
"DIPK2A",0.0917333145167723,0.694888515119687,-0.105541408713865,0.685964754058563,FALSE
"MPP6",0.127144840104803,0.694888515119687,0.466073413041243,0.141865885284817,FALSE
"TLE5",-0.0935783091044406,0.694888515119687,-0.0864776068650922,0.503585215515316,FALSE
"AC092296.2",-0.100170058187011,0.694888515119687,0.016127794613126,0.959248119723837,FALSE
"ASCC2",-0.0614601344207835,0.694888515119687,-0.0318966910452382,0.865606282289302,FALSE
"LINC00893",-0.0721591383736045,0.694888515119687,0.0114833863105573,0.963091530434707,FALSE
"LRRC47",0.0970011724898008,0.695024781463652,0.198698424857295,0.436854980392068,FALSE
"SP4",0.0802543473924751,0.695024781463652,0.0649705036647412,0.797160164928271,FALSE
"NCAPD3",-0.0792559727552221,0.695531764288992,-0.0260873262764783,0.92729501928881,FALSE
"UPRT",-0.107264248977298,0.695531764288992,-0.106598538290023,0.740509126664628,FALSE
"TNPO1",-0.0436156073398742,0.695795071905859,-0.117815659177629,0.213160801234395,FALSE
"ENAH",0.132868847929602,0.697103607160706,-0.0616379386230528,0.829227613396985,FALSE
"PPIH",0.100381618015882,0.697114028737364,0.165366888233057,0.579921104694172,FALSE
"RTCA",0.10277516610826,0.697114028737364,0.0187627800503007,0.938611500933428,FALSE
"AKNAD1",0.0751060228964862,0.697114028737364,0.0543754579575601,0.828328911024291,FALSE
"ARID4B",-0.0239959176035846,0.697114028737364,-0.0306063700498113,0.750013401316395,FALSE
"ANKRD44",-0.0389757521168881,0.697114028737364,-0.073196932639886,0.6168306102646,FALSE
"ATF6B",-0.0637694169577698,0.697114028737364,0.00186245902793074,0.993359674229805,FALSE
"PEMT",-0.105561618961447,0.697199984890473,0.00604434509190916,0.987757818741578,FALSE
"OCIAD1",0.0476144035694437,0.697760946979252,-0.0331351221719142,0.766619037632491,FALSE
"SLC27A4",-0.0855748045755691,0.698027848703289,-0.0261125559974947,0.915041755106128,FALSE
"MOB1A",0.0907646643889224,0.699553758272133,-0.00396683188270708,0.982720381483689,FALSE
"AL157392.3",-0.0579842418667595,0.700256919943596,-0.0276631961559947,0.886932308045073,FALSE
"UVRAG",0.0289789951124861,0.70069492903262,-0.0400283088913563,0.668436624746615,FALSE
"ZNF562",-0.0498251177761185,0.701890989902583,-0.0527409964697293,0.746674590017005,FALSE
"AC008969.1",-0.0808894106014898,0.701890989902583,-0.00341125551985923,0.990527247993144,FALSE
"FILIP1",-0.0624691792670722,0.701989156104436,-0.199922363976166,0.078756865286276,FALSE
"FBXO21",-0.0712208085252833,0.701989156104436,-0.081199435230468,0.730530695332527,FALSE
"MED6",0.0877125850929893,0.702025721397887,0.050236965016676,0.856445994438906,FALSE
"MRPS14",-0.117942489354539,0.702057266225323,-0.116481190536215,0.717791168799644,FALSE
"STX6",0.0855595445422364,0.702322584767085,0.0927539752180307,0.713960251327359,FALSE
"ACTR1B",0.0915927371320046,0.702322584767085,0.155133880297683,0.543113234147759,FALSE
"WWC2",0.0417306849238531,0.702322584767085,-0.0335073057573508,0.818292450776789,FALSE
"MAN2A1",-0.0741697009855484,0.702322584767085,-0.157024793743739,0.223875416200819,FALSE
"PGM3",-0.113494593568231,0.702322584767085,-0.0937984805639089,0.75105787727277,FALSE
"CCZ1B",0.0681226936255116,0.702322584767085,0.150777800542568,0.420175147386148,FALSE
"GABPB1-AS1",0.0849871933937276,0.702322584767085,-0.0176669991630925,0.957500056530503,FALSE
"CD276",0.125159300950794,0.702322584767085,0.0479141795304748,0.903530046319287,FALSE
"LINC00924",-0.0442254226557224,0.702701702815343,0.0249268518289029,0.881493649884325,FALSE
"GOSR1",-0.0575326274517327,0.703066145326517,-0.107551903266649,0.466843532535418,FALSE
"PHKB",0.0322357820947857,0.703259252308146,0.0762480581727355,0.351279921903199,FALSE
"BCAS2",0.120411770338916,0.703709986812545,0.249671273570661,0.420329483456527,FALSE
"SLC1A1",-0.130025665142848,0.70461888919361,-0.173392424701267,0.622850073660901,FALSE
"TRAP1",-0.0581514170299802,0.704725320849039,-0.0652237978429246,0.710361698814119,FALSE
"AC022137.4",-0.0794404745862547,0.704725320849039,-0.0288655296260545,0.92081289076156,FALSE
"MTAP",-0.043241145116938,0.704811967116004,-0.136027685301114,0.324784566054598,FALSE
"HIGD1B",0.0539130451226862,0.704830871667585,0.162470015334374,0.264895963863064,FALSE
"SNX7",-0.0836041512783893,0.704892440909665,-0.154055260469351,0.512442185420294,FALSE
"HES1",0.0990498734300157,0.704892440909665,0.0466879543812671,0.851349047607543,FALSE
"MED17",-0.0534740847901537,0.704892440909665,-0.0618011971106215,0.71874636261239,FALSE
"AC095032.1",0.0867845547489302,0.705546503268802,0.210482110079449,0.394974154483214,FALSE
"LNPEP",0.0686013315072752,0.705995591124071,0.00832080883557036,0.959154414497494,FALSE
"ERMP1",0.0646422304064532,0.70632156410033,0.0701947987744226,0.720728507411452,FALSE
"C2CD3",-0.0670144025365276,0.706362159303854,-0.00974180303851051,0.969291062372009,FALSE
"TBC1D23",-0.0476268353429082,0.706708217250784,0.00538955834621927,0.979277927146819,FALSE
"LIMS1",0.0336396541204703,0.70738070123338,0.0602911912809057,0.669326053587441,FALSE
"EXOC3",0.0788390878914271,0.70738070123338,0.0770002136693636,0.724209334151783,FALSE
"DCP2",0.0661991446313484,0.70738070123338,0.00229913494360341,0.991192654999792,FALSE
"EGFL8",0.0782789502483602,0.70738070123338,0.138736278248338,0.523961737519833,FALSE
"CR381670.2",0.0550740454222392,0.70738070123338,0.0796548291078614,0.67607640203218,FALSE
"PCED1A",-0.0927111875849962,0.707582520248484,-0.0288680748870062,0.930172030838859,FALSE
"STAU1",-0.0431033198464108,0.707582520248484,-0.099396918251243,0.437057458146612,FALSE
"LCA5L",-0.104416612919109,0.707582520248484,-0.119187218138971,0.707397700435532,FALSE
"CC2D2B",0.0897803774788146,0.707632522003393,0.227584580884146,0.345359729559002,FALSE
"TCAF1",-0.0470582849225576,0.708530426817644,-0.015374288360372,0.933162841724484,FALSE
"CEP83",0.0657289306701541,0.709135368161618,-0.0677999267290135,0.698875269490124,FALSE
"AC004918.1",-0.0922284024229757,0.709608002363386,-0.0749777391211084,0.780987394234447,FALSE
"KANK1",0.0457813588701195,0.709608002363386,0.0673079570082403,0.692225072970562,FALSE
"ATF2",-0.0412914967806555,0.709835917239537,-0.0437276207803388,0.748519680228371,FALSE
"SWAP70",-0.0706645278794176,0.709932612824095,-0.175050423975675,0.294437489235663,FALSE
"ADAM10",0.0531104334413272,0.709963477396536,0.0441373235183048,0.721907270782726,FALSE
"AC073046.3",-0.0860698771508206,0.710167781486735,-0.053616686694372,0.845791972871342,FALSE
"NRBP2",0.0638079461099993,0.71048431920117,0.025423090435358,0.910703713594951,FALSE
"TULP3",-0.0448656345480935,0.710914406734845,0.0253287682740506,0.880553322433643,FALSE
"NBL1",0.0696015521253259,0.711387114499494,0.17988609345488,0.280736412366772,FALSE
"DDX55",0.0805125537397933,0.711387114499494,0.130365025563671,0.601477446020277,FALSE
"TRIM22",0.065898905502785,0.711609594797945,0.0507530905786402,0.806812001049015,FALSE
"MORC2",-0.086383961386292,0.711959362386216,-0.0229755582085653,0.940446366290721,FALSE
"TAF13",-0.0998828718513587,0.711986776524242,0.0278176248607518,0.928576703977525,FALSE
"RAB31",0.056968586500596,0.711986776524242,-0.0789533551494776,0.64216750179617,FALSE
"KIAA2026",0.0339506160036233,0.712322842892669,0.00402606846917729,0.977954374025947,FALSE
"MYH7",0.114311022641821,0.712322842892669,0.0620356369765486,0.496295609499213,FALSE
"AC017101.1",-0.113498266127046,0.712427283614356,-0.138328292518233,0.633312238843018,FALSE
"UBE4B",0.0319605446986502,0.713153900768222,-0.00159462705458315,0.990164992933444,FALSE
"RUFY1",0.0402530191046332,0.713153900768222,0.086699006595315,0.470688370536724,FALSE
"PRRC2B",-0.0259882107692023,0.713153900768222,0.0383905357897237,0.674959603462693,FALSE
"ERO1A",-0.075460092716151,0.713153900768222,-0.132891578141885,0.555505801918155,FALSE
"ZNF549",-0.0728055863658218,0.713153900768222,0.00405331032876412,0.988541276810437,FALSE
"PIN4",-0.0450264679533037,0.713153900768222,-0.0568617403521682,0.738310024558469,FALSE
"USP31",-0.0745382543178562,0.713197959050924,-0.0350820463802138,0.864047409415092,FALSE
"MIER2",0.107636052733522,0.713197959050924,-0.0076685223960122,0.982253263237815,FALSE
"RBM48",0.0926791299124789,0.713347850857718,0.141802584990394,0.575222279707684,FALSE
"GNPTG",-0.0774666704577943,0.713347850857718,-0.0728122863168348,0.783637006966104,FALSE
"AL591895.1",-0.0712881707359258,0.714374940363414,0.0196697510112269,0.940446366290721,FALSE
"CPSF7",0.0487766604214744,0.715061926389361,0.0103748460892895,0.954536845620432,FALSE
"TUBGCP3",0.045784273746027,0.715061926389361,0.111332433894076,0.445228213156773,FALSE
"ZFAS1",-0.0843478043704318,0.715157159255883,-0.0606588643229441,0.819647999692955,FALSE
"AP000943.2",0.0851352358999467,0.715525951638097,0.110526586943109,0.67607640203218,FALSE
"ACSF3",-0.0598559255541473,0.716050364930842,-0.0359515989210467,0.858255942489842,FALSE
"AASDHPPT",-0.130925470504599,0.716815097715142,-0.0122513869050189,0.964637474189955,FALSE
"NCKAP1",0.0242912382615764,0.716900799913565,-0.0128590121413299,0.886626154866763,FALSE
"TAF8",-0.0567985615356908,0.717418840128591,-0.142284412800975,0.436854980392068,FALSE
"NFRKB",0.0901539202947757,0.717861261621745,0.026653580052112,0.937786349765675,FALSE
"MTMR12",0.0594625868657665,0.718417553525884,0.0649688647961085,0.732069830787403,FALSE
"IGF2R",0.0257171088422452,0.718736551390866,0.124279267224452,0.163098086611392,FALSE
"CHERP",-0.0921088971846002,0.718869484996948,-0.031690224700677,0.921626980545891,FALSE
"MAN1A2",0.0398717372300477,0.719737225749315,-0.110504824303629,0.294509774676272,FALSE
"NCBP2",-0.113324830901241,0.719737225749315,0.0612568183056546,0.82560856141399,FALSE
"NIBAN2",-0.0781484732005951,0.720080044794245,-0.10494582517781,0.681992610446095,FALSE
"DPM1",-0.0753601048682497,0.720080044794245,-0.146917194963412,0.40451575190596,FALSE
"AC104461.1",-0.099270200184872,0.720190793974509,0.0147324998633243,0.967445887579389,FALSE
"WIPI2",-0.0602057346029972,0.721004457290505,-0.0130034980143537,0.954536845620432,FALSE
"USP6NL",-0.0946441495349889,0.721004457290505,-0.232589004448862,0.0843267260066676,FALSE
"KTN1",0.0359025770887242,0.721004457290505,0.0343685321568956,0.732069830787403,FALSE
"HNRNPD",-0.0283330966506706,0.721213400125727,-0.0840463713146428,0.300653248910183,FALSE
"YY1",-0.0423263572849414,0.721213400125727,-0.0213600188883646,0.891651241432407,FALSE
"DCAF17",-0.0795590373563565,0.721581935727807,-0.192489883787854,0.38744106763897,FALSE
"AC104083.1",-0.0995799577252463,0.721581935727807,0.013708915727892,0.969817279117911,FALSE
"FAM3C",-0.049292151556944,0.721581935727807,0.0218783096094537,0.895395574783176,FALSE
"ELOVL6",-0.0837576554240684,0.721910500752399,0.0241888518438368,0.934565166399904,FALSE
"SLC38A10",-0.0526750475119997,0.722346373574964,-0.0524317261424202,0.775826178876644,FALSE
"SIN3B",-0.0759769171943258,0.722980659896924,-0.00667918321647907,0.979298550005803,FALSE
"OSBPL2",-0.0667193526709367,0.722980659896924,-0.108510249909996,0.579350217314049,FALSE
"APBB1",-0.0687244869983301,0.723300878469466,-0.0463922014550936,0.849515404401926,FALSE
"GMEB2",-0.0826246612084699,0.723697302471639,-0.0287545760890428,0.921626980545891,FALSE
"SUMO1",-0.070581650901757,0.724318953146961,-0.000299833098548855,0.999078387081438,FALSE
"LRRC32",0.0797449763996566,0.724506980759981,0.0271858436673313,0.930903059663099,FALSE
"TBCCD1",0.0862080570591456,0.725117017721964,0.140429078762102,0.607592349684475,FALSE
"AKNA",0.0524390890104308,0.72599356186186,0.180398539449986,0.2446021207054,FALSE
"TTL",0.0750792834101341,0.726625652137877,0.00919308138452856,0.973454265274865,FALSE
"DNPEP",-0.0847927722788894,0.726870109628872,-0.0281702750038152,0.921626980545891,FALSE
"RCOR1",-0.0435884063684832,0.726870109628872,-0.016729229368927,0.920166596510612,FALSE
"MAPKAPK5",-0.0683987589596821,0.727092665487944,-0.0459814177955512,0.840963605280128,FALSE
"RAD9A",0.044326932291352,0.727197282888161,0.108177474964772,0.463601164731705,FALSE
"TNKS",-0.0245006537575619,0.727201181686463,0.00335286064177998,0.973675384225439,FALSE
"MDM4",-0.0345020160569945,0.727294884897279,-0.101951757660419,0.308130838018484,FALSE
"DTNBP1",0.0501292250894084,0.727452046882258,-0.0422918702418188,0.810695080938931,FALSE
"SLC30A6",-0.0545953933459392,0.727784702589137,-0.067090687185828,0.642194854435992,FALSE
"ZBTB20-AS2",0.095626220338231,0.727784702589137,0.0227020892102438,0.945184532759955,FALSE
"MRPS11",0.057199717694927,0.728447855599646,0.108760973174871,0.539664540526099,FALSE
"NFAT5",0.0244700047498439,0.728806132307376,0.0248974281907898,0.781154005354896,FALSE
"LINC00265",-0.0760169184791788,0.729071311562604,-0.00805722405869602,0.979189643434875,FALSE
"CYP4X1",0.0898645013829261,0.729141727286455,0.261206371986534,0.300054899019759,FALSE
"TENT5A",-0.0715464448310643,0.729145316115629,-0.125536496880969,0.319312518086896,FALSE
"SERINC1",0.0846934074697178,0.729145316115629,0.114252139267053,0.469888720771627,FALSE
"LRRC23",0.0832068258170105,0.729145316115629,0.0148380397389091,0.963091530434707,FALSE
"ARMH4",-0.0370759965066746,0.729145316115629,-0.00442724834980366,0.979896325213182,FALSE
"NPIPB4",-0.0807203476801995,0.729145316115629,0.00188964298869542,0.9955153974998,FALSE
"SS18L1",-0.0587133783451418,0.729787172353046,-0.0302905872741054,0.876899255736429,FALSE
"PGGHG",0.0869071103814825,0.729832779304671,0.086812821544742,0.775428562372981,FALSE
"CTDSP1",0.0641065083572107,0.730533383631631,0.087333767222982,0.643049331316824,FALSE
"GPN2",-0.0945184848976666,0.730634295062229,-0.108074371965006,0.715603923681507,FALSE
"TINAGL1",0.0585694256189391,0.730634295062229,0.0212117462957845,0.918660584908758,FALSE
"CYB5R4",0.068466934018508,0.730634295062229,-0.0126051593976544,0.95847162476991,FALSE
"MPHOSPH6",0.115708822380789,0.730634295062229,-0.0245734911233418,0.938611500933428,FALSE
"BCOR",0.0624235230935992,0.730634295062229,0.0706948078503957,0.7528894040644,FALSE
"WARS2-AS1",0.0483138742052695,0.730879946733561,0.0735288536878563,0.693700093143749,FALSE
"UPF2",-0.04097320543513,0.730950296355847,0.0505113338178672,0.73979322203259,FALSE
"LINC01572",0.105240917635072,0.731541966118597,0.140668784887433,0.703796613209868,FALSE
"TAOK1",0.0262837757663068,0.731957833252534,-0.0608362251238376,0.541422965447565,FALSE
"SPA17",-0.128458162325644,0.732060333796328,-0.141598812692437,0.744863460973179,FALSE
"COMMD7",-0.0823487860085802,0.732060333796328,-0.077628409849427,0.797160164928271,FALSE
"SOAT1",-0.0788255335932561,0.73213392445041,-0.188517832700984,0.33316614456445,FALSE
"GDF7",0.114419128083396,0.732263918993889,0.124533784257306,0.728152755738423,FALSE
"UBE2E1",0.0277277360361018,0.732263918993889,0.108146401215438,0.231674275322225,FALSE
"EPB41L4A-AS1",0.0785234731819507,0.732263918993889,0.164863890671779,0.503604341455104,FALSE
"CWF19L2",0.0403392078979907,0.732263918993889,0.124832581145613,0.357829650904284,FALSE
"DIPK1A",-0.061922184350414,0.732524779849498,0.0157030081098493,0.952380151022251,FALSE
"IBTK",-0.0508124500599388,0.73277069784012,-0.178331148824479,0.0912986252604032,FALSE
"CAPN1",0.061991550103053,0.73277069784012,0.127425343386121,0.509283603610824,FALSE
"PARL",-0.0510308938099274,0.7334032408069,-0.0337516120962594,0.863449750654505,FALSE
"AC015971.1",-0.0655945607381003,0.733497213894302,-0.0748495005826924,0.746674590017005,FALSE
"UBASH3B",0.094043071099614,0.733497213894302,0.233128243195615,0.47914208692045,FALSE
"TMBIM4",-0.0794804302751504,0.733497213894302,0.0284184575790795,0.856496693244383,FALSE
"OSBPL10",-0.0580581322058651,0.73371162061638,-0.12180094678376,0.620258796511111,FALSE
"AC104123.1",-0.0883722709328733,0.73371162061638,-0.276745114076173,0.1035123093507,FALSE
"RNF2",0.0585666265950281,0.733937113969742,0.0386260629988719,0.865612373440468,FALSE
"AGAP1",-0.0316383063506618,0.733937113969742,0.00332816391407541,0.988871557779801,FALSE
"XRRA1",0.068651017038158,0.734137966926326,0.133992596207377,0.574163669922676,FALSE
"PIBF1",0.0271679869167694,0.734137966926326,0.0817006305388422,0.423831744190258,FALSE
"LAMC1",0.0445169418131852,0.734220364065255,0.00855188717427016,0.943900448941583,FALSE
"MRPL45",-0.0754879462911444,0.734220364065255,-0.129721253290869,0.481682102279302,FALSE
"MCU",0.0408983854805832,0.734254908034545,0.0454845696866385,0.820394480632758,FALSE
"TXNL4A",-0.0643592440502482,0.734254908034545,-0.011126752926248,0.964875324172766,FALSE
"TMEM135",0.0395359254733117,0.73467229524308,0.0935708589554181,0.506671476952293,FALSE
"ZNF251",0.0470565743012016,0.734685583121764,0.0974626234421236,0.547758432338289,FALSE
"MAPKBP1",0.0822593104778114,0.734685583121764,-0.165258590809581,0.396232762021604,FALSE
"TRIM66",0.0699875138123197,0.735369288962556,0.125707652818187,0.579289959029036,FALSE
"HEXD",0.0696380283337647,0.735905496985576,-0.0183038734542083,0.945575934832059,FALSE
"NSMAF",-0.0509058577062443,0.73601125016505,-0.0448956992773542,0.832082401334364,FALSE
"MYLIP",0.102305373609825,0.736085578923495,0.0686151377621198,0.844495517185099,FALSE
"SIPA1L1",-0.109023445965368,0.73656429538822,-0.205112531534856,0.0962185930484163,FALSE
"TADA3",-0.0883499528287551,0.736722770663737,-0.0402301372987094,0.896416599862496,FALSE
"FAM200B",-0.0909038201905827,0.737430436773974,-0.036828750818593,0.906574461060916,FALSE
"LINC00630",-0.062103980169281,0.737430436773974,-0.0529729725251942,0.792419072858471,FALSE
"PPP1R2",0.046042607993343,0.737743402820207,0.115381064656427,0.42525803559389,FALSE
"PRSS48",-0.0629700618885329,0.737787887416872,0.0121025369781516,0.96301618519891,FALSE
"SOS2",0.0285423831748345,0.737787887416872,0.0115549265306597,0.920107718814612,FALSE
"ZNF142",-0.079351622269191,0.738091035749674,0.0700138427514721,0.789911060360374,FALSE
"XKR6",-0.0504021099758046,0.738091035749674,-0.0712957018986432,0.735874287914605,FALSE
"TBC1D15",-0.0501911002887725,0.738562461586243,0.00968577490292415,0.958174925156666,FALSE
"RBM18",0.0843249123911008,0.73865311241192,0.148971515885599,0.523711561661453,FALSE
"ZNF286A",-0.0902711746695783,0.73865311241192,-0.0256816581418115,0.939652762822977,FALSE
"ATG4D",-0.0902581929412072,0.73865311241192,-0.0824421338291521,0.785999877417831,FALSE
"P3H2",-0.126393308457586,0.739082009527664,-0.148794189313979,0.763865928277278,FALSE
"NDUFS1",0.0301951881594264,0.739153812295919,0.0387483786909475,0.755153438634265,FALSE
"ZSCAN18",0.0696820605985969,0.74000940785263,0.136941996101355,0.548831913211871,FALSE
"TBX2",-0.0401046485466023,0.740229160128132,0.0126295233615472,0.948951833872118,FALSE
"EIF3K",0.0526301342780953,0.740229160128132,0.0701806873721336,0.677599410695377,FALSE
"MED9",-0.0945382071094264,0.740344520786413,-0.0570511568035122,0.849740612972626,FALSE
"KPNA5",0.0432879435065765,0.74144063620171,0.0623682819907494,0.74247079535155,FALSE
"NUP85",0.0528466178745768,0.74144063620171,0.0527120459466556,0.758906810214341,FALSE
"RAP1GDS1",0.0279572345071115,0.741693648127631,-0.00703780552881937,0.955428739865864,FALSE
"AL096803.2",0.0645337135431284,0.741908521045528,0.0283047507236506,0.911482863325315,FALSE
"BABAM2",0.0431823289246362,0.742709506473947,0.00892327578601679,0.951911956170456,FALSE
"NKTR",0.0312945860888169,0.742940693557247,-0.0163463164071705,0.886932308045073,FALSE
"COL24A1",0.117037414722882,0.743058781680257,0.011196274347144,0.980646309477424,FALSE
"CDC42BPA",0.0169962508262269,0.743058781680257,0.0823431011974846,0.253450894080475,FALSE
"MIPOL1",-0.0417808961977725,0.743468701861094,-0.00483583641434065,0.98042435644923,FALSE
"TMED8",-0.0760796997097662,0.743944286010658,-0.0379128619574704,0.908268638037541,FALSE
"AC012184.3",-0.0799771521726795,0.74456422129689,-0.0292064613881885,0.928954529564171,FALSE
"CNTRL",0.050734338342456,0.744621680773829,0.0456582052808027,0.818312456259517,FALSE
"RXYLT1",0.102280486052983,0.744621680773829,0.159202228926729,0.516539929020292,FALSE
"AC091045.1",-0.0782860726396159,0.744621680773829,-0.0937887096753577,0.723231718297777,FALSE
"ZNF350-AS1",0.0859642139650203,0.744621680773829,0.243201123719075,0.373715130651077,FALSE
"MTO1",-0.0518163228797637,0.744744333907045,0.0499016543584254,0.787342812951878,FALSE
"YME1L1",-0.0349159931269185,0.74600935215267,-0.0579102826832668,0.619962089169489,FALSE
"FAM107B",0.0927135270838678,0.746048512201086,0.0226648473020537,0.945575934832059,FALSE
"PTDSS2",0.0662353353947235,0.746048512201086,0.0624432906787627,0.787439043851971,FALSE
"SEPTIN6",0.0619790860560502,0.746048512201086,0.0406919794428293,0.888389551808913,FALSE
"POLM",-0.0861963943747611,0.746204470988674,0.0174198936896506,0.956141908492312,FALSE
"ZBTB40",0.0488251549775209,0.746787564166642,0.0930921335186671,0.570720941346541,FALSE
"GPATCH1",-0.0918685057052047,0.746787564166642,-0.0319925329153162,0.930801584668899,FALSE
"CLK2",-0.0565947888489935,0.746882919476358,-0.0438212172748081,0.843072012345972,FALSE
"CCDC50",-0.0866984035307331,0.746882919476358,-0.0766352862781689,0.535842579107483,FALSE
"AL139815.1",0.101766934399555,0.746882919476358,0.149421873267207,0.681422643300786,FALSE
"AC079793.1",-0.0408921309223684,0.747068188904778,-0.124573502623316,0.445603080981292,FALSE
"COPG2",0.0440111100693836,0.747405756471269,0.165130026773237,0.267295533234073,FALSE
"FZD4",0.0539970265349734,0.747933744642051,0.177593775392719,0.3347449018505,FALSE
"LPCAT1",0.0805351360341893,0.748997218593675,0.0800467660170621,0.782436923287332,FALSE
"AC005746.2",0.0643117031355409,0.749221719824495,0.13814799415864,0.539259393765233,FALSE
"H2AFY",0.0633210798256154,0.749475434943708,-0.151848063761728,0.27058709680306,FALSE
"SNX21",0.07117837776225,0.749495904360665,0.142357670863897,0.541934418155718,FALSE
"ANPEP",-0.095961864103631,0.749743474271661,-0.00484536429591734,0.990527247993144,FALSE
"PRKCI",0.0488421534857142,0.750348990580711,0.042865740860993,0.809482476490182,FALSE
"COPS6",-0.0701640155083674,0.750599837559487,0.0203862904408539,0.939788484253318,FALSE
"TTC9C",0.056778038450807,0.750599837559487,0.144314114693039,0.426325328676637,FALSE
"NEMF",-0.0270542096686351,0.751196550696923,0.0129662796743834,0.915870823572219,FALSE
"VIRMA",0.0444239056430679,0.752073354019591,0.132346243323958,0.367851501638266,FALSE
"AP000753.2",-0.079828340734857,0.75512903908098,-0.0711524653730406,0.823488147897084,FALSE
"RFTN1",0.0366012928697889,0.755222545641124,0.0924328292533319,0.565600677838937,FALSE
"STYXL1",-0.0866139588149412,0.755222545641124,-0.0544603641961433,0.880292758083964,FALSE
"FOCAD",-0.0616291372995382,0.755222545641124,-0.150514951890651,0.212170889032786,FALSE
"IKBIP",-0.0692914438194491,0.755222545641124,0.00582113988664661,0.985265173921124,FALSE
"NEK9",-0.0444140646111471,0.755222545641124,-0.0277732227510492,0.886626154866763,FALSE
"XYLT2",0.05364379497626,0.755222545641124,0.163907230637877,0.338586179271322,FALSE
"BRWD1",0.0313307911909907,0.755222545641124,0.0503923215214314,0.631802927001474,FALSE
"ZNF14",-0.0667915578066824,0.755239748804468,-0.0384327965719599,0.888598125003876,FALSE
"MBIP",0.0715513556922982,0.755755223760749,0.0750928522275611,0.761873867555071,FALSE
"MIR646HG",0.113331539696219,0.755755223760749,0.0238426525617681,0.961799071126484,FALSE
"TMEM127",-0.0850066661887007,0.756145061425276,-0.165032048685844,0.397601031760488,FALSE
"C3orf70",0.0700220753728648,0.756145061425276,0.15830200566,0.512934884630366,FALSE
"ACTN1",-0.0845653434095876,0.756145061425276,-0.238760047538255,0.409369898725494,FALSE
"CCDC32",-0.0656084493256478,0.756145061425276,-0.0922895277041706,0.707958729007661,FALSE
"RO60",-0.0458108991702083,0.756282947936609,-0.0528559438427802,0.748519680228371,FALSE
"GSN-AS1",0.128594265062816,0.756282947936609,0.0945237085601573,0.836426727252557,FALSE
"AC107223.1",0.0937191703988703,0.756449637382373,-0.0390313953865394,0.863476564270381,FALSE
"ZXDC",0.0338513105906189,0.75668754646309,0.0317178765147425,0.808415143224023,FALSE
"SMARCD1",-0.0954451305084494,0.75668754646309,-0.108637561524176,0.735874287914605,FALSE
"SETD3",-0.0361576322319348,0.75668754646309,0.04087485314669,0.778534324147181,FALSE
"SRBD1",0.0464049883270785,0.757092381125478,0.0535751118192545,0.775826178876644,FALSE
"FBXO8",0.111481758516382,0.757469449122383,0.215285577692987,0.301877011369542,FALSE
"RBM23",-0.0501800508985958,0.757702111584657,-0.0722304122858857,0.715629663621886,FALSE
"SH2B3",-0.0333230915235615,0.757783529887011,-0.04530104959469,0.776719521937812,FALSE
"ATP11A",0.0506044511129398,0.758133801138023,-0.110961663846185,0.404734862305083,FALSE
"ZNF692",-0.0799057021637177,0.758190465204355,0.0101317596354239,0.975440980616186,FALSE
"VPS9D1",0.0858355771266675,0.759142232761253,0.0143564702161587,0.965721540501559,FALSE
"CTBP1-AS",-0.0705503892186037,0.759425044646728,-0.0947167643723116,0.716392799856803,FALSE
"EHD1",-0.0689304062642676,0.759425044646728,-0.0420604921288569,0.883044168963279,FALSE
"ZNF224",0.084651586047283,0.759425044646728,-0.0324797539290442,0.908557473289858,FALSE
"DMPK",-0.051273442052459,0.759544684161052,-0.114215081649882,0.473886745282874,FALSE
"AHCTF1",0.0405900268168438,0.759886534610138,0.0999049551371336,0.37673855948594,FALSE
"APLP2",0.0717913593630396,0.759929994028447,0.126825004434689,0.37315493839741,FALSE
"PRIM2",-0.0319989636277586,0.760261582203742,-0.0258209416481365,0.870561023409915,FALSE
"PIK3R1",-0.0700551435236983,0.761081802129157,-0.127309185902505,0.238854120706682,FALSE
"SNHG5",0.0585685970883657,0.761081802129157,0.00568151651666568,0.982381418696024,FALSE
"AC105052.4",0.0271018235488498,0.761081802129157,0.046614931923817,0.771525083823853,FALSE
"TCTN3",0.0666444988193824,0.761081802129157,0.1437721329501,0.516538603516319,FALSE
"FBXL14",-0.0804636961790276,0.761081802129157,-0.0263928683150221,0.938611500933428,FALSE
"DDX49",-0.0910885382144974,0.761081802129157,-0.121001522821847,0.696210665549656,FALSE
"SLC25A51",-0.0849718710403083,0.761217104933518,-0.102092085790639,0.697522892128016,FALSE
"VASN",0.0599259625736666,0.761553061707722,0.0110566582622082,0.966637912237606,FALSE
"SAFB2",0.0393950629387795,0.761717813919651,0.0510757801960215,0.74247079535155,FALSE
"AL035681.1",0.0772954213062156,0.761717813919651,0.0462338471458004,0.894751192618521,FALSE
"C11orf58",0.0343100084044523,0.762127648097682,-0.141457285816984,0.229754729237246,FALSE
"PARP6",0.0434629186889207,0.762127648097682,0.0626539721616988,0.670594816934208,FALSE
"ZNF441",0.089896399916898,0.762127648097682,0.193448070716069,0.508029314260745,FALSE
"VAMP4",0.0813191239825256,0.762445664441898,0.0939885561009547,0.683900579859696,FALSE
"ZNF180",-0.0898086361895653,0.762445664441898,-0.0595638128867321,0.863489923028404,FALSE
"TRIM24",-0.0419279902247543,0.762705689414381,-0.0762532042992751,0.585361601548709,FALSE
"WDR36",0.0871174944225261,0.762971748339482,-0.0972552070702874,0.697218116494434,FALSE
"THOC1",-0.0363679240163442,0.763137239118189,-0.0483725241742959,0.745420304582024,FALSE
"SRGAP2B",0.10018967853896,0.764323408275876,-0.198541288498631,0.408335413476719,FALSE
"CCNDBP1",0.096921937663174,0.764323408275876,0.259599835195765,0.160285672620076,FALSE
"GUCD1",-0.0766096329830133,0.764323408275876,0.0234627773784678,0.940446366290721,FALSE
"ZNF623",0.0581079499115341,0.764395401416015,0.0415292023056466,0.861581486785753,FALSE
"TYK2",0.0529213035678822,0.764395401416015,0.0729212859622082,0.696154914112271,FALSE
"PAIP2",-0.0383688674231474,0.764464623230768,-0.0278243132036959,0.846180018114388,FALSE
"CRPPA",0.0757013959784654,0.765079767834001,-0.24308224539242,0.10510916345452,FALSE
"FAM85B",0.0624657144827049,0.765191593059473,0.175338386209767,0.438248761584063,FALSE
"ADAMTS10",0.0602125097741321,0.765272658093959,0.11215119505814,0.63444201475498,FALSE
"DDX23",-0.072652967021275,0.765548873569666,-0.0685848702787292,0.799407848027686,FALSE
"TRIM37",-0.0366351605372135,0.765648818179192,-0.0357291160920407,0.81043098184527,FALSE
"ZCCHC17",0.0535991561481918,0.765839129771705,0.0388920183186242,0.844409222521667,FALSE
"PIKFYVE",-0.0376159641066916,0.765839129771705,-0.0555398356703381,0.698875269490124,FALSE
"FAM234A",0.0675069898923439,0.765839129771705,0.0617616146680989,0.825056417651727,FALSE
"CDH13",0.123428893972433,0.765839129771705,-0.0527036957327008,0.801695116398895,FALSE
"SLC66A2",0.0768325799621866,0.765839129771705,-0.151689258586331,0.49763414226186,FALSE
"UBOX5-AS1",-0.0492503726077404,0.765962170701499,0.0970612312300672,0.624095714919671,FALSE
"C2orf42",0.059441920598937,0.766184690203496,0.0971507336014279,0.657039229929876,FALSE
"SIL1",-0.031681745780711,0.766218727387859,0.094787416173946,0.500955261343491,FALSE
"TBPL1",-0.0729858403082811,0.766218727387859,-0.0135091380613821,0.958478953031868,FALSE
"RPRD1B",-0.0537369828840855,0.766272074262345,-0.0239261025987739,0.911482863325315,FALSE
"ZNF626",-0.038824804051598,0.766873875335374,-0.0134956943354551,0.93486781331087,FALSE
"PURA",0.0583132580875513,0.768099197456819,-0.104668843337056,0.4774952374323,FALSE
"CIC",0.0778519993373386,0.768353266538735,0.134882336365718,0.579921104694172,FALSE
"TCF20",-0.0366191794968455,0.768353266538735,0.0470195467588797,0.773214775784439,FALSE
"TCF15",-0.0740538760942866,0.76835423492222,-0.0170980669674653,0.955547032947323,FALSE
"TMEM62",-0.0533804723223474,0.768414407810716,0.0165343297539927,0.939788484253318,FALSE
"NPIPB13",-0.070026660465597,0.768414407810716,-0.0836696066919245,0.773733307846255,FALSE
"MAT2A",-0.038845718271676,0.768630792169214,-0.00574257563724139,0.96808455556117,FALSE
"PMS2",-0.0480698091906726,0.768630792169214,0.00977224947623808,0.960552796514193,FALSE
"AC009120.2",-0.0302948559388284,0.768665957544271,0.015419676207525,0.91787790915201,FALSE
"SLC30A9",-0.0319428229450158,0.768779555243597,-0.0720517025016154,0.542892189126867,FALSE
"ZNF333",0.0584381885373727,0.769409815520603,0.143290955817532,0.497385500486885,FALSE
"MARCH2",0.0564945954934351,0.769813420397135,0.0773276007882476,0.720281459753503,FALSE
"AC027013.1",0.102077837031932,0.770224394825515,0.206332015809677,0.589257642542893,FALSE
"AL049840.2",0.0751057210830125,0.771007041299212,0.215687173747208,0.396898465904905,FALSE
"IDNK",-0.0634149749370642,0.771087103213246,-0.1227244881436,0.628929101316476,FALSE
"ZNF212",0.0886261466591979,0.771298819338386,0.0993525909353862,0.766872220590377,FALSE
"ZNF571",0.0870218583065701,0.771640287543875,0.234409885360344,0.396903631375153,FALSE
"ZNF337",0.0505815283129813,0.7724561669304,0.0856768380505532,0.665702198096085,FALSE
"ABCA3",0.064681738732397,0.772462086319591,0.145642139386227,0.556875053862931,FALSE
"ZNF480",-0.0559253621727788,0.773090324414546,-0.0809805449522578,0.713588338212842,FALSE
"MTRES1",0.0613301006129607,0.773200198604068,0.112950013845981,0.601033455430815,FALSE
"EIF2B4",-0.0712676947478386,0.774430527535264,-0.091717408966062,0.754188885309171,FALSE
"PDK1",-0.103109506210869,0.774544717376368,-0.290116547530213,0.332988591199308,FALSE
"TAF3",-0.027820276009078,0.77469262889553,0.0159843228917857,0.90931035194912,FALSE
"GTF2H2",0.0637045367922373,0.774806279957939,0.0569104457356231,0.823015733895479,FALSE
"DBNL",0.0598021775930289,0.774806279957939,0.0425523822299187,0.861362707801499,FALSE
"STXBP1",0.0890306464796076,0.774806279957939,-0.0268538143651071,0.888598125003876,FALSE
"AC007014.1",-0.0684742415347989,0.774806279957939,-0.046428742665813,0.881493649884325,FALSE
"LRRC8B",-0.0535887152433558,0.775051482499238,0.0245422798773372,0.921055479246158,FALSE
"FAM177A1",-0.0491889433923926,0.775235487083273,-0.103784446098245,0.526967926654054,FALSE
"DAP",-0.0599413708384283,0.775275008395203,-0.161984506897366,0.370015203956897,FALSE
"RAB18",-0.0537671633493765,0.775275008395203,-0.128346682782564,0.388922293687519,FALSE
"CHCHD3",0.0381199376832701,0.775310515244739,0.0323615483250021,0.783024052939277,FALSE
"UBOX5",0.0704366600616825,0.775587917900061,0.181495300381462,0.429249035609963,FALSE
"AC025917.1",0.0967757801287635,0.775983978068943,0.0987753299783068,0.802330623495396,FALSE
"REEP5",-0.0350677247085527,0.776030402504211,-0.0276308189454776,0.854218584652662,FALSE
"PIGH",-0.09175387648155,0.776030402504211,0.0450973457430286,0.907271376167267,FALSE
"HECTD4",-0.0209156688354199,0.776032254427101,0.0792059110324205,0.340762290112677,FALSE
"AC006160.1",-0.0732879463934292,0.776039427426587,-0.138174244269085,0.643421585684575,FALSE
"USP4",-0.0298118356220073,0.776636978321083,0.0958030793553337,0.405622230741416,FALSE
"AC093495.1",0.0804543077355046,0.776776377169811,0.229264246373668,0.406108530357547,FALSE
"CCND2",0.0523191973255223,0.777325536033022,0.0861007462492603,0.649722770811824,FALSE
"MTRF1",0.0687112419166958,0.77742423813293,0.144185657953788,0.577054415197095,FALSE
"ZNF644",-0.0224023443518015,0.777908981175544,-0.122899344328232,0.205930875678213,FALSE
"RBSN",0.0605896759112957,0.777908981175544,0.0192350674952938,0.940446366290721,FALSE
"NRDE2",-0.0452010837202065,0.777908981175544,-0.0561209027967397,0.775428562372981,FALSE
"FAM117A",0.0590420552795363,0.777908981175544,-0.113514008153069,0.713254687763373,FALSE
"AL080250.1",0.0607607326145423,0.778092014844167,0.186098216749156,0.338779394643503,FALSE
"FAM192A",-0.0452210723605636,0.778231871794189,-0.0547908113198735,0.761614613520572,FALSE
"CYB561D2",0.0914185312579811,0.778549824443258,0.0642777142864,0.868798556151534,FALSE
"ACAD11",0.0380128304209699,0.778645414228441,0.114398447150327,0.446556141447808,FALSE
"TTC31",-0.0619887948865026,0.779486515490208,-0.0579458258859213,0.821012924950723,FALSE
"CPEB4",0.0906590901961247,0.779720252988657,-0.0458098195641518,0.657660782343512,FALSE
"TRAF3IP1",0.0447455318202626,0.779804427591293,-0.0613574701037038,0.774898401869597,FALSE
"PURB",0.0668229203217749,0.779804427591293,0.000906202636783774,0.996885008945202,FALSE
"NUP214",0.0372070198952085,0.779946554269664,0.0444662314732818,0.749534227908438,FALSE
"CYB5R3",0.0529287096232488,0.779949703661618,0.060667977878582,0.689029309210778,FALSE
"LANCL1",0.0420341979444752,0.780352239726137,0.0528035241774145,0.770831669452598,FALSE
"SLC12A4",0.0426237475108613,0.780352239726137,0.0852694119043422,0.615849865376372,FALSE
"KLHDC4",-0.0498593241722254,0.780796481991717,0.0185621404781165,0.9383489992116,FALSE
"ELF3-AS1",0.0861287986842258,0.780877300821299,0.0844893113604208,0.810695080938931,FALSE
"PYROXD1",0.0543091900369539,0.780877300821299,0.00799455869027406,0.975440980616186,FALSE
"HSPB11",0.0474901094295823,0.781348971013257,0.0868588936415898,0.633835466917875,FALSE
"YES1",-0.0535576118929978,0.781408621750765,-0.0332589191014776,0.864609126358565,FALSE
"ZNF207",-0.0218557592802563,0.781855675236374,-0.0418613811402736,0.644193769912982,FALSE
"PWWP2A",-0.0359715918323289,0.78238123287583,0.049051371927774,0.76926182736437,FALSE
"TPRA1",-0.0846009739883356,0.782470750761213,-0.0429284948828525,0.91722973485642,FALSE
"KAT6A",-0.0246435201867328,0.782470750761213,-0.0324345538265608,0.780810596025977,FALSE
"TAF12",0.0550982426410558,0.782695873239633,0.00541102787274128,0.982720381483689,FALSE
"COLGALT1",-0.0551463536758521,0.782695873239633,-0.118289048599943,0.532655182444332,FALSE
"DUSP11",0.0581158836717814,0.782804108982626,0.038057612996159,0.885402566206232,FALSE
"EXOC2",0.0323050584757134,0.783022128887837,0.0653068081874204,0.589792317741297,FALSE
"DLC1",-0.0115558058661233,0.783262036480311,0.078100360808051,0.333458821008039,FALSE
"NFIC",-0.0490588889359269,0.783262036480311,-0.0776263552998164,0.468303400858714,FALSE
"KCP",0.0708764337929993,0.784022856148937,0.12271685421027,0.667381066443971,FALSE
"PHKG1",0.0796755253514919,0.784638543599203,0.146940885929475,0.616330011286172,FALSE
"MAP2K1",-0.0345757999074565,0.784738743382207,-0.0334843762911231,0.832082401334364,FALSE
"USP24",0.0288960956670777,0.784918707373798,0.00245177251363587,0.987276311723183,FALSE
"RDH11",-0.0555600367295454,0.785971427096104,-0.0572849402233502,0.822071532199215,FALSE
"MCTS1",0.0583029648959764,0.786391489919196,-0.0253779901719457,0.911482863325315,FALSE
"KLHL36",-0.0534378549070569,0.78675840952306,-0.0431660621627303,0.846759240071965,FALSE
"TTC27",-0.0478146140455333,0.786931986600615,-0.103126747219817,0.540154584849359,FALSE
"MCUR1",-0.0906210189429113,0.786931986600615,-0.0158481688669965,0.967916932851686,FALSE
"DNAAF5",-0.077720443581743,0.786931986600615,-0.00729650956882839,0.98510842208058,FALSE
"SLC4A2",-0.0797917137055514,0.786931986600615,-0.252625481766766,0.367353155889399,FALSE
"ANXA7",0.0614399549018864,0.786931986600615,-0.0340933226870673,0.870607104926712,FALSE
"COG3",0.066335020002703,0.78903509483077,-0.0533197917589609,0.808554483834028,FALSE
"PDE3A",-0.0287868618582376,0.789592298843098,-0.125204516651614,0.357384233280723,FALSE
"ZNF808",-0.0522811254058836,0.789592298843098,0.0343088182046305,0.895026793162941,FALSE
"BAHD1",-0.067407967010955,0.789750342383884,0.0185537746175439,0.948620744500992,FALSE
"NHLRC2",-0.0372993704919349,0.790639036904012,-0.0308038193328872,0.825056417651727,FALSE
"APTX",0.035449081313674,0.790731427342453,0.11845657529364,0.382717246571228,FALSE
"VPS52",-0.0720830037469797,0.790999307515752,0.0146001539879195,0.964414070095063,FALSE
"VPS4B",-0.0338954948150203,0.791569786126098,0.00130402656991917,0.994322015781679,FALSE
"PAPSS2",-0.0695143320807957,0.791938049157619,-0.329906376233269,0.10837617497764,FALSE
"RASA1",0.0223897877876126,0.792014371501595,0.0347009133115005,0.783866574083884,FALSE
"TRIP11",-0.027085841460299,0.792014371501595,-0.0505222805396287,0.669326053587441,FALSE
"PSMG2",-0.0505856783319796,0.792014371501595,0.045280566754654,0.808415143224023,FALSE
"POMGNT1",0.0586194410727118,0.792031047384897,0.188785253153898,0.396898465904905,FALSE
"RPAP2",0.0290860854935304,0.792031047384897,0.0153357261806503,0.917852976749411,FALSE
"KRCC1",0.0379988988247471,0.792031047384897,0.0447965272492577,0.803466406543813,FALSE
"NSD2",-0.030574699089327,0.792031047384897,0.0233999443508055,0.895097742404145,FALSE
"ATP6V1D",-0.0492215552948202,0.792031047384897,0.0215028425380077,0.915041755106128,FALSE
"CFAP161",0.0814000944972594,0.792031047384897,-0.0551761556474602,0.886626154866763,FALSE
"LARP7",0.041834822018973,0.792808885404305,0.0501617100019729,0.767672678660598,FALSE
"TMEM242",-0.0371372284615016,0.793417943367703,0.0110027548071402,0.952380151022251,FALSE
"PTPDC1",0.0856591092955895,0.793417943367703,-0.244742729468365,0.168892486844528,FALSE
"LTO1",0.0492791798950798,0.793417943367703,0.123213366615732,0.507236461406021,FALSE
"KPNA3",-0.0593193605470441,0.793417943367703,-0.122145822933939,0.46393711945835,FALSE
"RADIL",-0.0380583849190236,0.793617083932122,0.0051930821222129,0.98041332228653,FALSE
"KLF12",0.0215786642605567,0.793617083932122,-0.0314622425363729,0.787450131120107,FALSE
"SHC2",-0.0427708230015469,0.793849545018626,-0.0016595340873777,0.994322015781679,FALSE
"A4GALT",-0.0468288845266202,0.794049894782862,0.0630532756497406,0.78363779494511,FALSE
"ATP6V1A",0.0502046647588612,0.794127163326497,0.064084520399274,0.745422946778967,FALSE
"LSM8",-0.0455283494952528,0.794127163326497,-0.0636358331224103,0.701787083266221,FALSE
"ATP5MC2",-0.0601296020480172,0.794127163326497,-0.142264275935873,0.382151254155699,FALSE
"NBPF9",-0.0632176416526724,0.794131825569094,0.043417314208568,0.888598125003876,FALSE
"PAPSS1",0.0838211052105441,0.794131825569094,0.139867954317416,0.607631405384534,FALSE
"CHIC2",0.0738227465120058,0.794213365462439,0.000417794446425275,0.998790473052925,FALSE
"BOD1L1",0.0300428548205792,0.794466702935572,0.0554288432289178,0.65059236129131,FALSE
"GNG12-AS1",0.0395488384328444,0.794680144887861,0.148553046970454,0.353000877194452,FALSE
"UBA5",-0.047251218342532,0.794855920022622,0.0415689626282965,0.834038608565837,FALSE
"ISCA1",-0.0664144851846357,0.794855920022622,0.0692529980559561,0.808415143224023,FALSE
"SERP2",0.0813863110831874,0.794855920022622,0.178065666028045,0.576308462065253,FALSE
"RELCH",0.0360957672231618,0.794855920022622,-0.039715050560814,0.785258568134156,FALSE
"ZNF440",-0.0548867858614585,0.794855920022622,-0.0863179245624568,0.674959603462693,FALSE
"PRDM4",0.0579933965694323,0.794887253874685,0.0799063342718544,0.751754160588855,FALSE
"TPM3",-0.0519211336530673,0.795299342286616,-0.249802903303276,0.0126445794727354,FALSE
"FAF2",-0.0327472454847196,0.795575802062463,-0.0467650429359064,0.771119919592381,FALSE
"C15orf40",0.0610970212295102,0.795866226459005,0.140836930775733,0.593822633171244,FALSE
"HEXIM1",-0.0654529263088019,0.795866226459005,-0.0455934604039604,0.873313340171433,FALSE
"IL6ST",-0.0480940866986702,0.795952843191993,-0.00976409756312725,0.95448611012385,FALSE
"MIR100HG",-0.0884044974393045,0.795952843191993,-0.0767063767451785,0.846759240071965,FALSE
"AC009690.2",0.0416968667255599,0.795952843191993,0.104985021175873,0.548848150819594,FALSE
"APH1B",0.0466725652843366,0.797745057003125,0.0998704443616866,0.607916784903151,FALSE
"ORC5",0.0460286506216836,0.798081721235175,0.0805052317698539,0.683900579859696,FALSE
"ZC3H3",0.0555759926546613,0.798096556519166,0.034658455161891,0.897883580654141,FALSE
"HSD17B11",0.0630701362805446,0.798463030042975,0.0278011508533932,0.915213768101315,FALSE
"KYAT3",-0.0432661608394543,0.79854443237181,-0.089967589921109,0.638424916317144,FALSE
"AC019270.1",-0.0521222163652311,0.798547216873971,0.00290161471395233,0.991725166991957,FALSE
"CPS1",-0.0739505870497116,0.79869628162588,-0.061014420382512,0.869253232771598,FALSE
"AC025180.1",-0.050657251596283,0.79869628162588,-0.0635548985120303,0.806149657616589,FALSE
"BOLA2",0.0665176106320044,0.79869628162588,0.042343764386063,0.885247656795931,FALSE
"DOP1A",0.0308229986729746,0.799094404352355,0.00330246559083972,0.983614891212433,FALSE
"ZNF552",0.0447809846791335,0.799718518291954,0.128606163320853,0.470047110316916,FALSE
"RRP7A",0.0605690974240762,0.799718518291954,0.0664628984309805,0.803910460647494,FALSE
"CENPJ",0.0697564586422517,0.80026061234041,0.00148532194218444,0.996362998801683,FALSE
"SLC11A2",0.0872220550255843,0.800646028534197,-0.0303350170272819,0.899850565862573,FALSE
"AC025682.1",0.0349016288474706,0.800646028534197,0.0832969175691311,0.60146457261148,FALSE
"RNF19B",0.0570922160720488,0.800766407357643,0.0584167306742689,0.805836851667882,FALSE
"KDM5A",0.0258890350789444,0.801014040560497,-0.0265975492147281,0.827520892997358,FALSE
"PRKCD",0.0816969081710622,0.801076328622686,0.0273087407667826,0.939788484253318,FALSE
"TMF1",-0.0374132194766398,0.801076328622686,-0.0572044250112344,0.728001022942885,FALSE
"TBC1D1",0.0224202328983295,0.801076328622686,0.0407225390531077,0.769030773564684,FALSE
"FNDC3A",-0.0235608252080183,0.801185229109691,-0.0185700256732573,0.868798556151534,FALSE
"DMAC2L",-0.0600810010152383,0.801712012981724,0.045790361830508,0.879765665137115,FALSE
"UBE2G1",-0.0289316026484274,0.801712012981724,-0.104706200737469,0.335851219975618,FALSE
"ZMYM5",-0.0360565639043684,0.80187180015398,0.0339920710721366,0.853163789526855,FALSE
"ALG11",0.0866408964436642,0.80187180015398,0.012482459148999,0.975440980616186,FALSE
"GMEB1",-0.0489241973299862,0.80191335661377,-0.0772051830458576,0.750013401316395,FALSE
"GNPDA1",-0.0503697724754385,0.80191335661377,-0.0616222924720741,0.805616808501405,FALSE
"PTCHD4",0.115270858719212,0.802500838265394,0.293405788917548,0.600822857668383,FALSE
"ERGIC2",-0.0416324918444482,0.80252200072762,0.0437083711121385,0.83373578492144,FALSE
"FASTKD2",-0.052618910308157,0.802577994845623,-0.0074882174404292,0.975340948913763,FALSE
"ZNF250",-0.0667793583779154,0.802759459023661,-0.0450364599903722,0.895798527195633,FALSE
"AL513550.1",0.0559371887640442,0.802797806590917,0.111067084792932,0.614779073143955,FALSE
"AC009975.1",-0.127602579077743,0.802952738623754,-0.204247964911541,0.760041725882022,FALSE
"DOCK1",0.0169507994218563,0.803019221290443,0.0860361641450812,0.396244618107176,FALSE
"DBF4B",0.0787187963038945,0.803019221290443,0.0877189618944193,0.803217422819904,FALSE
"MRPS21",-0.0479758338886042,0.803310959119274,0.0307464597020657,0.890683460320283,FALSE
"BTN2A1",0.0423593387949613,0.803310959119274,0.0837412085713997,0.646838406404162,FALSE
"NELFB",0.0559942600617809,0.803310959119274,0.0909796463795262,0.707243582700582,FALSE
"CD81",-0.0819674661740999,0.803310959119274,0.151767034366777,0.205709291026642,FALSE
"BBS1",0.0597707340691486,0.803310959119274,0.169982389533868,0.471536507353511,FALSE
"AC103739.2",0.0627886991784687,0.803310959119274,0.121296650405474,0.660815873770824,FALSE
"PIK3C3",-0.0348462773775242,0.803310959119274,-0.0731614489531246,0.60629654863951,FALSE
"MORC4",0.0596998397993991,0.803310959119274,0.112274784353996,0.676606028742977,FALSE
"RAB43",-0.0736161892093353,0.803912226548845,-0.122775836878166,0.712592554606607,FALSE
"ABCB8",0.0665587940846899,0.803912226548845,0.134716555345304,0.645135167082225,FALSE
"PDE7B",-0.0214837174229395,0.803951201715404,-0.0153985334867558,0.939788484253318,FALSE
"DICER1",-0.0217740440423639,0.804173595815734,-0.000628951303119842,0.99582278551643,FALSE
"SRI",-0.0551934210269772,0.804527969519271,0.181878545080543,0.328849946816846,FALSE
"TMCC1",0.0165932748020929,0.805063616499866,0.0542838021061727,0.507388932112006,FALSE
"CDKAL1",-0.017873478926829,0.805084178301934,-0.0105198508830523,0.917516202678344,FALSE
"LDLRAP1",0.0485813170175438,0.80641215555226,0.0801439679627427,0.727748380379373,FALSE
"MRPL20",0.0499021799207614,0.806698866616456,0.0367480194884079,0.851381868801959,FALSE
"SUZ12",0.0270482222186869,0.806698866616456,0.0498802771044335,0.714257913318304,FALSE
"THSD7B",-0.0701125794214995,0.806998080449151,0.00970942722642341,0.982720381483689,FALSE
"UBP1",-0.0377293570580081,0.806998080449151,0.0021882848869333,0.991761886904102,FALSE
"ATXN7",0.026178045170908,0.806998080449151,-0.0870037464414844,0.42337367205693,FALSE
"LIN54",0.0392494603537775,0.806998080449151,0.0505839702292496,0.787121343342415,FALSE
"FOXK1",-0.0290550845974732,0.806998080449151,-0.000123335599890743,0.999483244016946,FALSE
"MTMR10",-0.0388841367406799,0.806998080449151,-0.0189170721952004,0.911482863325315,FALSE
"ATP6V0A1",-0.0290936904463751,0.806998080449151,0.029388688008101,0.851718838105464,FALSE
"METTL23",0.0564620416119978,0.806998080449151,0.120522722723917,0.610163008980147,FALSE
"SNX6",-0.0293416004160636,0.807701988342305,-0.168572934096537,0.0736293251009193,FALSE
"TAZ",0.0496438186607678,0.807701988342305,0.129313073088354,0.518404241045173,FALSE
"POFUT1",-0.0551748685577186,0.807919090771891,0.0135905356393158,0.959247515252902,FALSE
"NELFCD",0.0442567822039018,0.808153475930584,0.0641614057744872,0.762845150262293,FALSE
"AL732509.1",0.0442639911495378,0.808153475930584,0.0589331487405687,0.789911060360374,FALSE
"RNF214",-0.0337401331815701,0.808535762846559,0.036945945336147,0.825056417651727,FALSE
"UGCG",-0.0727339365801226,0.808923269812434,-0.0205114282800312,0.939788484253318,FALSE
"TPK1",0.0771767984306109,0.809125577655174,-0.103818369825395,0.565600677838937,FALSE
"TNIP1",-0.0485509440230885,0.809343827216344,-0.0749973381170265,0.749587609543763,FALSE
"CSGALNACT2",-0.0384240910555416,0.8093593526304,-0.056556303206614,0.775061748755871,FALSE
"RRNAD1",0.0658585774033864,0.809842868624606,0.0703877867488374,0.809806327320466,FALSE
"AC013287.1",-0.06927938597662,0.810014322043317,-0.0647001201328022,0.86793804800501,FALSE
"KDM4A-AS1",-0.0488442339340925,0.810036215109448,0.0390202263888283,0.872859521228893,FALSE
"LONP2",-0.0199132283789032,0.810183771854238,0.0343820378817867,0.758491193131808,FALSE
"ZSCAN5A",0.0330985780000892,0.810183771854238,0.0807929014841451,0.632562945059539,FALSE
"TMEM168",0.0431420564731902,0.810773203344336,-0.0911628175041585,0.535842579107483,FALSE
"HEATR5A",0.0293118818497372,0.810773203344336,-0.0358792335764389,0.807212159486132,FALSE
"FBXO9",-0.0374611005629669,0.811143591837269,-0.0978254489259844,0.544454248384122,FALSE
"P4HA3",-0.0555667673790438,0.811143591837269,0.0374740234732718,0.90519884202912,FALSE
"BACE1",-0.0432236079412671,0.811143591837269,-0.0457977753929915,0.833534580350452,FALSE
"PDXDC1",0.0229235695309759,0.811143591837269,0.0925295058755329,0.409209701840566,FALSE
"HSPA14-1",-0.0599480569014629,0.812115896462703,-0.0349142922489,0.908414451253748,FALSE
"TTI1",-0.074151857987585,0.81223687490998,-0.207372924035818,0.390536425473826,FALSE
"FBH1",0.0340991277214767,0.812510520556185,0.00534835693533451,0.975440980616186,FALSE
"ADD3-AS1",0.0995750274902887,0.812531977825033,0.20183819225505,0.664678413384915,FALSE
"UBAP1L",-0.0597312126794587,0.812540457095513,0.0374701560672515,0.9080829362186,FALSE
"SEC22B",0.0482227052515168,0.812658118613593,0.0479113996952409,0.797500836366724,FALSE
"OSBPL5",0.0294118882197459,0.813106219812301,0.0953724810640573,0.499931126857509,FALSE
"ZNF141",0.0284066081375588,0.813737033595464,-0.0279169432881783,0.845615284783265,FALSE
"LINC01006",0.0635064168588399,0.813737033595464,0.0296168396043319,0.928954529564171,FALSE
"SLC25A17",-0.0320105177424723,0.813737033595464,0.00679438484050254,0.972665135822896,FALSE
"RANBP2",-0.0291221191726003,0.813912376094488,0.0368645135400934,0.780974405695838,FALSE
"TTC21B-AS1",0.0586459435034619,0.813912376094488,0.184038451900889,0.439030101150332,FALSE
"KIF5B",0.0334516112522983,0.813912376094488,-0.0593858411812604,0.598885852444189,FALSE
"GLTP",-0.069085854588509,0.813912376094488,-0.235034702359634,0.428152421015764,FALSE
"TMEM259",-0.0511381054781073,0.814427619991264,-0.101994698148932,0.429006977894347,FALSE
"CASTOR2",0.0452885765570599,0.814853751593408,-0.0352932614243122,0.886626154866763,FALSE
"TSC22D4",-0.0513031321320475,0.814853751593408,-0.0412311291994352,0.877370360389462,FALSE
"PRDM10",0.0435687492991223,0.814853751593408,0.132183036379556,0.479739882066027,FALSE
"PGLS",0.0541167370895838,0.814915685756916,0.049748006988602,0.86319847798902,FALSE
"AC007406.3",-0.0885773624514006,0.814993017647086,0.0701083600599256,0.880553322433643,FALSE
"PCTP",0.07979872350774,0.814993017647086,-0.0784153808801599,0.832107141752432,FALSE
"ZNF83",0.0290160052596416,0.814993017647086,0.0633943167872341,0.693393393481661,FALSE
"SPSB3",0.044062427342133,0.815135301979655,0.0111876194086877,0.956667882516327,FALSE
"ZNF500",-0.0502301620245297,0.815135301979655,0.0564782319983912,0.833468952600632,FALSE
"TTC1",0.0322802483194921,0.81526412936117,0.0789964885452362,0.632539037659052,FALSE
"DEK",-0.0380791255132929,0.81538626893083,-0.121382567013321,0.420875578860229,FALSE
"BLOC1S6",-0.0734120527626271,0.81538626893083,-0.207211394514661,0.341027495506047,FALSE
"ZNF236",-0.0384242461704202,0.815495919578506,0.0190464572533549,0.918588614714425,FALSE
"ZMYM4-AS1",-0.0599565630153001,0.816105194948399,0.0821406147119598,0.785968933181901,FALSE
"ANKHD1",0.0178993507691139,0.816105194948399,0.00486864532418484,0.964414070095063,FALSE
"CENPT",0.0669562785347871,0.816260078924016,-0.0697114370204078,0.814736325163665,FALSE
"AC079193.2",-0.0669576893893262,0.816529536126372,-0.0470343919003571,0.886932308045073,FALSE
"CDK5RAP1",0.0390638745867745,0.816793201624815,0.141112827829617,0.368173621597076,FALSE
"ALMS1",-0.027928419127916,0.816820009296364,0.0732587547542927,0.559158718868638,FALSE
"STARD7-AS1",-0.0513065064664633,0.81714973713004,0.045572395152546,0.861615537765627,FALSE
"GDAP1L1",-0.0623228511996064,0.817582444744574,-0.0535788512931846,0.854218584652662,FALSE
"SNRNP40",0.0431008131031583,0.817601321101741,0.11770607245225,0.575244846709282,FALSE
"SPDYE1",-0.0415064140879415,0.817601321101741,0.0253606387908651,0.916087872275576,FALSE
"ZNF426",-0.0616866164679342,0.817891377010504,-0.0120999561734926,0.967209124095433,FALSE
"HAUS1",0.0647648108090746,0.818133804562083,0.0304616602396722,0.931608803727214,FALSE
"RASGRP2",0.0489750141892924,0.818142848648821,0.0950994662766069,0.677008554214297,FALSE
"PAN3",-0.0154358571733314,0.818579776079283,-0.0267334133897384,0.787342812951878,FALSE
"RNF8",0.0523923769043006,0.818584677692075,0.127367584934795,0.61087763041168,FALSE
"ARHGEF10",-0.0634682347788739,0.819222614890944,-0.22365313442336,0.200497009670458,FALSE
"AC108863.2",0.0760378455934051,0.819222614890944,0.120996876295667,0.706371600594844,FALSE
"GSK3A",-0.0654350323536605,0.819222614890944,0.0315328100754396,0.920166596510612,FALSE
"SRGAP2C",0.0545786695581248,0.819560909467356,-0.0110537567610298,0.959005014730864,FALSE
"SLC35A3",0.0483326336512071,0.820170754066302,0.00171077235083068,0.993466422576138,FALSE
"AC015795.1",-0.0779249629805393,0.82043879011883,-0.246459779561599,0.522004282553241,FALSE
"CDHR3",0.0605875668174943,0.820480804085592,-0.0461644230351228,0.874080359891445,FALSE
"KHNYN",-0.0464233019970738,0.820480804085592,-0.0380457866232152,0.886626154866763,FALSE
"MTMR3",0.0195954190479325,0.820480804085592,0.0394655594156009,0.708183413436619,FALSE
"MRPS18C",-0.0483882919025313,0.820883761397631,-0.0166134541682557,0.95197094210409,FALSE
"THAP12",-0.0458894883853561,0.820908419600669,-0.0540506267198223,0.823018753376742,FALSE
"VPS33A",-0.0432040225801245,0.820947770173598,-0.0499487003814758,0.823285640716739,FALSE
"CEP85L",-0.0248540906355898,0.821215942869201,-0.0576764765945176,0.657639127850132,FALSE
"DHX32",0.0488828581676345,0.82128683389482,-0.162263676404814,0.178314359362287,FALSE
"ZNF208",0.071457974030011,0.821972075758599,-0.0784201908061829,0.704546123517452,FALSE
"ICA1L",-0.0543042554304143,0.822236893568177,0.0112714020707595,0.972194073095546,FALSE
"APOOL",-0.0518796343578178,0.822290270632168,-0.0245218000939972,0.917852976749411,FALSE
"P2RX3",-0.120524141580884,0.823985650625197,-0.149114944221978,0.823184762720778,FALSE
"ENTR1",-0.0645462669400203,0.824696484576866,-0.0321909898394543,0.924514713532127,FALSE
"NME7",-0.034949919665633,0.825197883963254,0.033147824323743,0.87732859023847,FALSE
"ESYT1",0.069347724061157,0.825197883963254,0.0300019002973178,0.935018945626807,FALSE
"KLHDC2",-0.0304827260266976,0.825455741717924,-0.0160784261479487,0.923178950131934,FALSE
"PRPF8",0.026975076236475,0.826234704957355,0.0975600747203829,0.392722209607694,FALSE
"WDR41",0.0350164329349024,0.826318221988735,0.091095274700558,0.596245902266714,FALSE
"ARMCX3",-0.0448001260390544,0.826796836894604,-0.0902404821632683,0.637918966168351,FALSE
"PTCD3",0.0284295257149904,0.826809260792528,0.107417820205563,0.411610990886374,FALSE
"LEMD3",-0.0368636398006171,0.82711021741718,0.0170180904246028,0.930801584668899,FALSE
"TRAPPC13",-0.045193708012974,0.827372059405939,0.0259356339065439,0.918660584908758,FALSE
"CCDC117",0.0642558026378759,0.827430417682887,0.0552505777548783,0.869403294580872,FALSE
"TMEM63B",0.0409798088030746,0.827492803518444,0.0590747827432791,0.779171897722391,FALSE
"GEN1",0.0698789037284561,0.827643950253149,0.0179659410100233,0.956398930274801,FALSE
"RELA",0.063202695615878,0.827673021816205,0.0547056959784688,0.850071694003179,FALSE
"SNTB2",0.0403406736118638,0.827800860290133,-0.0266538531236939,0.897801398679292,FALSE
"MTA3",-0.0242893082762503,0.827884423089583,0.00553252270288866,0.967192674767728,FALSE
"AC098484.4",0.0508670005362658,0.829235229545402,0.0340860564529654,0.912628608000699,FALSE
"ABI1",0.0239654206683123,0.829674830195838,0.0128311123045205,0.932931699719366,FALSE
"PPP1R12A",-0.0166861080761406,0.829674830195838,0.00771367824694239,0.956667882516327,FALSE
"WASL",-0.028428195520117,0.830262399427062,-0.0502631045717588,0.708774811791718,FALSE
"CEP70",0.0694769820391047,0.830572512020828,-0.132417900341999,0.596799540378598,FALSE
"AARS",-0.0471168792335423,0.831060952270241,-0.0159079558083566,0.955428739865864,FALSE
"AVIL",0.0441651753049666,0.831408056128843,0.0782880512545907,0.751824966101872,FALSE
"ADSS",0.0498093996160476,0.831713014769974,0.066585756725564,0.78185493049699,FALSE
"DYNC1I2",0.0234047962026338,0.831713014769974,0.0113598790819598,0.935025725120528,FALSE
"AC130324.2",0.052597815733741,0.831735276957224,0.0560320214003018,0.849428787934955,FALSE
"NIBAN1",-0.0330025753430289,0.831834268538749,-0.115629060222065,0.489174557469939,FALSE
"TOPBP1",-0.0407929202781558,0.831834268538749,-0.0607603799085621,0.804098132202499,FALSE
"AC024075.3",0.0581298660205439,0.831834268538749,0.154299896500987,0.57146321346239,FALSE
"SETD4",-0.0550617393577739,0.831834268538749,-8.89853572803324e-05,0.99964546113773,FALSE
"HNRNPC",0.020591644517235,0.831849970139956,-0.017843885051935,0.868932179100204,FALSE
"C1orf112",-0.0535020969524451,0.832211925385521,0.0407687162771634,0.886932308045073,FALSE
"PPP3CC",-0.0197449500156088,0.832211925385521,-0.0423718097418897,0.686785399488192,FALSE
"LINC02649",0.0556009962750642,0.832484440920051,0.119067215166458,0.628759540351472,FALSE
"ENDOV",-0.0573924803561219,0.832641774588615,-0.0108775375609705,0.973675384225439,FALSE
"CSMD1",-0.0646807541704025,0.83310903139252,-0.115596149294704,0.587927595829509,FALSE
"WDR26",-0.0247161367638788,0.833367367625873,-0.117105687848179,0.244420251526436,FALSE
"SPAG16",0.0387861350447658,0.833367367625873,-0.0783757432752832,0.683900579859696,FALSE
"PRDM1",0.0706244801142945,0.833367367625873,0.0762450376481184,0.853540483544819,FALSE
"ADCY1",-0.0593297087166821,0.833367367625873,0.00390577922822414,0.992135357179099,FALSE
"EED",-0.0456077022668053,0.833367367625873,0.00982514919811395,0.970163053007353,FALSE
"PRRC2C",-0.0148088674742307,0.83342895462226,-0.0593752472928906,0.468206685215685,FALSE
"TXNDC11",0.0394472068575998,0.833596940660311,-0.0459221585390332,0.808415143224023,FALSE
"PTPN21",-0.0419612046910119,0.833865883113229,-0.0546854497758729,0.814095974392119,FALSE
"MTRR",-0.0527087854906426,0.834159740404881,0.0177851767126837,0.951468204386617,FALSE
"SOCS7",0.0377812190407409,0.834645806682221,0.143596280926521,0.405301733904262,FALSE
"SLC38A11",-0.133543778437368,0.834700839897089,0.0127182142637099,0.989766830799253,FALSE
"THAP6",0.0560377768518772,0.834756305407702,0.0676856782656635,0.798782270722147,FALSE
"MARK1",0.0224512336739668,0.835047222658361,0.0968293099673066,0.426560850406161,FALSE
"PLAT",0.0674913847252577,0.835575122414042,0.0584489785648711,0.883180555545784,FALSE
"MLH3",0.0253925834580293,0.835575122414042,0.0774431128058825,0.543113234147759,FALSE
"ENOX2",-0.0302071201680005,0.835575122414042,-0.0901600144657198,0.539002122933125,FALSE
"AL078604.4",-0.0621350261158852,0.835842073968256,-0.0975473758384017,0.749386083364886,FALSE
"GPATCH11",-0.061289975627597,0.836073262166734,-0.0759539566781143,0.808783682156583,FALSE
"PPP2R1A",-0.0377304324259807,0.836073262166734,-0.0697068476431809,0.713482392682979,FALSE
"TIMMDC1",0.0516274602954187,0.836137932451663,0.0701185818884464,0.728152755738423,FALSE
"ELP6",0.0460598626186471,0.836138248827034,0.0846250224286338,0.746674590017005,FALSE
"ZMIZ2",-0.0373558435852456,0.836138248827034,0.00592880547032031,0.979489777160688,FALSE
"ERAP1",0.0314899198307029,0.83645786526304,0.0339403328410729,0.852284471637757,FALSE
"SMUG1",0.0635938543489191,0.83645786526304,0.0515957378425107,0.884770995882304,FALSE
"C2orf88",-0.048941361522453,0.837303186297903,-0.0544156513466148,0.844495517185099,FALSE
"ZNF354C",0.0468410848763646,0.837303186297903,0.131725497756711,0.569934924393296,FALSE
"CACYBP",-0.0572417078323886,0.837580688156974,0.158149536072035,0.545368538729441,FALSE
"ZFYVE1",0.0389710494071697,0.837580688156974,0.11083257150125,0.555075576310382,FALSE
"ATXN2",-0.0138979746267216,0.837604577389802,-0.0328807199229998,0.706686639837549,FALSE
"LINC00670",0.0750044087924411,0.837604577389802,0.0869174872264327,0.848746821799145,FALSE
"SRPK2",0.0144762369989122,0.838741681961434,-0.0458281414070315,0.609131790576509,FALSE
"HBS1L",-0.0289446745151799,0.839141326456877,0.0245551075188032,0.892561043759894,FALSE
"AC010524.1",0.0555723109766014,0.839244221599361,0.142715239667891,0.62386922134683,FALSE
"CDK9",-0.0521013381627063,0.839475584628121,0.029361314221435,0.91787790915201,FALSE
"C10orf88",-0.06642037500529,0.840495585193799,0.0546185565986304,0.85366163061433,FALSE
"AL136441.1",0.064315676842453,0.840698722026553,0.112699717519726,0.777837517223238,FALSE
"LMBRD2",-0.0486756196120703,0.840732177207939,-0.0774068123112756,0.775451839290733,FALSE
"Z82215.1",0.0280614552773715,0.840732177207939,0.058529086277909,0.71596725920478,FALSE
"FBXW7",-0.0221680438227407,0.840949978733373,-0.0109793453261354,0.91722973485642,FALSE
"USP37",-0.0259896016281978,0.841086720903253,0.0543736504303829,0.71512240514723,FALSE
"AC011447.3",-0.0531231516202962,0.841086720903253,-0.0218837712136304,0.942117063838804,FALSE
"STK24",-0.0223486243177574,0.841167142907341,0.034593793259591,0.786416757958935,FALSE
"ZNF461",-0.0536017988443839,0.841204570617849,0.0595198098658496,0.840543552221906,FALSE
"PHF3",0.0216690059266919,0.841266336603832,0.0499023543398395,0.662561084685737,FALSE
"EXOSC1",-0.0416478753724843,0.841266336603832,0.0335031654936758,0.893768498261588,FALSE
"FLYWCH1",0.0336783614116272,0.841286167947948,0.102465046796742,0.490841167942598,FALSE
"ZNF674",-0.0617998203721323,0.841313633429978,0.0547402801230148,0.860644452608641,FALSE
"USP45",-0.0246312144190212,0.841380680902287,0.0217776561270622,0.895157416639379,FALSE
"SRSF7",-0.0275872080389564,0.843010667622111,0.0245775494680506,0.885068579608185,FALSE
"NLGN1",-0.0386783734023603,0.843010667622111,-0.0370044074377994,0.90621828263564,FALSE
"SETD1B",-0.043799568818978,0.843010667622111,0.0224677187965511,0.93051829558727,FALSE
"VPS36",-0.0292715336099014,0.843010667622111,-0.0367548615284741,0.823470330827872,FALSE
"USP9Y",0.0548587305050264,0.843010667622111,0.0680994194734795,0.815505475329195,FALSE
"MYSM1",0.032531731055931,0.843167878683786,-0.130779175384957,0.223935041384696,FALSE
"TRIM23",0.0357738065692665,0.843173940189755,0.060122802774713,0.783150971824661,FALSE
"MSC-AS1",-0.0150812632702124,0.843173940189755,0.051414618407625,0.607562914116407,FALSE
"DDX58",0.0317220401573998,0.843484066704181,0.0926907227057192,0.617349141112168,FALSE
"TMEM140",0.0766546095197794,0.843516689075574,0.0300586524902524,0.915870823572219,FALSE
"CASP3",0.0573511335361224,0.844350610596633,-0.0456690477289564,0.860049857955696,FALSE
"ASL",0.0492294257491204,0.845643800065765,0.0385848608032581,0.897415383320215,FALSE
"EBF1",-0.0102079779962845,0.845663909636329,0.0495611829237735,0.629944455860092,FALSE
"TBC1D14",0.0890224502618998,0.846131754388541,-0.0663837823449694,0.763961586613335,FALSE
"SMARCA5",0.0280424736820735,0.847092592769038,-0.00421737158926168,0.982253263237815,FALSE
"HABP4",-0.0374468536763905,0.847130801730443,0.0348625609478488,0.872174889719151,FALSE
"DYNC1LI1",0.027802641858377,0.847530151182485,0.0538384072010143,0.76926182736437,FALSE
"HERPUD2",0.0263237685177596,0.847530151182485,-0.00811013847769343,0.959248119723837,FALSE
"PILRA",0.0541816102322924,0.847604224005408,-0.180224518296329,0.469888720771627,FALSE
"EIF2B1",-0.0363936943876213,0.848199560044077,-0.0157429072002431,0.94531055387442,FALSE
"SOCS6",-0.0437534832694838,0.848199560044077,-0.0725191201991897,0.749587609543763,FALSE
"IER5L",0.0706047488952637,0.848252257363138,0.235577087424785,0.465131342368605,FALSE
"DROSHA",-0.0257210075425488,0.849159682855042,-0.0311142888446759,0.817730599848963,FALSE
"ADAM9",0.0498569527923192,0.849159682855042,-0.102230684739107,0.470688370536724,FALSE
"HDGFL2",0.056747135121379,0.849159682855042,0.149024763188775,0.656386348416772,FALSE
"G3BP2",-0.0573839083947179,0.84937622025844,-0.0700251080594441,0.68215966048706,FALSE
"SENP2",0.0321065490447035,0.849811868343233,0.017763798431117,0.92729501928881,FALSE
"CALCOCO1",-0.0321964014366658,0.849811868343233,0.0601820827684823,0.748519680228371,FALSE
"DHTKD1",-0.0390979168816773,0.850082165609054,0.0262391646112517,0.912772268963329,FALSE
"AC100793.2",0.029045940667356,0.850082165609054,0.0103658498342228,0.959248119723837,FALSE
"ZBTB10",0.0409221251093353,0.850202011405275,0.110619345228,0.61869732357789,FALSE
"CPT1A",0.0275928440293457,0.851993952048877,0.0620729863195394,0.673704941628723,FALSE
"EWSR1",-0.0183921593904348,0.852099478363326,-0.00873302330707232,0.945575934832059,FALSE
"IGFBP5",0.0446493264542156,0.852168209597362,-0.0771941813388044,0.845615284783265,FALSE
"HSPBAP1",0.0407442113186118,0.852342754948711,0.0408958070476149,0.85366163061433,FALSE
"LETMD1",-0.0311755257934179,0.852342754948711,0.0111205148524779,0.958174925156666,FALSE
"GDAP2",-0.0306910140158698,0.85243791753427,0.00599923557365607,0.978827591600152,FALSE
"VAPA",-0.0306771984636045,0.853030819993496,-0.123308269798965,0.194487916697686,FALSE
"ARHGAP35",0.0169597043878653,0.853030819993496,0.0664115172459747,0.570860630208994,FALSE
"LHPP",-0.0562055060106312,0.853466404039743,-0.115611639342763,0.699342624583548,FALSE
"PGS1",0.0351245654922955,0.853466404039743,0.0106654239979884,0.959247515252902,FALSE
"RBM6",0.012274541665518,0.853842303791772,0.00713254549115059,0.940978809488393,FALSE
"AC012409.2",0.0141312348462872,0.853842303791772,0.101048271036533,0.401503581639386,FALSE
"AL356124.1",-0.0695690449612526,0.854211790336921,-0.141052359389573,0.609509546468759,FALSE
"NAPB",0.0395802769628799,0.854846321498569,0.110284006854532,0.618526904253377,FALSE
"RAP2A",-0.0353728116440612,0.855014970280963,0.0888986373322325,0.616718164020716,FALSE
"DNTTIP1",0.0541901920949768,0.855014970280963,0.121574215683761,0.676402680185844,FALSE
"TM2D3",-0.0409634503360516,0.855779971620881,-0.137825429869542,0.413312275008912,FALSE
"AL592183.1",0.0543659352798034,0.856279825393629,0.0972281043194812,0.799039257008773,FALSE
"FAM160B1",-0.0489586446284025,0.856531829379734,-0.156941008731501,0.346287018871379,FALSE
"AC109460.2",0.0418990201684213,0.856531829379734,0.0754207554126369,0.765898926209669,FALSE
"NIT1",0.0368630808244947,0.856971118708515,-0.0150939723621887,0.955428739865864,FALSE
"DNAJC10",0.0581025983561206,0.85730120465355,-0.0209652508189106,0.918660584908758,FALSE
"HAVCR2",0.0659080260203634,0.85730120465355,-0.0278734903189382,0.939668710633521,FALSE
"MOV10",-0.0435288546581673,0.857411122757883,-0.058849754851694,0.825295698545788,FALSE
"RIOX2",-0.0715428340849993,0.857411122757883,-0.066580030398643,0.878952912799982,FALSE
"MSH5",0.0618408414913842,0.857411122757883,0.028893230478258,0.940348589008423,FALSE
"TDRP",0.0378820568063365,0.857411122757883,-0.00305092785847331,0.99118584978388,FALSE
"NECAB1",-0.0396522189676691,0.857411122757883,0.0228290931536295,0.928576703977525,FALSE
"MAST3",0.0572424978121134,0.857411122757883,0.150275492984542,0.650191518384931,FALSE
"ZNF717",0.0284340415115726,0.857700134336236,0.0406133308034908,0.83494286067931,FALSE
"ZRANB2-AS1",-0.0348145720193267,0.857967140463788,-0.000348501965156089,0.999009313243198,FALSE
"SMIM4",-0.0283282937917938,0.857967140463788,0.0437008352042943,0.813888465279811,FALSE
"COPS4",-0.0292168262266568,0.857967140463788,-0.0173726047926153,0.92806775931888,FALSE
"ARL10",0.0238519537644828,0.857967140463788,0.0680965462636462,0.626170192102441,FALSE
"SLC3A1",0.0509293181220371,0.858424072943815,0.102704358308196,0.746576515997534,FALSE
"GTPBP8",0.0511959663178972,0.858424072943815,-0.0264853670268637,0.934565166399904,FALSE
"FAM193A",0.0163346762274536,0.858424072943815,0.0553499740826615,0.584597511034774,FALSE
"SPATA5",-0.0173727242134641,0.858424072943815,0.00532278993257797,0.970163053007353,FALSE
"MRPS27",-0.0363460597104796,0.858424072943815,0.0886172217503343,0.665813549570404,FALSE
"SLC20A2",0.0348552869868693,0.858424072943815,-0.0411139904001883,0.808142287087525,FALSE
"PPP2R1B",-0.0246327807508142,0.858424072943815,-0.0169606022672516,0.92081289076156,FALSE
"PSEN1",-0.0289091456236228,0.858424072943815,-0.038787801507826,0.80812803387884,FALSE
"POLG2",-0.0511667190431767,0.858424072943815,0.00732186206458888,0.982458002690233,FALSE
"EHD2",0.0275381651576709,0.858424072943815,0.0612516002847559,0.734421687075643,FALSE
"PKP4",0.053327421171699,0.85861914351221,-0.048005308280473,0.767200699893849,FALSE
"ATF1",0.0234217601301131,0.858757379935501,0.029391144918295,0.862612531516561,FALSE
"NDUFB8",-0.0541015336959201,0.858766236524064,0.0544112447535856,0.71596725920478,FALSE
"FAM210A",0.0693518774575801,0.858766236524064,0.0490816915646052,0.881106514232685,FALSE
"ARMC1",0.0405811302134176,0.858804555277439,0.0600260968810675,0.817654522525247,FALSE
"ATP9B",-0.0148085606616084,0.85884648894121,-0.0273275911744336,0.785968933181901,FALSE
"AC104365.1",-0.0434739179637624,0.85891340928983,-0.20080957307933,0.333494533877643,FALSE
"AC023509.6",-0.0181487692506496,0.858970287479839,0.0400863071823071,0.772398680797176,FALSE
"ZNRF2",-0.0313571104508865,0.859202513078257,-0.15196882354672,0.254585088392141,FALSE
"HEATR4",0.0586801588826215,0.859202513078257,0.0311297609023325,0.941404692040968,FALSE
"WWC3",-0.0279633172748501,0.859202513078257,0.00413558645126352,0.984786442264929,FALSE
"AL035446.2",0.0542015638065746,0.859580337442187,-0.077531183026567,0.767672678660598,FALSE
"RBAK",0.0398922131751658,0.859966478457436,-0.0207712800190139,0.939788484253318,FALSE
"ILK",0.0277744886195212,0.860282249986165,0.0934379000578239,0.578272247446286,FALSE
"TBC1D22B",-0.0324516462764843,0.860375210408515,-0.0218287940547034,0.92081289076156,FALSE
"FAM114A1",0.0569723814204041,0.86059183810695,-0.0837237875454038,0.73393735484098,FALSE
"TAF4",0.0370627195145629,0.86059183810695,0.0739693215917451,0.754549018032988,FALSE
"ARID5B",-0.02869546942203,0.860725983815466,-0.25202864500219,0.137159434133946,FALSE
"GGCX",0.0286748237706957,0.860962154337504,0.127776395674116,0.451509273531458,FALSE
"AP5M1",-0.0552940915757704,0.860962154337504,-0.275320354235066,0.0587754350983607,FALSE
"MZF1",-0.0347067521827799,0.860962154337504,0.0605941380753543,0.79553492270582,FALSE
"PCBP1-AS1",-0.0215032743259504,0.860983633126995,0.0255869102882494,0.875558493000704,FALSE
"SUPT5H",0.0288673974863382,0.861360937657123,0.103244568135103,0.518404241045173,FALSE
"UBE2B",0.0303070033518542,0.861456009740972,-0.0410485301899302,0.784249461113319,FALSE
"GPR180",-0.0501421952735191,0.861456009740972,-0.0210864994867114,0.943900448941583,FALSE
"MARK3",-0.0196686377876961,0.861456009740972,-0.00842256004029864,0.944140442595428,FALSE
"CCDC130",-0.03189512054682,0.861628060755175,-0.0711957772513424,0.723231718297777,FALSE
"GNG12",-0.0219847233206675,0.861903701447857,0.0176388484611387,0.912012722551787,FALSE
"RPP30",-0.0475543883956811,0.861903701447857,-0.0407917594963011,0.890683460320283,FALSE
"STARD13",0.0162319065328253,0.861903701447857,-0.0119115808844125,0.917852976749411,FALSE
"HDAC1",-0.0378855929510514,0.861925268563077,-0.0480024812738109,0.844495517185099,FALSE
"AUXG01000058.1",-0.0383906258025038,0.861925268563077,0.0153912772484708,0.958953781853577,FALSE
"MCPH1-AS1",0.0480212594230428,0.861925268563077,0.124214809534325,0.682876998610879,FALSE
"ATP6AP1L",0.0572604432981138,0.861927941171861,0.155758098590735,0.672885502552975,FALSE
"RNF123",0.0455976283182191,0.862044073487884,0.0443126118637254,0.879710407695377,FALSE
"ALG1L9P",0.0457708812829859,0.862044073487884,0.09510994555599,0.729567408172506,FALSE
"PTPA",0.0327516580739989,0.862439600063424,0.0572311033567051,0.791574042892613,FALSE
"AC068481.1",-0.0632742825487133,0.862700607453864,0.0404366282349844,0.923370024302922,FALSE
"C12orf65",-0.0478568699683505,0.862753476321075,-0.122483609218911,0.695945985832648,FALSE
"CTTNBP2NL",-0.0297871524641942,0.862843796709407,-0.114827914225388,0.502806608902133,FALSE
"RAC1",-0.0248678734991841,0.863110480788405,-0.0958841701146647,0.33649990597105,FALSE
"IMPA1",-0.0497871762737207,0.863445202398178,-0.198282437097147,0.401113469396779,FALSE
"L3MBTL2",-0.0551676350855605,0.863448543505298,-0.0798968551462134,0.808415143224023,FALSE
"KIAA1324L",-0.033424555256526,0.863544984824569,-0.0263927546272809,0.916983259890436,FALSE
"TRUB2",0.0540172462914928,0.863544984824569,0.0584231065281842,0.861400242604443,FALSE
"CHMP4B",-0.0404560056766236,0.863595767563674,0.0719845669422449,0.764092209482018,FALSE
"B3GALNT2",-0.0357812520285856,0.864248318039505,-0.0470255754508789,0.843438025769041,FALSE
"ZDBF2",0.0376541749399935,0.864248318039505,0.0795368835758968,0.749941195465831,FALSE
"HNRNPDL",-0.0181958545817946,0.864248318039505,-0.0603212593577311,0.451267150434447,FALSE
"ALPK1",0.0332069261694464,0.864248318039505,-0.0618927037004899,0.749386083364886,FALSE
"CHSY3",0.0704018676604223,0.864248318039505,-0.076776964539474,0.854368713860899,FALSE
"TIMM23",-0.0378800225061281,0.864248318039505,0.0263182048669069,0.917516202678344,FALSE
"MLF2",0.0385798747184049,0.864248318039505,0.0597802288602158,0.774898401869597,FALSE
"ZNF627",-0.0417094259034472,0.864248318039505,-0.0568954802131095,0.837162347001395,FALSE
"STRN4",0.0434242043767176,0.864417371427135,0.158989214476144,0.521657491927462,FALSE
"CBFB",-0.0210948762949629,0.864538369475248,0.0213299145001705,0.897883580654141,FALSE
"LIX1-AS1",0.0506438501651746,0.865150652743256,0.0310097243527181,0.918660584908758,FALSE
"OBI1",0.058166258331013,0.865150652743256,0.070269452279754,0.835469229651477,FALSE
"SPECC1L",0.0120934180733246,0.865461150468855,0.054309613492922,0.544964108955283,FALSE
"CD248",-0.0534152350099955,0.865939364190558,-0.0510952313663837,0.879876154756129,FALSE
"CRCP",-0.0297338114782918,0.866062961245047,0.0277820425871503,0.881954770346478,FALSE
"BLOC1S2",0.0523383304961897,0.866062961245047,-0.0153669067716917,0.963905551952308,FALSE
"YARS2",-0.0292315210868718,0.866062961245047,0.0233447467636258,0.90775524064621,FALSE
"INTS14",0.0391496639302193,0.866062961245047,-0.0147435881584476,0.957256873577135,FALSE
"TFIP11",-0.0440708154730085,0.866062961245047,0.0697147431126475,0.803241872078642,FALSE
"MCM3AP-AS1",-0.0486388804407631,0.866088599159141,0.00743811242731649,0.983614891212433,FALSE
"AC005695.2",-0.0406635224465234,0.866147756441265,-0.0134071253178853,0.96852235032728,FALSE
"ERI3",-0.017405687603761,0.866464679263806,0.0211972443460653,0.864710724383392,FALSE
"MED26",-0.0355293530476985,0.866464679263806,-0.0930485793912732,0.681039475181692,FALSE
"CNOT7",-0.0387276339362282,0.866887343717738,0.0556208183005792,0.821280783033777,FALSE
"SETD7",0.033093480129878,0.867439938582031,0.0900550112114787,0.612354600628079,FALSE
"SH3D19",0.0222204190555265,0.867519126020956,0.0129745262705129,0.928576703977525,FALSE
"UFL1",-0.0257207308603009,0.867916535572392,-0.06869632924512,0.633894999844548,FALSE
"ZNF790-AS1",0.0285017779237538,0.868247099820094,0.0901022794029935,0.654567646849534,FALSE
"CCDC57",-0.0266145036840406,0.868372634338023,0.011392780683161,0.956667882516327,FALSE
"SEC24B",0.0161880598147661,0.868472817973219,0.04473746162236,0.669111188341213,FALSE
"SEC61A2",0.0378385169766521,0.868472817973219,0.128604304896064,0.584597511034774,FALSE
"COPS5",-0.0619501615677771,0.869097281784833,0.0239561745807763,0.955547032947323,FALSE
"C2orf69",-0.048847698834964,0.869142904079723,-0.0640477603256626,0.844840677768911,FALSE
"TARS2",0.0446715917986826,0.869270933019243,0.0152008651037858,0.95956255179414,FALSE
"CMTM8",0.059257570012432,0.869316075542927,0.104480132618889,0.783024052939277,FALSE
"EPC2",0.017316521327206,0.869501934876814,-0.0187891573740726,0.885247857462534,FALSE
"POLR3A",-0.0319052885228315,0.869875345452484,0.104096868508047,0.60743241137802,FALSE
"RAB3GAP1",-0.0165588767911852,0.869985949609406,-0.0745818976531656,0.518404241045173,FALSE
"SLC22A23",-0.0686402708479728,0.869985949609406,-0.0307106544054689,0.920166596510612,FALSE
"PHF1",-0.0380761824008514,0.869985949609406,-0.0483583495483944,0.861423398024542,FALSE
"TGFBR3",0.0309024821238509,0.870100033557395,0.233534986432837,0.0349935228650178,FALSE
"EIF2AK3",-0.0291253688256868,0.870100033557395,-0.0566722772940079,0.789639124387698,FALSE
"STX8",0.0154372712364083,0.870277134243909,0.0384523533374969,0.771965674671084,FALSE
"DMXL1",0.0183597198725813,0.870477025374626,-0.106927384347129,0.30677919710772,FALSE
"AC138150.1",0.0211114396628766,0.870477025374626,0.0684947871664328,0.607821152715468,FALSE
"PPM1D",0.0257691032658763,0.870477025374626,0.0873189210996002,0.608399859677159,FALSE
"AC010978.1",-0.0459493784460808,0.870537532281552,0.00738252520136373,0.983614891212433,FALSE
"SFXN2",0.0573915360474579,0.870771817588202,0.148770704539224,0.683014999830239,FALSE
"GALNT1",-0.0244199410316169,0.870798606555685,-0.0159648559109452,0.928954529564171,FALSE
"NUCB1-AS1",0.0443739025281835,0.871094527231958,0.129758995725393,0.644821667120046,FALSE
"CAMK2D",0.0147246567842903,0.871207082540334,0.0315957746994785,0.776530462386092,FALSE
"MIB1",0.0186271177577248,0.871207082540334,0.0351307232544397,0.781527716572164,FALSE
"LRP5L",0.0390151680209333,0.871207082540334,0.0961357837882992,0.721140184992484,FALSE
"FRMD3",-0.00923271172300784,0.871304919341759,0.0656124400192978,0.560300911975054,FALSE
"RHPN2",0.0448946174061989,0.871553971863592,0.125938036522771,0.681216646079966,FALSE
"ISY1",0.0469319233824072,0.871970008667793,-0.0154265340390219,0.954683268070368,FALSE
"AC012085.2",0.0222982253379411,0.871970008667793,0.0848529753548977,0.623655176317852,FALSE
"ZNF638",-0.0110519465008491,0.872425637487512,0.00873360413352895,0.932740385439672,FALSE
"NHSL1",-0.0253001766010421,0.872623169970539,-0.0767653612250867,0.681422643300786,FALSE
"AHDC1",0.0239271352032743,0.873711995146969,0.102792877989967,0.513062780833732,FALSE
"AP000873.2",-0.0334319688990331,0.873711995146969,9.91593479851061e-05,0.999620441063463,FALSE
"KRR1",-0.0324403369971618,0.873711995146969,-0.112190067782929,0.557104586894929,FALSE
"DNM2",-0.0151400606755396,0.874337881723318,-0.0344129803643882,0.800892890162745,FALSE
"AC025211.1",-0.0451822906085703,0.875101698857006,-0.0409805898896724,0.905274008045316,FALSE
"MTCP1",-0.0357077674048729,0.875101698857006,-0.0374582020346509,0.905037264779104,FALSE
"AL603839.3",0.0413986539328053,0.875384307434296,0.0612304609705336,0.82948865276642,FALSE
"SMARCC1",-0.0164516981090785,0.876156218143632,-0.0161367918438327,0.903166746863265,FALSE
"TNS3",0.0253114876247649,0.876291772767819,-0.12667357560975,0.423831744190258,FALSE
"DUS1L",-0.0470756154497642,0.876291772767819,-0.151478586194646,0.521156332115932,FALSE
"AC022872.1",0.0280509008685194,0.876475078539927,0.0317734055174274,0.8870871504853,FALSE
"JOSD1",0.0336828124000849,0.876475078539927,-0.0358702532511828,0.879153527982637,FALSE
"DCAF6",-0.0170910632050643,0.876522105978557,-0.0276039612194698,0.79553492270582,FALSE
"MRPL16",0.0413155481949002,0.876592476003168,0.165533704216049,0.479734459920866,FALSE
"GALNT2",-0.0265080966894573,0.876971338176377,-0.0865407171776055,0.691746923010482,FALSE
"MYO1D",-0.0146301710435388,0.877798616864047,0.0440266748867193,0.760825414736564,FALSE
"TP53BP2",-0.0260487127863325,0.878140692218491,-0.0591633420465954,0.745601118880351,FALSE
"ST7-AS2",-0.0549269176087469,0.878140692218491,-0.132960464404127,0.680943959010722,FALSE
"TRDMT1",-0.0463375435932065,0.878140692218491,-0.198402695724523,0.389035316222866,FALSE
"SNRNP35",0.0389799527498715,0.878140692218491,0.0434086946872733,0.851821906870319,FALSE
"STARD3",0.0431179776564657,0.87843255628555,0.0483117737542008,0.876644501871688,FALSE
"ZNF326",0.0316770595061171,0.878683280568127,-0.0761110832860782,0.656137887169064,FALSE
"TRMT61B",-0.029874994423108,0.878683280568127,-0.00489036010847056,0.982720381483689,FALSE
"JAZF1",-0.0211075083964444,0.878683280568127,-0.0471457219321239,0.705815687153815,FALSE
"ETFRF1",-0.034375473895844,0.878683280568127,0.0149484332279457,0.945575499319694,FALSE
"EFL1",0.0273709074267435,0.878683280568127,0.0203681964614061,0.921945799443633,FALSE
"LTN1",-0.0209934027654077,0.879078683341538,-0.0917859014139182,0.503130824966683,FALSE
"RINT1",0.0295524553708165,0.879420128367299,0.042637882203203,0.857991519936993,FALSE
"CLK3",-0.0260469129906876,0.879420128367299,0.00517929031707518,0.981184878715165,FALSE
"ZNF561-AS1",-0.0263044266666921,0.879420128367299,-0.0111745611520912,0.962009093649324,FALSE
"AC004257.1",0.0575850642407874,0.879420128367299,0.160067637120146,0.678832635853058,FALSE
"ZNF100",0.0474002324659169,0.879420128367299,-0.148426894326795,0.508781913924728,FALSE
"AC002074.1",0.0446430677191385,0.879589633551397,0.217647725594714,0.465121846431864,FALSE
"JMY",-0.0226044868860439,0.879710419859948,-0.0624716793052056,0.74479939688903,FALSE
"PDE1B",-0.0294954437462833,0.879710419859948,-0.0893308329284958,0.683920878179989,FALSE
"DPYSL2",-0.0181704180490402,0.879849671259008,0.0415188090895298,0.811779806601633,FALSE
"PARVA",-0.0136483672434018,0.879849671259008,-0.0317704796971996,0.81918610693468,FALSE
"ITPK1",-0.0424625690467991,0.880454057774511,-0.319246903897742,0.090702227494716,FALSE
"P4HA1",0.0273978489668121,0.880497368015577,0.0761427028296758,0.640472136006168,FALSE
"CDK13",-0.0118708810252965,0.880752320965706,-0.0115830116516285,0.907271376167267,FALSE
"PRKRIP1",-0.015905537433566,0.88111965744604,0.0529661000548717,0.718236990189428,FALSE
"MAP3K7",0.0249810948011804,0.881396639879441,0.0424304558634473,0.797111115581086,FALSE
"PHLPP1",-0.0180556300418335,0.881396639879441,0.0394332516205468,0.820352070920397,FALSE
"VRK1",0.0495654272680941,0.88143269257124,-0.152023494632267,0.570860630208994,FALSE
"ZBTB11",-0.0348411283454894,0.881501092745505,-0.160326102208057,0.444459761146903,FALSE
"QSER1",-0.0208951413538784,0.881618284388636,0.022834288505352,0.893217363657193,FALSE
"AC106818.2",-0.0337626319421158,0.881704180492323,0.151404343985252,0.555719189022508,FALSE
"NRF1",0.0134913542950679,0.881704180492323,0.00641665913295222,0.95782069117116,FALSE
"AC131571.1",0.0228737808709076,0.881704180492323,0.0917882513350546,0.629732808598325,FALSE
"WDR44",-0.0182449075526847,0.88235415434801,-0.0195354003710345,0.895798527195633,FALSE
"PHF6",-0.0418708992488163,0.883012007201897,0.0676086247657685,0.849616402705955,FALSE
"RFX3-AS1",-0.0297683182406177,0.883068630879356,-0.193824899141435,0.257832773637189,FALSE
"CPSF3",0.0314366234127097,0.883144238345138,0.0214345295373512,0.934565166399904,FALSE
"ERCC3",0.0258301852795603,0.883144238345138,0.0865801077041142,0.663214384599129,FALSE
"TRPC3",-0.052059727129505,0.883144238345138,-0.0773769008665313,0.844495517185099,FALSE
"LYSMD4",-0.0517521644541561,0.883144238345138,-0.0407222700727148,0.90621828263564,FALSE
"AC004943.2",-0.0232845008932634,0.883144238345138,0.0608571027324144,0.732227189525607,FALSE
"CNGA1",-0.0745630888646453,0.883446976527757,-0.139200098921647,0.814111134186281,FALSE
"RSU1",-0.0162429502428715,0.883446976527757,-0.0300066862423956,0.863436405586702,FALSE
"PDE9A",0.0263351771383236,0.883446976527757,0.036825581308819,0.868738519310825,FALSE
"UBIAD1",-0.0448878683808749,0.883562735606058,-0.0330222331579728,0.925422248683262,FALSE
"EIF3J-DT",0.0296517493117523,0.883562735606058,0.11064894007235,0.561731652101607,FALSE
"PPIL3",-0.040629952953487,0.883757271308907,-0.0183957060925164,0.949746959344272,FALSE
"ZNF790",0.0226356061521102,0.883952594110842,0.141090923709275,0.353274484251174,FALSE
"AC005884.1",0.034244925655938,0.883978035726784,0.0585025986417575,0.844495517185099,FALSE
"AC011405.1",0.0518474355672958,0.885447653509519,0.213303647464478,0.548935349263318,FALSE
"AC025809.1",-0.0449779958542145,0.885642773609772,-0.0433647914240467,0.900533171643351,FALSE
"TMEM106B",0.0485249396316056,0.885712158037116,0.0658914450322846,0.758491193131808,FALSE
"ZNF510",0.0457028440973794,0.886539866006375,0.0826970147908136,0.790841005512737,FALSE
"NOL8",-0.0279573926204071,0.886845901250095,0.0134836883995366,0.952378332675659,FALSE
"ERN1",-0.0328216215355371,0.88706836922483,-0.0404943740437335,0.868631762419543,FALSE
"TGFBR1",0.0468258318502341,0.88744295583453,-0.147389064264599,0.418249116560088,FALSE
"PSMD6-AS2",0.0390592914926686,0.887822996735657,0.153976361839195,0.564760905590735,FALSE
"MPHOSPH10",0.0337387550485834,0.888120301806697,0.0215956117976108,0.939788484253318,FALSE
"SEPTIN11",-0.0128071514243043,0.888120301806697,-0.0362139848904262,0.800689563261335,FALSE
"SLIRP",-0.0155639883683391,0.888120301806697,0.0514703563229314,0.669196384531498,FALSE
"RAF1",-0.0114971760907208,0.888761653569733,-0.0691720889122999,0.358486825472518,FALSE
"SETD2",0.0097519342760519,0.888761653569733,-0.0216120127281271,0.816778935420772,FALSE
"ZKSCAN5",-0.0353483234513215,0.888761653569733,-0.0092595859232161,0.977954374025947,FALSE
"FAM160A2",0.0348857978593107,0.888761653569733,0.0120603073385863,0.967523584508872,FALSE
"AC100793.3",-0.030225074622435,0.888761653569733,0.0245300653712583,0.924567326107575,FALSE
"MICU2",-0.015492724280148,0.889030514794065,-0.0489452481426845,0.715629663621886,FALSE
"CCNH",-0.0114568215205861,0.889412733655189,-0.00770994578330652,0.956423172958242,FALSE
"RIPK1",0.0157200273776275,0.889678329652262,0.0290904939600039,0.837681647365253,FALSE
"ZC3H8",0.0332462706098749,0.889703709090013,-0.125633238482597,0.500955261343491,FALSE
"RAD51B",0.030818935392811,0.889703709090013,0.353121654915821,0.307635066250142,FALSE
"ZNF213",0.0213964074652237,0.889703709090013,0.0653914599772679,0.692225072970562,FALSE
"SEPTIN4-AS1",0.0330478673695032,0.889703709090013,0.0781167897145382,0.771965674671084,FALSE
"SELENON",-0.0494966963964724,0.890248760156412,-0.0706627085626006,0.784719550279794,FALSE
"SEPSECS",-0.0417110976995993,0.890248760156412,-0.111624567149395,0.645487587427168,FALSE
"ZNF529",0.027489036372503,0.890386083903907,-0.129051532993089,0.437092179106518,FALSE
"THAP4",0.0326361297588852,0.890665072178117,0.0916462078387698,0.696656686960619,FALSE
"TENT2",0.0142833203460299,0.890913059887164,0.0055426519150846,0.959248119723837,FALSE
"SOCS2-AS1",-0.0520101140797254,0.891367309013421,0.101235292427793,0.822534634832648,FALSE
"INIP",0.0453523358788706,0.891445554689902,0.197867919300687,0.506374026416504,FALSE
"PSMB7",-0.0205868265689417,0.891515363098353,-0.0462994843156157,0.78331620254995,FALSE
"ARHGAP15",0.0161901626959415,0.891913840992015,-0.0274575053823931,0.893409517498393,FALSE
"ULK4",0.0304952212807444,0.892071881886452,-0.104276583858219,0.604781905503726,FALSE
"PPP1R21",0.0204876068332154,0.89260094530888,0.0782989133945489,0.639537313543481,FALSE
"TFDP1",-0.0354487494110273,0.892780851990029,-0.0851947119028814,0.782338724517497,FALSE
"TMEM39A",0.0310647120660403,0.893192693299286,-0.0555878902829453,0.773054433988116,FALSE
"TPTE2",-0.0406871662372002,0.893274299018255,-0.0383780072431406,0.910796686419083,FALSE
"RTCB",-0.0293539794167515,0.893274299018255,-0.11955779571522,0.572124956790479,FALSE
"KXD1",0.0432032960137871,0.893837867919072,0.0383258535221422,0.917800577284496,FALSE
"CCT8",-0.0327030635732513,0.89385008784621,-0.00269884189770081,0.992719681828248,FALSE
"MYO9A",0.00964492356684413,0.894256283668833,0.0854463060012682,0.292219952124703,FALSE
"TMEM30A",0.0551628663769013,0.894422446107153,0.00994965037455868,0.96228405017098,FALSE
"AC012636.1",-0.0305980043898665,0.894630597407889,-0.139988058138754,0.699619754468241,FALSE
"PDCD10",-0.0257744593061973,0.894803635850446,-0.157561659676793,0.253174793071018,FALSE
"ETV5",-0.0472029375922144,0.894863283911382,-0.146817185913814,0.564488686075093,FALSE
"PRR3",0.027108189196343,0.894863283911382,0.113176401490629,0.568776391114132,FALSE
"HADHA",-0.0439589777983691,0.89493571441843,0.000388489655977129,0.99835274821995,FALSE
"ZDHHC1",-0.0455792630166247,0.89493571441843,0.054381640946127,0.893387884920104,FALSE
"HAUS2",-0.0388439039746887,0.894967220189663,-0.0209293973018727,0.955428739865864,FALSE
"PPP2R5D",0.0265937546125943,0.895602010623258,0.129313981025829,0.521657491927462,FALSE
"SNAP29",0.0229707339736713,0.895964093795915,0.1073649156562,0.565600677838937,FALSE
"CRHR2",-0.0817055446631188,0.896007487087203,-0.0713916167649554,0.914785340070756,FALSE
"XIAP",-0.0159656019966475,0.896135019236972,-0.0770585330622139,0.454851634836015,FALSE
"GCFC2",0.0188002590768119,0.89615251537773,0.0701234844635212,0.646127068035284,FALSE
"D2HGDH",-0.0224778617526356,0.896521745341903,-0.0448964762032393,0.835827316155873,FALSE
"MTMR6",-0.0301316355188531,0.89659742685604,-0.132829346052467,0.478559511461644,FALSE
"CYSLTR2",0.0288181074210502,0.897703847805097,-0.00192281384180464,0.995743000427329,FALSE
"EYA3",0.0190329579205129,0.897970121179189,-0.0814266814478068,0.514647735140675,FALSE
"ACTR6",-0.026123949147536,0.897970121179189,-0.0136155329555164,0.958174925156666,FALSE
"HLCS",0.0145755713429158,0.900055982275469,-0.00164777286324011,0.992849237249717,FALSE
"PHYHD1",-0.0392918981715957,0.900111700072566,0.154208289761376,0.64461757616098,FALSE
"ZNF814",0.0167166220496309,0.900111700072566,0.0106412572786349,0.952019455328535,FALSE
"NVL",-0.0169066853044253,0.900151128195101,-0.0491411359086797,0.761176657057335,FALSE
"COL4A3",0.0394837213956431,0.900819889286767,0.0767440488947637,0.846791686868223,FALSE
"RDH5",0.0513359245365844,0.900819889286767,0.0270348044818725,0.940446366290721,FALSE
"DERL1",-0.0491305315834537,0.900948683784833,-0.0261233872775375,0.922413329505514,FALSE
"ZNF346",0.0208071923651356,0.901235598056909,0.117954736917426,0.477740040691564,FALSE
"ADARB2",-0.0558740103986656,0.902032836328854,0.0989407356032628,0.873980687956604,FALSE
"ZW10",0.0400808276795042,0.90221290350948,0.0903065565736172,0.762845150262293,FALSE
"SNX5",-0.0433358818539973,0.90221290350948,-0.283966693445611,0.118569448549774,FALSE
"FADS2",0.021990242978743,0.902455691217327,0.0477315027564717,0.818026927305364,FALSE
"ZNF354B",0.0379804792680267,0.903653636489959,0.0743157146172724,0.821012924950723,FALSE
"YIPF1",0.0355298127713325,0.904114354387785,0.204619751285501,0.450630814272838,FALSE
"CTBP1",-0.0242171246165273,0.904114354387785,0.071930647262125,0.723096254983265,FALSE
"DAGLB",-0.0339844744650646,0.90443035045998,0.0196219321914822,0.946822792543309,FALSE
"ABHD13",-0.0326991328474997,0.905505339747237,0.0648501895418841,0.816074379426067,FALSE
"GTF2IRD2B",-0.0187102324647292,0.90558803085209,0.0532308805648614,0.751548150832727,FALSE
"PWWP3A",-0.0212654067810397,0.906101670512373,0.0830286924082341,0.643043745944931,FALSE
"SRSF11",0.0114548312457937,0.906523241320227,-0.0446063328450515,0.657112663010267,FALSE
"CMIP",-0.0398135380158868,0.906523241320227,-0.372532457596915,0.0117405821159936,FALSE
"NFIA",0.0106392531222117,0.906646080083672,-0.0207964902051439,0.840543552221906,FALSE
"AC009505.1",0.0237748293825671,0.906646080083672,0.0523882840389189,0.824891483892527,FALSE
"AC008937.2",-0.0416741242871762,0.906646080083672,-0.0778377650109394,0.833587008541394,FALSE
"GIT2",0.0141203211444894,0.906646080083672,-0.0864695126003477,0.479191034903966,FALSE
"LRP12",-0.0374811855730219,0.907016378621407,-0.117365635762889,0.536215783816692,FALSE
"NEK3",0.0389983016923006,0.907016378621407,0.0506416149960786,0.873313340171433,FALSE
"LPIN3",-0.0333793212904343,0.907140075728876,0.0159103575090725,0.958048644818046,FALSE
"WDFY2",0.0120885171338842,0.907330692448472,0.105783204966196,0.432662730977121,FALSE
"SP3",0.00908960931984853,0.907662316673866,0.0850548334021286,0.29526807216436,FALSE
"CUBN",0.0421314245502702,0.908952957578362,0.0417553851768579,0.916140752858989,FALSE
"MINPP1",0.0348270590986765,0.908952957578362,-0.0161540610999506,0.956782807604525,FALSE
"ZKSCAN8",-0.0332775608263624,0.909187554878888,-0.0501227042247928,0.858255942489842,FALSE
"FAM120AOS",0.0315865744182467,0.909494714657673,0.151309510757119,0.426560850406161,FALSE
"MAD1L1",-0.0182232875940467,0.909838623350106,0.0715170389411012,0.657039229929876,FALSE
"AL050403.2",0.0207176113569867,0.910147360839542,0.0202152473159548,0.935235281999875,FALSE
"WBP2NL",0.0347557173458248,0.910147360839542,0.170151328476085,0.614779073143955,FALSE
"FAM120A",-0.0167159384835234,0.910167952530192,-0.0574319777827854,0.697218116494434,FALSE
"AMN1",-0.0205967322226776,0.910664933983825,0.0433272483364432,0.830545775657999,FALSE
"TECPR2",-0.0143306783424499,0.910664933983825,0.0850813240234482,0.471957217523663,FALSE
"ITSN1",-0.0116120866308356,0.910664933983825,-0.0774627433166359,0.455574946394821,FALSE
"HECTD1",-0.0108600440808685,0.911039692682708,-0.101876013234055,0.285510216300032,FALSE
"SYCP2",0.0344388548369765,0.911039692682708,0.0621969817391956,0.861423398024542,FALSE
"CDRT4",0.0289204310853621,0.911109701790986,0.192686088920051,0.439394833297942,FALSE
"MTMR14",0.0230680292638467,0.911140496757064,0.0838227544290797,0.676402680185844,FALSE
"SMIM19",-0.028568465739803,0.911140496757064,-0.0692685002284072,0.790841005512737,FALSE
"GP1BB",-0.0530987635068993,0.911140496757064,0.0278628515332793,0.953366556803841,FALSE
"CCNT2",-0.0160275142125115,0.911227066657163,-0.167257329491765,0.150618613211696,FALSE
"NDC1",-0.0247260389482792,0.912577457063661,0.0246923317923213,0.921626980545891,FALSE
"CFLAR-AS1",-0.0193216654443058,0.912577457063661,-0.14435147881374,0.326883698802616,FALSE
"AC104162.2",0.0291915306170095,0.912577457063661,0.0382639081553727,0.897138797688218,FALSE
"ZNF254",0.0170379093471409,0.912577457063661,0.0181265798660186,0.924567326107575,FALSE
"AC097662.1",-0.040556245009747,0.912649133390409,0.0630779478104132,0.88641144961227,FALSE
"BCLAF1",0.0118841062037694,0.91298490571951,-0.0324785746049778,0.80212060285587,FALSE
"HRC",-0.0323865198089005,0.91298490571951,0.105719033442192,0.604952526314665,FALSE
"FIRRE",0.0332451575659394,0.91298490571951,0.0984121166315109,0.748554602978174,FALSE
"ZBTB20-AS1",-0.0214674779958685,0.913096956292914,0.0392557202306476,0.860049857955696,FALSE
"ATG4B",-0.0158187295851716,0.91340277346577,0.0156355543282618,0.924595802288712,FALSE
"WDFY3",0.00819680811423477,0.91340277346577,-0.0244330071139163,0.80513557914009,FALSE
"USF2",0.0295124175634711,0.913548408856265,0.0274985259487791,0.923370024302922,FALSE
"CWF19L1",-0.0201884474743711,0.913956733584805,0.050456009874917,0.800689563261335,FALSE
"SLC39A9",-0.0196627272199951,0.913956733584805,0.0352973224782941,0.858255942489842,FALSE
"OGFR",-0.0284524219335343,0.913956733584805,0.0584207267682522,0.834549607833363,FALSE
"BGN",0.0187570976708937,0.914326750897495,0.0608691510868622,0.752188842196807,FALSE
"USP9X",0.0105316875516282,0.914432832639632,-0.0644564374362577,0.446556141447808,FALSE
"HNRNPH1",-0.0144328889045977,0.914524467111663,-0.00550170133581198,0.967655579724773,FALSE
"NUP155",0.0217122458942595,0.914899478181467,0.0777352058799981,0.709700100430938,FALSE
"CWC22",-0.0194741431926459,0.915074937133824,0.025855442089206,0.90621828263564,FALSE
"MADD",-0.0190968522538233,0.915074937133824,-0.044149772775246,0.831692991652049,FALSE
"MBTPS2",-0.0278030534236764,0.91527169855714,0.020516066086367,0.95197094210409,FALSE
"MTMR8",0.0395089882436177,0.91527169855714,0.176074833072893,0.641579818412543,FALSE
"RBM15",0.0339309871918651,0.915488052182126,0.0542572758521695,0.861149902921907,FALSE
"UBA6-AS1",-0.0195322697221588,0.915488052182126,0.000365702696485567,0.999009313243198,FALSE
"SMARCAD1",-0.0205184653939729,0.915488052182126,-0.143139139102974,0.354689071688408,FALSE
"AC008892.1",-0.0292946835686754,0.915488052182126,0.0759296801817127,0.789911060360374,FALSE
"SLU7",0.0377127882695545,0.915488052182126,-0.0311575308454825,0.923883878923368,FALSE
"AKIRIN2",0.0418813022211222,0.915488052182126,-0.116020213468927,0.640267956721828,FALSE
"VCPIP1",0.0320518128526522,0.915488052182126,0.119622305636703,0.545345147590708,FALSE
"WDR5",-0.0271993919101936,0.915488052182126,-0.0974775731687171,0.694684650387924,FALSE
"NSUN6",0.0153426572848792,0.915488052182126,0.0785722194948253,0.673872045577206,FALSE
"AL391839.1",0.0217084645185481,0.915488052182126,0.0268335438097294,0.912772268963329,FALSE
"CCNK",-0.0217526742161314,0.915488052182126,-0.0407208944938509,0.867005455989548,FALSE
"RBM41",0.0192537811045119,0.915488052182126,0.0272393899521086,0.90621828263564,FALSE
"MZF1-AS1",0.0170435307290752,0.915601558597976,0.0294012129169764,0.884324195354445,FALSE
"ANKRD12",0.00809631530242339,0.915659140684572,0.069300506454156,0.424725887548922,FALSE
"ZNF512",-0.0172176145821056,0.916015732350469,0.00891381333975097,0.962805502438857,FALSE
"SUDS3",-0.0227993476061382,0.916015732350469,-0.0118591989705303,0.96313074249125,FALSE
"PHF12",0.0200204688172956,0.916015732350469,0.0854151542089953,0.655771747909679,FALSE
"AK2",0.0399780774816979,0.916115155040229,-0.160273829759754,0.582513645836419,FALSE
"KLHL28",0.0140150528346804,0.916115155040229,0.147736175844128,0.254826910299837,FALSE
"MTUS1",0.017297597990289,0.916231274289284,0.0393943416855399,0.775826178876644,FALSE
"FHL1",-0.0283561039026792,0.916231274289284,0.0409826671190958,0.718043888497524,FALSE
"MIER3",0.0329776240208079,0.917134967119593,0.0593658898541441,0.84228397799775,FALSE
"ZNF708",0.0152273066093579,0.917226414953831,0.027224767769952,0.852903756614947,FALSE
"PKM",-0.0322562185431864,0.917745663253967,0.042224169691991,0.797092836977287,FALSE
"AC006449.3",0.0266923664168601,0.917745663253967,0.0720444536756966,0.773540449056017,FALSE
"AC092839.1",-0.0150752351782559,0.917896211603227,0.00378919341586753,0.98686394620191,FALSE
"LRCH3",0.00881088173868683,0.917896211603227,-0.0272116146669904,0.808528230362987,FALSE
"THUMPD1",0.0498718109457055,0.917896211603227,0.00671365207572472,0.977954374025947,FALSE
"AP002381.2",-0.0291605365740592,0.918402808269469,0.113479925001849,0.687782327095449,FALSE
"PDCD1LG2",0.0312456572440197,0.918579934394326,0.106397127985261,0.745422946778967,FALSE
"SMCHD1",0.0098479546122476,0.918632300561803,-0.0481962485451172,0.621493727839386,FALSE
"IL10RB",0.0172098041389067,0.918632300561803,0.0862547858046745,0.58609184743008,FALSE
"LINC01422",-0.0252873096487836,0.918632300561803,0.0699746842678143,0.809415456432634,FALSE
"KIAA0232",-0.0149747235788269,0.918680901609887,-0.192549065475246,0.0465700150275649,FALSE
"NAA16",0.0181561567483262,0.918680901609887,-0.000949302469531806,0.996813864991498,FALSE
"KYAT1",0.026040707276383,0.919457052935411,-0.0107955567674676,0.973454265274865,FALSE
"RAB1B",0.0368484471364688,0.919457052935411,-0.183287349213525,0.446556141447808,FALSE
"GRAMD1A",-0.0205099059401087,0.919457052935411,0.0918408379211289,0.64614954777083,FALSE
"CHIC1",0.0174585233466354,0.919465267897386,0.101161721716249,0.572494328026344,FALSE
"B3GNTL1",0.0402377640428173,0.919584632021085,0.0202505737519946,0.96569011083877,FALSE
"RBM25",-0.00962402550416408,0.920189468882625,-0.0375640688635873,0.710361698814119,FALSE
"ACIN1",-0.0122660084766939,0.920388006999799,0.00570821212389325,0.971605169207401,FALSE
"TYW3",0.0230871178716007,0.920490773003486,0.0556495557913844,0.836688961912288,FALSE
"COG2",-0.0178293224170677,0.920490773003486,-0.00198572406922138,0.993021301230304,FALSE
"PLD1",0.00867740034528382,0.920490773003486,-0.03158920121857,0.797500836366724,FALSE
"SMC5-AS1",-0.0262879842538358,0.920490773003486,0.0662677108431754,0.818312456259517,FALSE
"ENTPD5",-0.0276538552072779,0.920490773003486,0.0101023533329017,0.975440980616186,FALSE
"POMT2",-0.0241947203445091,0.920490773003486,-0.0355076489437104,0.895157416639379,FALSE
"ACOX1",0.0279984803719702,0.920490773003486,-0.153935533882659,0.379689460712675,FALSE
"CRELD1",0.0298243089548027,0.920604292897726,0.0384667662523418,0.898851683179012,FALSE
"ABCA1",0.0266200333745309,0.920604292897726,-0.00299389449805806,0.994322015781679,FALSE
"AL359094.1",0.0320397859960108,0.920604292897726,-0.00418589929244126,0.991761886904102,FALSE
"MIA2",0.0224685259654406,0.920604292897726,0.0286437400789736,0.845228353324155,FALSE
"AC243964.3",0.0340025274616924,0.920604292897726,-0.0551601063141949,0.832379747523902,FALSE
"BSDC1",0.0126827332101749,0.920744676212072,0.0728525647187713,0.594524377685497,FALSE
"AC010226.1",0.0297211390354398,0.920809552804386,0.0828635812124587,0.771816967589198,FALSE
"CCDC144A",-0.0187979905713675,0.920809552804386,0.016727334780262,0.949301734856145,FALSE
"AC011476.3",0.0231118910072159,0.921014645918413,0.000497188324017404,0.998839238828415,FALSE
"MFSD10",0.0259603306701024,0.921391184181706,-0.0284563676571802,0.923370024302922,FALSE
"AC090617.4",0.0290612856313685,0.921391184181706,0.142388611684067,0.632854893268545,FALSE
"UBL3",-0.0160552257118104,0.921401270966357,-0.0656383236784872,0.691193574321439,FALSE
"AP002026.1",0.0296433549172368,0.921548373735006,0.147067434148159,0.644938471413009,FALSE
"AC006581.2",0.0281094919129616,0.921548373735006,0.20936651107874,0.449026731148385,FALSE
"FNIP1",-0.0175061116761062,0.921748270853095,-0.100677277633378,0.401503581639386,FALSE
"RAD54L2",-0.0162176610032859,0.922414811465895,0.00500993175716424,0.98042435644923,FALSE
"ITPRIP",0.0321087807773494,0.922414811465895,-0.207747522501558,0.320628157765965,FALSE
"AC009154.1",-0.0325626284110165,0.922414811465895,0.0922358736103576,0.805616808501405,FALSE
"CABIN1",0.0142609446682625,0.922414811465895,0.0164715362797196,0.925367397876111,FALSE
"GPR161",-0.0190168675439683,0.922993732990273,0.0195220064084687,0.935733866792791,FALSE
"PID1",-0.0314783043048198,0.922993732990273,0.165070578391171,0.499194779425727,FALSE
"IKZF5",-0.0213380763527661,0.922993732990273,-0.0731874989354218,0.744184758009858,FALSE
"RASSF8",-0.0146239834255269,0.922993732990273,-0.0519990521284115,0.763313044784451,FALSE
"AL356805.1",-0.0334867605383052,0.922993732990273,-0.00159817755461952,0.996885008945202,FALSE
"HSP90AA1",-0.0169835919373612,0.922993732990273,-0.035471471444176,0.794226538467112,FALSE
"NDUFAF5",-0.0199883200108596,0.922993732990273,-0.00852266361007471,0.973675384225439,FALSE
"ZBED5",-0.0168953853472134,0.923273231093778,-0.0180570610204751,0.903530046319287,FALSE
"PTGES3",-0.0106324815057143,0.923273231093778,-0.0273439265286581,0.844409222521667,FALSE
"PLEKHA8",0.0191411741097594,0.923336961268752,0.0571549155822771,0.814095974392119,FALSE
"LINC00910",0.0302972746424386,0.923336961268752,0.164813162839681,0.61181112563747,FALSE
"COL1A1",-0.024330231453803,0.923774561011125,-0.0299028665618576,0.912772268963329,FALSE
"BLZF1",0.0161873076346992,0.924345242602967,0.0692103716145522,0.705815687153815,FALSE
"TFEB",-0.0176586541649126,0.924345242602967,0.0292113487804434,0.895544207315888,FALSE
"ZC3H4",-0.0220029092576805,0.925542120296549,0.030573920372808,0.912783739723649,FALSE
"POLR2A",0.0157787146477833,0.926017852566645,0.0447350972757422,0.81920073803365,FALSE
"TUG1",-0.0152248015200167,0.926017852566645,0.0346651158696392,0.847684392916401,FALSE
"PDE6D",-0.0128611468537614,0.926290611893494,0.0102845591789854,0.955365363048869,FALSE
"IPPK",-0.019059260069254,0.926290611893494,0.0212533992067064,0.92677951456652,FALSE
"PLEKHA1",-0.0329536874281359,0.926313472890517,-0.0008157522567369,0.996511125726851,FALSE
"KDM4A",0.016900945154964,0.926402866948818,0.0988924225360491,0.612803358620853,FALSE
"IGFBP7",-0.00704975520621022,0.92640421396484,-0.104242272233966,0.454808810651587,FALSE
"TOM1L1",-0.0199227686483243,0.926705465779841,-0.00173472263807779,0.994677078470955,FALSE
"TTTY14",-0.0221648339189296,0.926858608583798,0.0798116798727416,0.792088656731253,FALSE
"DIS3L2",0.0101295677735402,0.9271939381426,0.0774253567431449,0.463051525628806,FALSE
"WDR3",-0.0245940257910459,0.927278378726565,-0.127672968291039,0.64614954777083,FALSE
"TRAFD1",0.0199257586678478,0.927278378726565,0.00519830782873104,0.983614891212433,FALSE
"GATAD2B",-0.00965969746968913,0.927313504181445,-0.0319034598038937,0.816985741346328,FALSE
"NTPCR",-0.0272408581600589,0.927313504181445,0.108504960680907,0.669326053587441,FALSE
"MOB4",-0.0154917395928892,0.927313504181445,0.073249798005502,0.643814061733111,FALSE
"THBS4",0.0168345286809923,0.927313504181445,-0.0952185227039435,0.769030773564684,FALSE
"BNIP3L",-0.0143518062228639,0.927551064232061,-0.024713113228326,0.904542187061155,FALSE
"GPRIN3",0.0138860331162615,0.927555681714616,0.0528166657411692,0.816964880087542,FALSE
"FBXO42",0.0088323389139295,0.928213994865069,0.0703313929824967,0.488754755438001,FALSE
"SCAF8",0.00792736866805756,0.928592035690761,-0.00583894174276028,0.957728229959366,FALSE
"NDUFA9",0.0161211911132692,0.928592035690761,0.05143008405347,0.779351758781926,FALSE
"USP30",0.0244554530194477,0.928592035690761,0.000435146772944527,0.999009313243198,FALSE
"SPIRE1",-0.0125388577872141,0.928592035690761,0.0105958205042842,0.949301734856145,FALSE
"AC026765.3",0.0347058059694558,0.929002018615407,0.160815363980334,0.684774582711224,FALSE
"ZC3H12B",-0.0200648478740746,0.929108738965095,0.0691284928177909,0.756455434441482,FALSE
"BORCS5",0.020039165025231,0.929265560007465,0.0717057159564906,0.76446030658481,FALSE
"CAPRIN1",-0.015223805564216,0.929813866677631,-0.0226857463698899,0.903530046319287,FALSE
"SPPL3",0.00831637271504547,0.929813866677631,0.0610413321928438,0.567534497993343,FALSE
"ZCCHC2",0.0185346302086087,0.929859551306588,-0.0191256352475033,0.936875757078553,FALSE
"FAM199X",-0.0212753464466595,0.930030548401003,-0.0113790495337044,0.965695206642563,FALSE
"RPA2",0.0201589800871514,0.930486249250328,0.0361031642779721,0.899624844623634,FALSE
"C1GALT1",0.027012329317843,0.931653350949573,-0.0751405309657568,0.650043319510168,FALSE
"CNDP2",0.019763613863116,0.931719629297072,0.0228636704015879,0.925353398752603,FALSE
"L2HGDH",0.0257223199475778,0.931845290860676,0.0424523928394745,0.892995611395836,FALSE
"MRPL13",0.0318081070115542,0.931955377059155,-0.0126570689341361,0.969817279117911,FALSE
"UBE2G2",-0.0178062000969052,0.931955377059155,-0.0699696743416793,0.610163292413776,FALSE
"GYG1",0.0334101008674288,0.932067264984872,-0.199281861652608,0.338006626472452,FALSE
"AL359706.1",0.0158558898960997,0.932067264984872,0.108652491335661,0.585552510740715,FALSE
"WWC3-AS1",-0.0254276784785405,0.932067264984872,-0.0396127182541354,0.912012722551787,FALSE
"IL17RA",0.0163285797184151,0.932113064097521,0.0432436171939998,0.836702020486751,FALSE
"TGS1",0.0163745062178423,0.932299129516137,-0.045891262694575,0.827151009922454,FALSE
"NUP107",0.0112293720784267,0.93280307995723,0.0689810120946693,0.633825519652553,FALSE
"CASC4",0.00823106526443642,0.932945947939452,0.0827730728368068,0.426058795386133,FALSE
"SETD1A",-0.023217581076959,0.932945947939452,-0.0221300200144461,0.940422577263996,FALSE
"KLF11",-0.0226251722048903,0.933178068885858,0.043907845697743,0.893217363657193,FALSE
"TYW5",-0.0172346867802047,0.933178068885858,0.0878361001471293,0.686785399488192,FALSE
"RNF11",0.0151411332982805,0.933732897486487,-0.0288053173514356,0.878964292936345,FALSE
"VPS72",0.0209139033309674,0.933732897486487,0.152108169225787,0.546601638427967,FALSE
"TDP2",0.0179244458820563,0.933732897486487,0.0741367216058161,0.74247079535155,FALSE
"PPP2R5B",0.0236245916955112,0.933732897486487,0.0105257880099249,0.975165580457907,FALSE
"TRAPPC4",-0.0295302264685638,0.933732897486487,0.0866181250151764,0.821057195422536,FALSE
"CCDC144NL-AS1",0.018453953745959,0.933732897486487,0.0487654541592016,0.841286136767057,FALSE
"SPPL2B",0.0205390848936611,0.933732897486487,0.00757411099983012,0.97845173749384,FALSE
"NDUFAF7",-0.0212769132664408,0.933865519360925,-0.0595943706816103,0.83736238918759,FALSE
"PPP5C",-0.0184337274216174,0.933920884505431,-0.0728037469358899,0.737124848201635,FALSE
"COG8",0.0178489179183445,0.934182438331289,-0.0123904773762902,0.961216838650969,FALSE
"SYT2",-0.023426553477274,0.934600959139689,-0.18368520146688,0.320118404930955,FALSE
"FXN",-0.0196008328889955,0.934666431450865,-0.0656037653378451,0.800687748488424,FALSE
"MGME1",0.0365960132292098,0.935242432688081,0.00352246222286585,0.99118584978388,FALSE
"TMCO3",-0.0136230284824956,0.935713750178768,0.0188398675295009,0.92677951456652,FALSE
"WDTC1",0.0162186314032603,0.936028178248878,0.121544515858053,0.517744293000028,FALSE
"ZBTB26",0.0227313414937876,0.936028178248878,0.143774306597659,0.561569186105003,FALSE
"ACAT1",0.019570040228053,0.936028178248878,0.0489512380859234,0.782646300251924,FALSE
"USP12",0.0103382411931786,0.936028178248878,-0.0243887142067258,0.866561523431792,FALSE
"PCID2",0.0206181165639646,0.936028178248878,-0.0873804913641902,0.610076685826984,FALSE
"AC040934.1",0.0214241276886336,0.936028178248878,0.0715220436516863,0.777335122512296,FALSE
"DENND5A",-0.00712744743484025,0.9361221090804,0.0406990235263072,0.728983090259317,FALSE
"ZBTB41",0.0296430177269865,0.936520532451038,0.0350905778573441,0.890300434245227,FALSE
"DIAPH1",-0.0268030531545996,0.936520532451038,-0.230489463081375,0.198806385388303,FALSE
"DDHD2",-0.0120754681578784,0.936520532451038,0.0063762911714488,0.973755335147556,FALSE
"AC111170.1",0.0202280564369539,0.936520532451038,0.137714686795094,0.608134925437654,FALSE
"MAU2",0.0103741554831264,0.936520532451038,0.00341537463631513,0.983614891212433,FALSE
"USP16",0.0125374864318624,0.936520532451038,0.0791218052867936,0.614152307207345,FALSE
"UQCRH",-0.023317972377288,0.936970218518196,0.044682314592287,0.735525418193876,FALSE
"SCGB2B2",0.018554947561732,0.936970218518196,0.0312448336329517,0.90515854201119,FALSE
"AP000926.2",0.0314285462491662,0.937269939214456,0.162327088679102,0.639062866658698,FALSE
"FER",-0.00609131351465196,0.938162023575585,-0.0157510589956749,0.896939414052312,FALSE
"TIGD7",-0.0242376219011076,0.938188340310942,-0.0217213328554327,0.950201950297807,FALSE
"AL513314.2",0.0221084494551113,0.938237034053599,0.143637133207958,0.597749325194841,FALSE
"MTX3",0.0166105749939742,0.938366516554117,0.109773729196652,0.629732808598325,FALSE
"EEF1AKMT2",0.0108117649801135,0.938366516554117,0.0858573811560899,0.533435974917805,FALSE
"TAFA2",-0.0167748363071256,0.938366516554117,-0.07514300389405,0.789363332060562,FALSE
"NTAN1",-0.0217389443268008,0.938366516554117,-0.00766973414832779,0.982253263237815,FALSE
"BCAR1",0.02049128274761,0.938366516554117,-0.0154335319653861,0.960088847618154,FALSE
"SDHD",-0.012018678348003,0.93852434440409,-0.0570056604620098,0.745894331235939,FALSE
"NPEPL1",0.0222837656080201,0.938764563580778,0.0530595406897368,0.837437966676917,FALSE
"GTF2A1",0.0153273024826362,0.938924383814164,-0.0148130193841522,0.950705662954408,FALSE
"MALT1",0.0238657357956793,0.939170606727628,-0.102791520333042,0.586701346932949,FALSE
"CYTH2",0.0200154848327018,0.94002324550716,-0.0235233669329804,0.939788484253318,FALSE
"ERCC8",-0.0153113849104489,0.940966262135644,-0.0581699481976918,0.780251227816616,FALSE
"ATP11B",-0.00967011116760798,0.94099870355613,-0.0676730540708127,0.597677275156479,FALSE
"MAST2",-0.0177311641703307,0.941798951714477,-0.0954563501540514,0.439543447274236,FALSE
"RIT1",-0.0234027140326581,0.941798951714477,0.0208617949176062,0.945575934832059,FALSE
"CDC73",0.00956633237526206,0.941798951714477,-0.0382649100732033,0.778534324147181,FALSE
"LINC00862",-0.0299794402901212,0.941798951714477,0.0106338699924663,0.983546267523289,FALSE
"EML4",0.0068969603292388,0.941798951714477,0.0755931469005917,0.536587289550257,FALSE
"AFTPH",-0.00847247115044961,0.941798951714477,-0.0380459726170495,0.774088908795062,FALSE
"UNC50",-0.0217833875979605,0.941798951714477,-0.123780406946423,0.557104586894929,FALSE
"HEXB",-0.0130379676030623,0.941798951714477,0.0409287979418429,0.833587008541394,FALSE
"POLK",-0.00764458420407316,0.941798951714477,0.00374375225045172,0.976640254788297,FALSE
"AC010261.2",0.0172539056790548,0.941798951714477,-0.0387278482674962,0.875663012977531,FALSE
"ZNF451",-0.00899236608971551,0.941798951714477,-0.127695318058247,0.189264826619662,FALSE
"LINC02476",0.0335993263711342,0.941798951714477,-0.184531403248546,0.763148061647563,FALSE
"MMRN2",-0.0307699668018237,0.941798951714477,0.104469818248862,0.713482392682979,FALSE
"DHRS7",0.0187895382739445,0.941798951714477,-0.0581757825106832,0.829191590861745,FALSE
"CORO2B",-0.0270835622392523,0.941798951714477,-0.146837901404006,0.661559749053151,FALSE
"MFSD12",0.0230361043760424,0.941798951714477,-0.0671833155344125,0.837675744066746,FALSE
"ZNF439",-0.017761084548354,0.941798951714477,-0.0185979204509879,0.949199776396053,FALSE
"SSBP4",0.0136463064991692,0.941798951714477,-0.0225742922053227,0.918660584908758,FALSE
"LINC00894",0.0107106771295297,0.941798951714477,0.0691022246043232,0.642697627863226,FALSE
"TNFAIP8L1",-0.0178840117626048,0.941925716611325,0.0744787989251676,0.775428562372981,FALSE
"SCMH1",-0.00554023764868546,0.942592913904225,0.00915833583438732,0.936104996478036,FALSE
"BRD3",-0.0138230914114999,0.942592913904225,0.0478797596319067,0.814736325163665,FALSE
"ZNF821",0.0200227214835634,0.942823527263726,0.0639982639765019,0.849209974268063,FALSE
"LBR",-0.012750117985605,0.942926788325102,0.0531454058783803,0.774512248807931,FALSE
"INTS7",0.0149216032648064,0.943366372778492,0.0655794204255622,0.783024052939277,FALSE
"SEC14L1",-0.0213816633583404,0.943366372778492,-0.010687172541555,0.950345725707985,FALSE
"BCL2",0.018331430884749,0.943415828623655,-0.147258945118025,0.535501450271183,FALSE
"AL731769.2",-0.0191507655649427,0.943535434352588,0.00891798283233216,0.979851575539535,FALSE
"ITPRID2",-0.0203828896052874,0.943726484692138,-0.116507125859333,0.459233060170838,FALSE
"AC005753.2",0.0221303614271997,0.943726484692138,0.0138846348639706,0.971223244792593,FALSE
"MED12",0.0258946896889772,0.943726484692138,0.130342188111964,0.754370449417901,FALSE
"LPGAT1",-0.0103890928766846,0.943752442917998,-0.123035266570691,0.412794455682518,FALSE
"TGIF2",0.0166098583639104,0.943960003853427,0.0396688721987486,0.880553322433643,FALSE
"SUCO",-0.00912080599791837,0.944291162896662,-0.00129878181668676,0.994019454417068,FALSE
"SUSD1",0.013581090911357,0.944606625504085,-0.00282213829500223,0.991761886904102,FALSE
"MAP4K3",-0.00728096021883091,0.944614933201348,0.0163335658089739,0.861423941393033,FALSE
"FPGT",0.0118749105874169,0.944752998735944,0.0478014335746066,0.829191590861745,FALSE
"AC010976.1",0.00988484010568684,0.944752998735944,0.103286581565136,0.488282374112919,FALSE
"METTL14",-0.0123279383306707,0.944752998735944,0.0519013040040769,0.810294035574002,FALSE
"HGSNAT",0.00802188453143455,0.944752998735944,0.0418525747327981,0.778521810206107,FALSE
"C9orf147",0.0142170407549456,0.944752998735944,-0.106516116371296,0.516538603516319,FALSE
"BEND7",0.0133109275293013,0.944752998735944,0.114482411212284,0.590008944393799,FALSE
"PRPF40B",-0.00769043586972401,0.944752998735944,0.0746663518853939,0.564488686075093,FALSE
"TTC7B",-0.00753201035688701,0.944752998735944,0.063302637103088,0.614779073143955,FALSE
"A1BG-AS1",-0.0158304600731333,0.944752998735944,0.0577468719728007,0.814736325163665,FALSE
"HPS4",0.0183541194385293,0.944752998735944,-0.0191212623022781,0.94822318108797,FALSE
"ENG",-0.0315060421258577,0.945166979984352,0.0117475110550584,0.949690159237034,FALSE
"LAS1L",0.0159738686688183,0.945183374913752,0.00639641906089577,0.982720381483689,FALSE
"PHF10",-0.0175725643973152,0.946013816305772,-0.0109511753907829,0.958825781078047,FALSE
"AC024267.4",0.0190745455898389,0.946013816305772,-0.0457162820805112,0.893515767937632,FALSE
"MRPL1",-0.0105482666896817,0.946034409586306,0.100176712759986,0.55872054665943,FALSE
"PEX1",-0.0128103207287744,0.946139208127934,-0.0958676675292256,0.626484435599573,FALSE
"ZZEF1",0.00693379405287257,0.946235850015057,0.017084991165998,0.906574461060916,FALSE
"HIC2",0.0162274953556303,0.946640929356646,0.0341860012557057,0.916140752858989,FALSE
"ARAP3",0.017351634474645,0.947278206811944,-0.033662228112497,0.900287469049507,FALSE
"VPS54",-0.0069437454968707,0.947691415510571,0.0324008171742107,0.792419072858471,FALSE
"PPP2R3C",-0.00905670850511171,0.947691415510571,-0.0211901607228523,0.906606430630097,FALSE
"BABAM1",0.0164638268218276,0.947691415510571,-0.0163731578104953,0.95246061424239,FALSE
"STXBP3",0.010161287991446,0.94782129988218,-0.0365392011254293,0.816393104145104,FALSE
"GPR173",0.011318734763818,0.947851152924562,-0.0323794730862162,0.885088407312927,FALSE
"ATP8B2",-0.0114553566375389,0.948286056202585,0.00574574532266912,0.980926334271636,FALSE
"BCKDHB",-0.0150245698521542,0.948286056202585,0.0319152968101523,0.846911504334062,FALSE
"STX17",0.00755727542678582,0.948286056202585,0.028946001744802,0.825056417651727,FALSE
"PSMD13",-0.0218536148863829,0.948286056202585,-0.0664132706638168,0.799095238811019,FALSE
"ATF7",-0.00555300143398528,0.948286056202585,0.0365964541804428,0.746895745361427,FALSE
"ZC3H14",-0.00908764742264071,0.948286056202585,0.0185394941745472,0.906606430630097,FALSE
"CD40",-0.0153598458357354,0.948286056202585,0.0586080522395163,0.832089973483782,FALSE
"NBDY",-0.00968666999993507,0.948286056202585,0.021093555335452,0.915213768101315,FALSE
"TXNDC15",-0.0118725871721301,0.948527343702993,-0.0342100718933574,0.877370564854583,FALSE
"ZNF740",-0.0175340711268054,0.949287233193241,-0.0232309343922043,0.943168863395654,FALSE
"GAS8",-0.015461309016994,0.949287233193241,-0.00561650198113389,0.985265173921124,FALSE
"ZSWIM9",-0.0177911019045592,0.949287233193241,0.0576898766228939,0.853540483544819,FALSE
"FUBP3",-0.00807913105516059,0.95009613133416,-0.022932817484778,0.898538481135279,FALSE
"ANXA6",-0.0092587148843028,0.950401361311935,0.0221162555648524,0.916087872275576,FALSE
"HULC",-0.0123425379566165,0.950401361311935,-0.00605132030577526,0.982381418696024,FALSE
"TMTC3",0.0113775010470043,0.950401361311935,0.0910289564945028,0.663191418678151,FALSE
"ARHGEF11",0.00737193545855489,0.951195687311993,0.086245503904674,0.528125407226305,FALSE
"TANC1",0.0132997242885643,0.95124902418282,-0.126025676382009,0.36717615808709,FALSE
"CCDC91",-0.00662307845438481,0.95124902418282,-0.0186367135370978,0.883180555545784,FALSE
"RNF6",-0.0180667004696565,0.95124902418282,-0.0395928705315856,0.899144110645404,FALSE
"RRP1B",-0.012774030882409,0.95124902418282,0.0168942847268882,0.944215181670034,FALSE
"TM6SF1",0.0258730879544936,0.951624945014787,-0.213834423092775,0.452839460323625,FALSE
"KAT14",0.0189616043822036,0.951839635086003,0.00138264343723878,0.997230142290661,FALSE
"CFAP298",0.0149264464435745,0.951839635086003,0.106600250999996,0.673872045577206,FALSE
"MIPEP",-0.0140384442397794,0.952119647453772,-0.0918371156671497,0.61888321037773,FALSE
"ASB3",-0.00476890947994313,0.95239470879301,0.0277054594132476,0.791282421852062,FALSE
"RSPRY1",-0.0115745501333198,0.95239470879301,0.0204840062681286,0.934565166399904,FALSE
"UCHL5",0.022221217897706,0.952726602680997,-0.0538105601857423,0.797160164928271,FALSE
"NUCKS1",-0.00617772772257115,0.952726602680997,0.00803089692328629,0.946525570654658,FALSE
"TMEM220",-0.00892015956650521,0.953235063324858,0.133453298428078,0.310977627069669,FALSE
"GGA3",0.0109888691857575,0.953316959273376,-0.0364319929929333,0.87732859023847,FALSE
"RALGAPB",-0.0065714829949661,0.953316959273376,-0.0510053740178673,0.656386348416772,FALSE
"STX2",0.0104962718587313,0.953558277511334,0.10548998641525,0.607631405384534,FALSE
"SACM1L",0.00995186165097809,0.95384313109859,-0.0144529422272251,0.939788484253318,FALSE
"MIA3",-0.00846967756839502,0.954033329128832,0.0987035016108648,0.495549783560245,FALSE
"AP001442.1",0.0170716994581515,0.954282052415107,-0.0195697490043225,0.958702796226993,FALSE
"TAF1B",0.0109020095708003,0.95439926290485,0.0413224945023629,0.852546065810022,FALSE
"STK25",0.0102364881328577,0.95439926290485,0.0437661422774051,0.816964880087542,FALSE
"ITIH4",-0.0222738318504423,0.95439926290485,0.0488207678830944,0.917800577284496,FALSE
"SLMAP",-0.00698346594753151,0.95439926290485,-0.0501616702132612,0.606208155129299,FALSE
"SHQ1",-0.0103820438985623,0.95439926290485,0.145119595503364,0.413650366213719,FALSE
"LYPLA1",0.01450005750685,0.95439926290485,-0.133443257092516,0.391151604698944,FALSE
"TERF1",-0.0104382249038032,0.95439926290485,0.0570547856191385,0.782646300251924,FALSE
"ASB7",0.0125288962616334,0.95439926290485,-0.00575280223903739,0.983614891212433,FALSE
"C16orf58",0.0119670476026452,0.95439926290485,0.0627836202307757,0.785968933181901,FALSE
"HEATR3",0.0146935932492898,0.95439926290485,-0.151712909103707,0.574292789671237,FALSE
"KIAA0753",-0.011399306400139,0.95439926290485,-0.0287904964575465,0.904517369084452,FALSE
"MIR29B2CHG",0.0069113388092664,0.954598916759702,-0.0765369723465415,0.630859971891342,FALSE
"GNAI3",0.00861622329815885,0.954784071504292,-0.0532118081519294,0.731642649078805,FALSE
"YWHAB",-0.0100279291912981,0.95551630706244,0.00432944975747845,0.977954374025947,FALSE
"TBX3",-0.0116066765341688,0.956043814694704,-0.0283407110280434,0.912772268963329,FALSE
"RFX1",0.0131930363754958,0.956043814694704,0.0611934411695886,0.823285640716739,FALSE
"PCMT1",-0.00751817616353451,0.956071638071052,0.0249227524127379,0.881881438103682,FALSE
"ANAPC5",-0.00654414555784453,0.956649912388804,0.0097454003949574,0.950201950297807,FALSE
"WDR47",-0.0102856141721255,0.956651241106274,0.0203481342565347,0.934730304990478,FALSE
"ANAPC10",0.00822951925372378,0.9570075868041,-0.0559801030789625,0.696478082337363,FALSE
"DAZAP2",-0.015999542994875,0.957415768166939,0.0346635554785113,0.860049390887128,FALSE
"API5",-0.00892144824300185,0.957749853633188,0.00935679628122545,0.963340696615847,FALSE
"MBD6",0.010564287379848,0.958961982866862,0.0290623827757974,0.897698176491521,FALSE
"TSN",0.0213297584891791,0.959163161528682,0.00401257240169446,0.988541276810437,FALSE
"HDDC2",0.0144450720894805,0.959247892583834,-0.0277692142630805,0.914694056541562,FALSE
"AL450384.2",-0.00773650131478765,0.959932314656708,0.0822666008922116,0.62285336081333,FALSE
"CCNYL1",-0.0117950655464728,0.959983773990045,-0.0343046946251268,0.907015925487941,FALSE
"PFKFB3",0.00884256896902649,0.960585457158393,0.0110131707111153,0.960059977739942,FALSE
"PAPOLG",0.0103322029093987,0.960601464732165,0.0369382577301972,0.875889609981912,FALSE
"AC022893.1",-0.0133435887462651,0.960601464732165,0.0921784276366137,0.754188885309171,FALSE
"ZHX1",0.0081746350568344,0.960821451393972,0.0577873331636664,0.754188885309171,FALSE
"H3F3A",0.013733276763936,0.961247211396506,-0.0753810583642584,0.817545563353013,FALSE
"KIN",-0.0117317715543099,0.961387135704732,-0.00561407234151421,0.985265173921124,FALSE
"DHX40",0.0107899159012045,0.961387135704732,-0.031802736503159,0.905588249683253,FALSE
"CUL9",0.0120180205023854,0.961649229814475,-0.00920033456062675,0.973675384225439,FALSE
"SMAD2",-0.00615358141305096,0.961649229814475,-0.114402646104284,0.273823545488505,FALSE
"AGPAT3",-0.00508068081487704,0.961786697598601,-0.0268896734942059,0.845615284783265,FALSE
"SZT2",-0.00647258857878794,0.961945744738043,0.0201818272994584,0.899144110645404,FALSE
"EPRS",-0.00856548174530398,0.962007073598358,-0.0372977905679697,0.846759240071965,FALSE
"ZNF136",-0.0121055908661151,0.962007073598358,-0.00498928503483078,0.987160923783445,FALSE
"RELL1",-0.007108889911843,0.963558494639183,-0.0022120944584143,0.991776685459879,FALSE
"MTHFSD",0.0156221953997656,0.963558494639183,0.206382723842458,0.517012524337087,FALSE
"LIMD1-AS1",0.013410514196344,0.9639136189941,0.0584051978864404,0.865308961038696,FALSE
"ZNF507",-0.0073214766227314,0.9639136189941,-0.0217755701505631,0.915041755106128,FALSE
"SFT2D2",0.0154635561871129,0.964647276685531,-0.120425467710647,0.579289959029036,FALSE
"KTN1-AS1",-0.0135287905513345,0.964647276685531,0.102785550246674,0.75851591441156,FALSE
"APPBP2",-0.00401814266931784,0.964647276685531,0.0535002042742415,0.633835466917875,FALSE
"UTP23",0.0153094005660599,0.964762398864073,-0.0132182517894919,0.97158509439059,FALSE
"METTL22",0.0116099961320435,0.965249484371113,0.0773114812150359,0.787439043851971,FALSE
"RSF1",-0.0040566828358784,0.965359604009639,-0.0308890011214962,0.777837517223238,FALSE
"DDX56",-0.00957815321669366,0.965841765856322,0.0149438176608232,0.955428739865864,FALSE
"ZFX",0.00526059506578651,0.966528254891619,-0.00543660252574886,0.970163053007353,FALSE
"R3HDM1",-0.004099818243636,0.966592303323357,-0.00431031753543824,0.976073671594685,FALSE
"RASSF4",-0.00782427858762296,0.96681141043718,-0.178631357079477,0.210667620227185,FALSE
"KRAS",-0.0117297986020928,0.96681141043718,-0.119165245051366,0.597860380637939,FALSE
"KCTD15",-0.0112483073591729,0.96681141043718,0.00941238959956412,0.976685720725881,FALSE
"SPHK2",0.0112057811128947,0.96681141043718,0.0404333532558667,0.886932308045073,FALSE
"ZGPAT",-0.0112364231705578,0.96681141043718,-0.0572124699334915,0.843072492629268,FALSE
"PRR14L",0.00418459664769438,0.96681141043718,0.0424015916159016,0.724209334151783,FALSE
"ORC3",0.00526958929566622,0.966886795190677,0.092697476847028,0.451829302434652,FALSE
"LAMTOR4",-0.0130306562166733,0.966886795190677,0.0356556746052683,0.8870871504853,FALSE
"SIAE",0.0108406706875741,0.968118944731645,0.118423318443895,0.643511870426309,FALSE
"BCAT2",0.00913437894236968,0.968118944731645,0.0672665174100477,0.783150971824661,FALSE
"BAZ2B",-0.00359340490881877,0.968285995092881,0.024695998741934,0.821206195244783,FALSE
"CRAMP1",-0.00562745760745972,0.968285995092881,0.0697448196068937,0.646037402465225,FALSE
"ZNF430",0.00791477201448802,0.968285995092881,0.0199073546791568,0.936816974140361,FALSE
"LINC00662",-0.00575906084260342,0.968285995092881,-0.0120629606490962,0.94531055387442,FALSE
"CACNB4",0.0143157694585464,0.96841739011312,-0.039171188259281,0.910133873966808,FALSE
"VEZT",-0.00507462765580712,0.968633237039003,-0.0276722292512866,0.837675744066746,FALSE
"CSNK1G1",0.00443459500232675,0.968946413955167,0.0224978255438758,0.875889609981912,FALSE
"DHX30",-0.00556238376353568,0.968988947311253,0.0342151339386798,0.836469075208837,FALSE
"KRIT1",-0.00463848841649211,0.968988947311253,-0.0177488754973218,0.907288590646663,FALSE
"R3HCC1L",-0.00668683977508331,0.968988947311253,-0.10425559832799,0.480532268440751,FALSE
"MLYCD",0.015230785994392,0.968988947311253,-0.101306925413446,0.620848070477227,FALSE
"FAM53C",-0.0103409560821024,0.969235121832837,0.0386319637185506,0.890113751984115,FALSE
"DIP2B",-0.00530646418346096,0.969235121832837,-0.109267074530417,0.261120174078186,FALSE
"MICAL1",0.0148438420442647,0.969392940274229,0.0376572607446982,0.93585132778899,FALSE
"TMEM38A",-0.0134847689616556,0.96980207799423,0.0102763289668053,0.977954374025947,FALSE
"SPPL2A",0.00545202073270976,0.97089808279283,-0.0631155574780233,0.584652628407112,FALSE
"FAM104A",-0.00828027441429603,0.97089808279283,-0.0121943575593158,0.964972844384809,FALSE
"LRRC7",-0.0141781253722388,0.970898856012089,-0.0839360954418514,0.78288728166783,FALSE
"DUOX1",0.00702115496797996,0.970898856012089,-0.019400175046313,0.93623145785233,FALSE
"XRCC1",-0.0104150962067475,0.970914657022525,0.0311780983190246,0.931492033445983,FALSE
"AC002463.1",-0.00443970780000115,0.97101357760669,-0.0151861344244765,0.92633051030369,FALSE
"UBE2D3-AS1",0.0108290888194807,0.971518032117121,0.0660130389286683,0.848076363465619,FALSE
"KLHL2",-0.00918944965349278,0.971518032117121,-0.242284502372622,0.135351238606736,FALSE
"OSBPL8",0.00503929917627862,0.971518032117121,-0.0567273223560976,0.649071612552571,FALSE
"RIPOR1",-0.00690159448163588,0.971518032117121,0.0143707917733041,0.942026323796448,FALSE
"TMUB2",0.00860279426346302,0.971518032117121,-0.0796404367374089,0.692225072970562,FALSE
"MAX",0.00430642214419678,0.972665666072839,0.0179189268506478,0.90983006133666,FALSE
"AKTIP",0.00938557307626551,0.972795472991647,0.0436029003741595,0.888598125003876,FALSE
"WDR13",0.00721312564284018,0.97293931236996,-0.0739883132816319,0.723096254983265,FALSE
"FBXL19",0.00806056189390016,0.973481795823109,-0.0209160840378058,0.938611500933428,FALSE
"LINC01568",-0.0118838720589194,0.973522067455242,0.105658911644434,0.800687748488424,FALSE
"EP300",-0.00325531266251302,0.973522067455242,0.0599468123035744,0.622227717800695,FALSE
"AC009501.3",-0.0093112060885566,0.973958189687896,-0.00430775716378993,0.991120036712199,FALSE
"CASP8AP2",-0.00598630503292791,0.973958189687896,0.005691324004127,0.980399888485735,FALSE
"NLGN2",0.00813148666710193,0.974114076011099,0.0498437592145101,0.857380022654279,FALSE
"HDHD2",0.00511336023508619,0.974691292030697,0.0281233050706678,0.885088407312927,FALSE
"AC068587.4",-0.00565934440323992,0.974865076560898,0.142713271948774,0.525157396615151,FALSE
"MLX",0.0115250147974759,0.975447299027152,-0.00194319343187989,0.99597250081397,FALSE
"WASHC2C",0.0079923647941096,0.975639539632028,0.00518771018873018,0.987276311723183,FALSE
"FAAP20",-0.00715657719325264,0.975835713189818,0.0766989476143397,0.771965674671084,FALSE
"CDC42BPB",0.00324296514866283,0.975835713189818,0.0204621380711538,0.886383800890179,FALSE
"FSIP2-AS1",0.00948717914291713,0.97594785648142,0.0224744952343803,0.943896456212787,FALSE
"STARD3NL",-0.00861892006975304,0.97594785648142,-0.130219309102276,0.660196876318233,FALSE
"ATP2A2",0.00495353143478164,0.97594785648142,-0.0550543849020052,0.548980261612227,FALSE
"CARS2",0.00381311668122891,0.976099714330028,0.0203933064949854,0.897025195434337,FALSE
"DTX2",0.00557688479667323,0.976177181593522,0.00126626848421304,0.996037171920516,FALSE
"ACP1",-0.0105304453779214,0.976239283463576,0.0394649928277188,0.885794476313446,FALSE
"PLEKHB2",-0.0100604126862683,0.976499473869575,-0.180272773217525,0.420210078351694,FALSE
"TMEM41A",-0.0097274601065801,0.976499473869575,-0.164498841946011,0.541422965447565,FALSE
"MMS22L",-0.00633274304662749,0.976503634179993,-0.0588415044771917,0.825056417651727,FALSE
"RIPK2",-0.00974076809376265,0.976503634179993,-0.0746649903211477,0.83405910700371,FALSE
"AF127577.2",-0.00801909781312588,0.976503634179993,0.0178737698560994,0.956667882516327,FALSE
"RRBP1",0.00532390836812632,0.976599916612786,-0.0463928857872001,0.830497196901819,FALSE
"AC007533.1",-0.010632566305947,0.976643195135047,0.135133806950436,0.722727915936488,FALSE
"MARCH6",-0.00315432717921966,0.977342245462951,-0.0391516111265999,0.72027469988848,FALSE
"ZSCAN16-AS1",0.00558035324069973,0.977342245462951,0.0300689771155976,0.904101968156162,FALSE
"FLG-AS1",0.00702472917950627,0.978001020282732,0.0891032950094804,0.76926182736437,FALSE
"MED28",0.00648177031220743,0.978001020282732,0.103068033604527,0.655771747909679,FALSE
"AC096711.2",-0.00553419635246287,0.978001020282732,-0.0636095466932905,0.704240381254095,FALSE
"SLC36A1",-0.0100749647236573,0.978001020282732,-0.20786911727526,0.47227974977816,FALSE
"TBC1D9B",0.00439933411466926,0.978001020282732,0.00134587030828711,0.995176094953754,FALSE
"PTER",-0.00469914261547525,0.978001020282732,0.104073607251365,0.541241596662499,FALSE
"SCYL1",0.00502427213379185,0.978001020282732,-0.0268123571531088,0.90621828263564,FALSE
"PPID",-0.00695422103741635,0.978056265610121,0.045808236018196,0.858255942489842,FALSE
"EPS15",0.00323433965111747,0.978334043925226,-0.0723008203952047,0.483730546061428,FALSE
"ZNF746",-0.00631496679040951,0.978334043925226,-0.0234563760558343,0.927072753175404,FALSE
"ZNF25",0.00508528328390995,0.978743447532873,0.0776759843620504,0.674006224381154,FALSE
"MMP24OS",0.00306818704704309,0.978743447532873,0.0463660977105291,0.748202408112226,FALSE
"CGGBP1",-0.0023975300410136,0.979086541488572,0.0409151474344176,0.734468711132696,FALSE
"MKRN2",0.00675220323870381,0.979160122714759,0.0161278164915086,0.952079992461138,FALSE
"WIPF2",0.00289178141348965,0.979160122714759,0.0835677740069661,0.507388932112006,FALSE
"PLOD3",0.00486554390621865,0.979184263072599,0.00742493187243723,0.976640254788297,FALSE
"METAP2",0.00326622122381703,0.979537770727313,0.00383897005083917,0.980926334271636,FALSE
"KDM7A",0.00837699960279562,0.979588618114415,-0.121773290757943,0.450242696462441,FALSE
"USP1",0.0060345054505357,0.979601846184719,0.025254518614869,0.928576703977525,FALSE
"MECR",-0.00493035673608155,0.980363414443574,0.115261289796297,0.62285336081333,FALSE
"IK",-0.00603236733441892,0.980723789559405,0.159465249962141,0.565600677838937,FALSE
"FMO5",0.00628521119113932,0.980820574511189,-0.0244684387371426,0.939788484253318,FALSE
"SP2",0.00421122749386505,0.981063204040158,0.0917003269902623,0.630859971891342,FALSE
"FAM76B",-0.00515390289572874,0.981645662548501,-0.00310713506548027,0.991120036712199,FALSE
"KLHL12",0.00596825568763425,0.981789310023212,-0.035495293475358,0.8950606271135,FALSE
"AL138828.1",-0.0026156080113829,0.981789310023212,-0.0965097687638351,0.634480651983887,FALSE
"RNASEH2B",0.00479940354413552,0.981789310023212,-0.112306317908172,0.63666686991311,FALSE
"TUBGCP5",0.00379999755714372,0.981789310023212,0.0179851195629945,0.935977024649785,FALSE
"VPS41",-0.00319798973518332,0.982128060552991,-0.133538913068131,0.301185654557525,FALSE
"EDEM2",-0.00409533005661786,0.982473860419372,-0.022546765560554,0.924595802288712,FALSE
"USP47",-0.0013808916836649,0.98250651692269,-0.0010854591507915,0.991120036712199,FALSE
"FOXRED1",0.0050157391745861,0.982773505390651,0.013228419773459,0.962109418103182,FALSE
"STRADA",-0.00303155819727233,0.982773505390651,0.025265313240239,0.885247656795931,FALSE
"INTS3",-0.00303899245823923,0.982814017814495,0.0383362346447676,0.825543718233524,FALSE
"LCAT",-0.00427478488714421,0.982814017814495,0.0944308225794429,0.673704941628723,FALSE
"TUBG2",-0.00495509847417253,0.982814017814495,0.102836958329943,0.693361923252394,FALSE
"PTPN14",0.00447405973302671,0.983035618850145,-0.0506036301417514,0.76926182736437,FALSE
"SMAD5",-0.00240628799279013,0.983166327050384,-0.0158971616387789,0.912783739723649,FALSE
"ZNF43",0.00294545256087379,0.983166327050384,-0.0631095029160079,0.697522892128016,FALSE
"ZCCHC4",-0.00461505859420019,0.983523880290831,-0.0107325853102198,0.969911001529583,FALSE
"AC009951.5",-0.0071109548665933,0.983613878970893,0.0547114965010307,0.904439675008922,FALSE
"TOPORS",-0.00406023200134733,0.984707800860266,-0.0707066539780554,0.742048913774959,FALSE
"AL132780.1",-0.00572906395899101,0.984725708056797,0.129053794336771,0.705648262810713,FALSE
"NPRL3",0.00277497785238039,0.984899245671238,0.145395452583668,0.382971412721896,FALSE
"DNAJC21",0.00334740702625007,0.985051558687968,-0.0167175766958409,0.93623145785233,FALSE
"PRDX4",-0.00533621148298095,0.985051558687968,0.180532452538564,0.49429001337548,FALSE
"PRPF38A",-0.00379206623671599,0.986072517811633,-0.0213816619254642,0.93375380664661,FALSE
"MTSS1",-0.00450862857013892,0.986072517811633,-0.128679713760011,0.485791702073775,FALSE
"FAM120B",0.00157372383146219,0.986485143779545,0.0107377223132319,0.938611500933428,FALSE
"LINC00863",-0.00396016625380866,0.986642986845513,0.114167944126533,0.639115159421851,FALSE
"CLHC1",0.00487336499261367,0.987056221604598,-0.047654572862408,0.903530046319287,FALSE
"ZNF131",-0.00154371630454489,0.987056221604598,-0.0230914478908376,0.851075870975052,FALSE
"IDE",-0.00278524984998559,0.987147987033746,-0.0280852871566931,0.893372414477449,FALSE
"EXOG",-0.00592463405043972,0.987323259907984,0.00110127986961801,0.99582278551643,FALSE
"SIRT1",-0.0027742632166307,0.988592004706056,0.0455731874112639,0.845615284783265,FALSE
"GTF2H3",0.00323799509548261,0.988671590570215,0.0674691680941026,0.777745174485381,FALSE
"GPR107",0.00153420029593372,0.989133948610814,0.0468544481983478,0.737708499029585,FALSE
"AGMO",-0.00265377158603482,0.989540910608217,0.0699299186036865,0.809482476490182,FALSE
"EPN1",-0.0032566112513389,0.989666701072535,0.0510673377890339,0.83817119180158,FALSE
"ZBTB5",-0.00285935677142982,0.989934463277594,0.022095674825385,0.934565166399904,FALSE
"GNA15",0.00332760683602521,0.990067805326302,-0.0468425731114825,0.87847783915833,FALSE
"C9orf78",-0.0035467630934638,0.990167341514277,0.126010206904267,0.659527499966452,FALSE
"AC003681.1",-0.00374264922874377,0.990239732116131,0.0525578087867818,0.897883580654141,FALSE
"KDSR",-0.00365336635981741,0.99081232998314,0.111313004978294,0.595511757560773,FALSE
"CEP135",0.00264752267031218,0.991210586142666,-0.0454548294193854,0.874501312664759,FALSE
"AC245452.1",-0.00324762819210387,0.99146814190408,0.05126388767031,0.886932308045073,FALSE
"INPP5K",0.00229257403734682,0.991528550337198,0.00706889151473727,0.97845173749384,FALSE
"PPIP5K1",-0.00234439596822975,0.991890966282881,0.069024362759835,0.801560373644122,FALSE
"C1orf52",-0.0022237621147723,0.992235803956227,-0.156782145529157,0.367102045397793,FALSE
"AC016644.1",-0.00319880569719266,0.992235803956227,0.0600617646000835,0.887759495769754,FALSE
"SPDYE3",-0.00183754535029344,0.992235803956227,0.0844484891111582,0.697398311033963,FALSE
"POLE2",0.00214270415144483,0.992235803956227,0.104069708252055,0.680369135408126,FALSE
"UTY",-0.00215080119998685,0.992235803956227,-0.0866424227645834,0.73737210042675,FALSE
"ANKRD36C",-0.00164814836814492,0.992486829931909,-0.000282012802636839,0.999134948487501,FALSE
"PCGF6",-0.00206895664058842,0.992486829931909,0.07018426772822,0.783387612565192,FALSE
"AL133227.1",-0.00242891658233484,0.992486829931909,0.143668568274515,0.597860380637939,FALSE
"ATP11C",-0.0012824416954715,0.992535936263356,0.064372603674736,0.712592554606607,FALSE
"ZBTB8A",-0.00140556268678432,0.992555214495636,-0.0152905537730301,0.941393335722667,FALSE
"UNC45A",0.00213829029078741,0.992555214495636,0.068961240101651,0.807339410936349,FALSE
"COPS7A",0.00257500873621424,0.99258382704914,0.0813019081468246,0.82074697453357,FALSE
"PIAS2",0.00247051505597777,0.992948852503339,-0.16530777790139,0.251030778655733,FALSE
"WDR83",-0.00185949783992424,0.992948852503339,0.0391693282894194,0.890579201725601,FALSE
"TMEM209",0.00272968381428181,0.993808083861459,0.0844042676174559,0.766891824733784,FALSE
"KIAA0040",0.00154482404342086,0.993826454052706,0.0755306797432299,0.76926182736437,FALSE
"NCBP3",-0.00101673002195962,0.993832178490427,0.0309409053947223,0.857135705998251,FALSE
"LCORL",0.000752723294916254,0.994035419970293,0.0202746492148807,0.895395574783176,FALSE
"ZRANB1",-0.000720407793672043,0.994870691480652,0.0566220543982117,0.646838406404162,FALSE
"DYNC1H1",0.000505176949717123,0.995071767034904,-0.0334955323876354,0.766891824733784,FALSE
"QTRT2",-0.0019874793232013,0.995346646094709,-0.0748328044353829,0.84837203850279,FALSE
"AGGF1",0.00111765983035869,0.995545470731891,-0.0453503930892059,0.854218584652662,FALSE
"TYW1",-0.000488561759664829,0.995545470731891,0.0612170344857895,0.604781905503726,FALSE
"OPTN",-0.000741349090940881,0.995545470731891,0.0224071616417723,0.903530046319287,FALSE
"S100PBP",-0.000559652773832931,0.995588133905005,0.0402914672526438,0.789911060360374,FALSE
"HIP1",0.000354836840664371,0.995588133905005,-0.0278945075156602,0.851250591896346,FALSE
"AC027018.1",0.000862982228381621,0.995588133905005,0.0126716571130721,0.956689294785425,FALSE
"DLST",-0.000656809156026351,0.996371758329933,0.0216253296824895,0.912772268963329,FALSE
"ARFGEF1",-0.000274864906578292,0.997074472917388,-0.0118555441934586,0.912675504130572,FALSE
"HMG20A",-0.000437318013353,0.997908142669563,-0.0541001639994805,0.677636593494708,FALSE
"RDX",-0.000386937857876785,0.997935968604201,0.00045058421320431,0.997989392155182,FALSE
"EFHC1",-0.000364313562102148,0.998220673929271,0.0209637272608913,0.933817434203916,FALSE
"MAPK3",0.000545380747751584,0.998220673929271,0.0934601504333729,0.717821555260486,FALSE
"EIF3F",0.000535408130400966,0.998418358418639,-0.104210111688161,0.624872997965667,FALSE
"PSMD3",0.000521209572014502,0.998418358418639,-0.019215693459542,0.940194895920314,FALSE
"SHLD2",0.000166846220241744,0.998749657407184,-0.0178897183609097,0.908629331320518,FALSE
"PLEKHG2",0.000248743017859028,0.998749657407184,0.0199710969128844,0.939788484253318,FALSE
"MIOS",-0.000214816403564099,0.998893294238478,-0.0788381786258766,0.671046886023362,FALSE
"CLPTM1",-8.19605701184899e-05,0.999632289009982,0.10166377077069,0.669326053587441,FALSE
"RNF114",-3.59109435090527e-05,0.999743672905907,-0.0545680070198836,0.785999877417831,FALSE
